"CBSA","CBSA Code","Year","Days with AQI","Good Days","Moderate Days","Unhealthy for Sensitive Groups Days","Unhealthy Days","Very Unhealthy Days","Hazardous Days","Max AQI","90th Percentile AQI","Median AQI","Days CO","Days NO2","Days Ozone","Days SO2","Days PM2.5","Days PM10"
"Aberdeen, SD","10100",2004,123,106,17,0,0,0,0,85,54,30,0,0,0,0,115,8
"Aberdeen, WA","10140",2004,366,320,46,0,0,0,0,85,52,28,0,0,0,0,363,3
"Adrian, MI","10300",2004,183,138,40,5,0,0,0,150,77,43,0,0,183,0,0,0
"Aguadilla-Isabela, PR","10380",2004,73,69,4,0,0,0,0,65,43,20,0,0,0,0,73,0
"Akron, OH","10420",2004,366,114,182,64,6,0,0,163,112,63,0,0,66,118,182,0
"Albany, GA","10500",2004,117,57,57,3,0,0,0,114,75,52,0,0,0,0,109,8
"Albany, OR","10540",2004,265,197,61,7,0,0,0,125,67,28,0,0,0,0,265,0
"Albany-Schenectady-Troy, NY","10580",2004,366,280,69,15,2,0,0,190,74,41,3,0,290,17,56,0
"Albuquerque, NM","10740",2004,366,116,227,22,1,0,0,158,90,63,0,12,186,0,40,128
"Alexandria, LA","10780",2004,359,283,68,8,0,0,0,133,71,38,0,0,306,0,53,0
"Allentown-Bethlehem-Easton, PA-NJ","10900",2004,366,127,204,29,6,0,0,200,100,58,0,11,91,73,174,17
"Altoona, PA","11020",2004,365,275,81,9,0,0,0,123,69,41,0,84,184,89,0,8
"Amarillo, TX","11100",2004,125,121,4,0,0,0,0,64,41,24,0,0,0,0,125,0
"Americus, GA","11140",2004,237,177,58,2,0,0,0,112,71,42,0,0,237,0,0,0
"Ames, IA","11180",2004,203,200,3,0,0,0,0,67,42,32,0,0,203,0,0,0
"Anchorage, AK","11260",2004,307,267,38,1,0,0,1,501,55,24,127,0,0,0,78,102
"Ann Arbor, MI","11460",2004,351,271,73,7,0,0,0,147,75,38,0,0,274,0,77,0
"Appleton, WI","11540",2004,247,189,53,5,0,0,0,112,68,39,0,0,173,0,74,0
"Ardmore, OK","11620",2004,281,206,67,8,0,0,0,133,71,42,0,0,218,0,63,0
"Arkadelphia, AR","11660",2004,348,310,36,1,1,0,0,154,54,33,0,0,348,0,0,0
"Asheville, NC","11700",2004,357,155,194,8,0,0,0,133,81,52,0,0,111,0,246,0
"Ashtabula, OH","11780",2004,363,308,39,14,2,0,0,156,71,33,0,0,204,159,0,0
"Athens, OH","11900",2004,67,38,28,1,0,0,0,124,75,43,0,0,0,0,66,1
"Athens, TN","11940",2004,355,246,91,18,0,0,0,149,79,29,0,143,0,111,95,6
"Athens-Clarke County, GA","12020",2004,326,162,148,14,2,0,0,174,85,51,0,0,144,0,182,0
"Atlanta-Sandy Springs-Roswell, GA","12060",2004,366,66,245,45,9,1,0,207,115,67,0,15,116,24,210,1
"Atlantic City-Hammonton, NJ","12100",2004,345,280,60,5,0,0,0,133,64,36,0,0,268,7,69,1
"Augusta-Richmond County, GA-SC","12260",2004,366,129,213,21,3,0,0,159,93,58,0,0,120,2,244,0
"Augusta-Waterville, ME","12300",2004,209,189,16,4,0,0,0,147,50,30,0,0,180,0,0,29
"Austin-Round Rock, TX","12420",2004,366,294,59,11,2,0,0,166,77,35,0,14,351,0,0,1
"Bakersfield, CA","12540",2004,366,24,135,98,95,14,0,222,185,113,0,2,230,0,133,1
"Baltimore-Columbia-Towson, MD","12580",2004,366,98,215,46,6,1,0,202,108,63,0,9,92,22,242,1
"Bangor, ME","12620",2004,364,338,24,2,0,0,0,119,47,33,0,0,333,0,30,1
"Baraboo, WI","12660",2004,347,296,50,1,0,0,0,113,55,37,0,4,284,3,56,0
"Barnstable Town, MA","12700",2004,241,193,37,9,1,1,0,202,71,40,0,1,179,0,61,0
"Baton Rouge, LA","12940",2004,366,125,168,62,10,1,0,205,119,59,0,11,120,89,146,0
"Bay City, MI","13020",2004,120,85,35,0,0,0,0,97,73,31,0,0,0,0,120,0
"Beaumont-Port Arthur, TX","13140",2004,366,141,160,52,12,1,0,203,119,58,0,1,143,102,120,0
"Beaver Dam, WI","13180",2004,365,242,115,8,0,0,0,129,71,42,0,0,190,0,175,0
"Beckley, WV","13220",2004,118,65,53,0,0,0,0,94,72,46,0,0,0,0,118,0
"Bellingham, WA","13380",2004,363,343,20,0,0,0,0,97,42,27,0,0,137,0,225,1
"Bend-Redmond, OR","13460",2004,353,322,31,0,0,0,0,76,47,20,16,0,0,0,330,7
"Bennington, VT","13540",2004,360,317,37,5,1,0,0,164,53,33,0,0,312,0,48,0
"Berlin, NH-VT","13620",2004,246,154,81,8,3,0,0,159,80,46,0,0,163,0,83,0
"Billings, MT","13740",2004,366,146,199,20,0,1,0,202,92,56,2,0,0,348,16,0
"Birmingham-Hoover, AL","13820",2004,366,42,282,37,5,0,0,179,102,68,10,0,39,6,284,27
"Bishop, CA","13860",2004,366,168,138,35,2,3,20,5121,119,57,0,0,277,0,9,80
"Bismarck, ND","13900",2004,366,223,114,29,0,0,0,138,97,42,0,1,127,221,17,0
"Blackfoot, ID","13940",2004,53,50,3,0,0,0,0,62,41,19,0,0,0,0,0,53
"Blacksburg-Christiansburg-Radford, VA","13980",2004,359,296,55,8,0,0,0,108,67,40,0,0,359,0,0,0
"Bloomington, IL","14010",2004,361,306,55,0,0,0,0,97,60,36,0,0,327,0,34,0
"Bloomington, IN","14020",2004,183,122,56,5,0,0,0,119,84,46,0,0,183,0,0,0
"Bluefield, WV-VA","14140",2004,111,64,47,0,0,0,0,98,70,44,0,0,0,0,111,0
"Blytheville, AR","14180",2004,108,73,35,0,0,0,0,84,66,43,0,0,0,0,108,0
"Boise City, ID","14260",2004,366,222,132,12,0,0,0,134,80,46,21,0,181,0,120,44
"Boone, NC","14380",2004,118,69,49,0,0,0,0,93,72,43,0,0,0,0,118,0
"Boston-Cambridge-Newton, MA-NH","14460",2004,366,103,246,13,4,0,0,187,91,59,0,36,73,36,220,1
"Boulder, CO","14500",2004,366,302,64,0,0,0,0,97,58,41,21,0,290,0,52,3
"Bowling Green, KY","14540",2004,366,249,114,3,0,0,0,105,74,43,0,15,253,5,91,2
"Bozeman, MT","14580",2004,366,344,21,0,1,0,0,155,41,22,4,0,0,0,346,16
"Brainerd, MN","14660",2004,206,188,18,0,0,0,0,90,49,37,0,0,178,0,28,0
"Branson, MO","14700",2004,121,93,27,1,0,0,0,107,58,34,0,0,0,0,121,0
"Breckenridge, CO","14720",2004,221,213,8,0,0,0,0,64,27,13,0,0,0,0,0,221
"Bridgeport-Stamford-Norwalk, CT","14860",2004,366,259,84,18,4,1,0,205,81,42,3,80,148,66,69,0
"Brookings, SD","15100",2004,131,104,27,0,0,0,0,89,57,34,0,0,0,0,107,24
"Brownsville-Harlingen, TX","15180",2004,366,315,48,2,1,0,0,151,54,35,0,0,194,0,60,112
"Brunswick, GA","15260",2004,282,218,59,5,0,0,0,129,64,41,0,0,200,0,75,7
"Bucyrus, OH","15340",2004,360,310,43,7,0,0,0,147,61,34,0,0,360,0,0,0
"Buffalo-Cheektowaga-Niagara Falls, NY","15380",2004,366,186,110,69,1,0,0,157,113,50,0,63,112,146,44,1
"Burlington, NC","15500",2004,116,52,63,1,0,0,0,110,73,53,0,0,0,0,116,0
"Burlington-South Burlington, VT","15540",2004,366,309,52,5,0,0,0,129,58,36,0,45,263,0,58,0
"Butte-Silver Bow, MT","15580",2004,366,346,18,2,0,0,0,120,41,19,126,0,0,0,83,157
"Cadillac, MI","15620",2004,361,300,57,4,0,0,0,147,62,36,0,0,333,0,28,0
"Cambridge, MD","15700",2004,363,277,61,23,2,0,0,159,90,37,0,0,363,0,0,0
"Canton-Massillon, OH","15940",2004,366,242,108,15,1,0,0,151,83,42,52,0,162,30,92,30
"Cape Coral-Fort Myers, FL","15980",2004,361,292,62,7,0,0,0,136,63,38,0,0,313,0,43,5
"Carbondale-Marion, IL","16060",2004,61,61,0,0,0,0,0,41,30,18,0,0,0,0,0,61
"Carlsbad-Artesia, NM","16100",2004,365,298,67,0,0,0,0,93,61,41,0,17,323,6,19,0
"Carson City, NV","16180",2004,362,291,70,1,0,0,0,105,61,32,173,0,189,0,0,0
"Casper, WY","16220",2004,94,93,1,0,0,0,0,53,27,14,0,0,0,0,0,94
"Ca¤on City, CO","15860",2004,60,60,0,0,0,0,0,30,21,13,0,0,0,0,0,60
"Cedar Rapids, IA","16300",2004,366,190,154,21,1,0,0,157,84,49,1,0,99,98,166,2
"Centralia, WA","16500",2004,208,186,22,0,0,0,0,87,51,34,0,0,138,0,70,0
"Chambersburg-Waynesboro, PA","16540",2004,197,144,49,4,0,0,0,119,80,44,0,0,197,0,0,0
"Champaign-Urbana, IL","16580",2004,366,279,83,4,0,0,0,120,71,39,0,0,301,0,65,0
"Charleston, WV","16620",2004,366,205,150,11,0,0,0,147,84,47,0,0,102,154,93,17
"Charleston-North Charleston, SC","16700",2004,366,178,178,9,1,0,0,151,78,51,0,3,130,7,226,0
"Charlotte-Concord-Gastonia, NC-SC","16740",2004,366,98,226,38,3,1,0,202,102,60,0,14,123,16,213,0
"Charlottesville, VA","16820",2004,56,56,0,0,0,0,0,43,28,16,0,0,0,0,0,56
"Chattanooga, TN-GA","16860",2004,286,139,133,13,1,0,0,200,90,51,0,0,191,0,94,1
"Cheyenne, WY","16940",2004,118,114,4,0,0,0,0,82,33,18,0,0,0,0,95,23
"Chicago-Naperville-Elgin, IL-IN-WI","16980",2004,366,29,258,72,7,0,0,179,118,77,0,50,42,119,145,10
"Chico, CA","17020",2004,366,183,141,39,3,0,0,172,105,51,2,2,281,0,80,1
"Cincinnati, OH-KY-IN","17140",2004,366,58,195,97,16,0,0,200,126,77,0,7,67,195,97,0
"Claremont-Lebanon, NH-VT","17200",2004,364,329,28,6,1,0,0,174,50,35,0,0,333,0,31,0
"Clarksburg, WV","17220",2004,119,60,57,2,0,0,0,109,70,50,0,0,0,0,119,0
"Clarksville, TN-KY","17300",2004,366,228,126,12,0,0,0,136,77,44,0,0,266,18,82,0
"Clearlake, CA","17340",2004,362,343,19,0,0,0,0,87,47,35,0,0,357,0,5,0
"Cleveland, MS","17380",2004,355,214,137,4,0,0,0,119,72,46,0,0,96,0,259,0
"Cleveland, TN","17420",2004,366,322,33,10,1,0,0,171,56,25,0,157,0,177,0,32
"Cleveland-Elyria, OH","17460",2004,366,65,224,75,2,0,0,154,114,71,4,10,39,134,178,1
"Clinton, IA","17540",2004,361,286,70,5,0,0,0,122,61,35,0,0,183,14,69,95
"Coco, PR","17640",2004,338,234,86,18,0,0,0,127,86,31,0,0,0,338,0,0
"Coeur d'Alene, ID","17660",2004,365,249,112,4,0,0,0,143,63,39,0,0,0,0,356,9
"Coffeyville, KS","17700",2004,364,343,14,7,0,0,0,126,32,13,0,0,0,73,0,291
"Colorado Springs, CO","17820",2004,366,292,71,3,0,0,0,105,62,43,7,0,310,0,34,15
"Columbia, MO","17860",2004,112,80,32,0,0,0,0,87,60,39,0,0,0,0,112,0
"Columbia, SC","17900",2004,366,117,209,37,3,0,0,182,104,58,0,5,130,35,166,30
"Columbus, GA-AL","17980",2004,327,144,172,11,0,0,0,143,80,53,0,0,78,0,249,0
"Columbus, MS","18060",2004,112,67,44,1,0,0,0,103,65,46,0,0,0,0,112,0
"Columbus, OH","18140",2004,366,116,220,29,1,0,0,151,93,58,0,0,98,9,252,7
"Concord, NH","18180",2004,356,207,96,52,1,0,0,166,109,45,0,0,90,208,58,0
"Cookeville, TN","18260",2004,111,58,53,0,0,0,0,87,69,49,0,0,0,0,111,0
"Corning, NY","18500",2004,335,248,83,4,0,0,0,123,63,29,0,0,0,0,335,0
"Corpus Christi, TX","18580",2004,366,284,68,13,1,0,0,169,67,38,0,0,273,38,54,1
"Corvallis, OR","18700",2004,355,309,46,0,0,0,0,97,53,18,0,0,0,0,355,0
"Crescent City, CA","18860",2004,159,159,0,0,0,0,0,42,30,12,0,0,0,0,109,50
"Cullowhee, NC","19000",2004,251,168,80,3,0,0,0,115,71,44,0,0,159,0,92,0
"Dallas-Fort Worth-Arlington, TX","19100",2004,366,145,158,40,20,3,0,203,133,55,0,15,164,19,168,0
"Dalton, GA","19140",2004,284,190,89,5,0,0,0,133,80,44,0,0,205,0,79,0
"Daphne-Fairhope-Foley, AL","19300",2004,271,182,74,15,0,0,0,143,83,43,0,0,199,0,72,0
"Davenport-Moline-Rock Island, IA-IL","19340",2004,366,191,169,6,0,0,0,136,75,49,0,0,116,0,167,83
"Dayton, OH","19380",2004,366,231,118,17,0,0,0,147,80,44,91,0,177,1,96,1
"DeRidder, LA","19760",2004,366,317,42,7,0,0,0,133,61,35,0,0,366,0,0,0
"Decatur, AL","19460",2004,285,164,111,10,0,0,0,130,77,48,0,0,199,0,86,0
"Decatur, IL","19500",2004,365,299,66,0,0,0,0,87,61,37,0,0,249,73,43,0
"Deltona-Daytona Beach-Ormond Beach, FL","19660",2004,356,305,50,1,0,0,0,126,58,38,0,0,284,0,63,9
"Deming, NM","19700",2004,60,58,2,0,0,0,0,67,28,14,0,0,0,0,0,60
"Denver-Aurora-Lakewood, CO","19740",2004,366,131,209,26,0,0,0,136,90,56,1,90,167,12,72,24
"Des Moines-West Des Moines, IA","19780",2004,366,259,104,3,0,0,0,104,63,39,0,29,111,0,211,15
"Detroit-Warren-Dearborn, MI","19820",2004,366,98,191,76,1,0,0,151,115,68,0,15,38,126,163,24
"Dickinson, ND","19860",2004,263,256,7,0,0,0,0,72,44,29,0,0,204,0,59,0
"Dodge City, KS","19980",2004,54,54,0,0,0,0,0,32,27,17,0,0,0,0,0,54
"Dothan, AL","20020",2004,73,36,36,1,0,0,0,126,68,51,0,0,0,0,70,3
"Douglas, GA","20060",2004,56,35,21,0,0,0,0,89,63,45,0,0,0,0,56,0
"Dover, DE","20100",2004,263,166,84,13,0,0,0,147,87,45,0,0,169,0,94,0
"DuBois, PA","20180",2004,212,159,47,6,0,0,0,129,71,42,0,0,212,0,0,0
"Duluth, MN-WI","20260",2004,366,284,80,2,0,0,0,118,62,40,0,0,221,0,133,12
"Durango, CO","20420",2004,366,258,107,1,0,0,0,108,71,44,0,19,344,0,0,3
"Durham-Chapel Hill, NC","20500",2004,366,138,211,17,0,0,0,136,84,55,0,0,82,33,251,0
"Dyersburg, TN","20540",2004,111,79,32,0,0,0,0,91,62,40,0,0,0,0,111,0
"Eau Claire, WI","20740",2004,56,56,0,0,0,0,0,30,22,11,0,0,0,0,0,56
"Effingham, IL","20820",2004,207,170,35,2,0,0,0,112,64,40,0,0,207,0,0,0
"El Centro, CA","20940",2004,366,125,195,44,2,0,0,161,105,61,13,48,254,0,32,19
"El Dorado, AR","20980",2004,349,310,39,0,0,0,0,85,52,7,0,0,0,245,104,0
"El Paso, TX","21340",2004,366,145,186,29,4,2,0,261,100,54,7,66,151,0,36,106
"Elizabeth City, NC","21020",2004,209,158,46,5,0,0,0,126,74,43,0,0,209,0,0,0
"Elizabethtown-Fort Knox, KY","21060",2004,285,197,85,3,0,0,0,143,69,44,0,0,196,0,86,3
"Elkhart-Goshen, IN","21140",2004,241,154,81,6,0,0,0,133,78,44,0,0,155,0,86,0
"Elko, NV","21220",2004,359,353,6,0,0,0,0,62,33,17,0,0,0,0,18,341
"Ellensburg, WA","21260",2004,141,141,0,0,0,0,0,48,35,13,0,0,0,0,141,0
"Elmira, NY","21300",2004,362,338,22,2,0,0,0,101,47,34,0,0,330,32,0,0
"Emporia, KS","21380",2004,118,102,16,0,0,0,0,93,54,25,0,0,0,0,118,0
"Enid, OK","21420",2004,122,90,32,0,0,0,0,92,61,35,0,0,0,0,122,0
"Erie, PA","21500",2004,366,190,162,14,0,0,0,143,86,49,0,20,96,58,192,0
"Escanaba, MI","21540",2004,91,91,0,0,0,0,0,43,14,0,0,0,0,91,0,0
"Espa¤ola, NM","21580",2004,110,110,0,0,0,0,0,25,17,9,0,0,0,0,110,0
"Eufaula, AL-GA","21640",2004,49,28,20,1,0,0,0,106,71,45,0,0,0,0,49,0
"Eugene, OR","21660",2004,366,207,135,22,2,0,0,159,90,46,1,0,123,0,242,0
"Eureka-Arcata-Fortuna, CA","21700",2004,64,53,11,0,0,0,0,79,57,27,0,0,0,0,52,12
"Evansville, IN-KY","21780",2004,366,86,169,95,16,0,0,191,134,74,0,5,47,224,90,0
"Fairbanks, AK","21820",2004,225,182,25,5,4,3,6,503,81,24,155,0,0,0,70,0
"Fairmont, WV","21900",2004,118,48,68,2,0,0,0,137,74,54,0,0,0,0,118,0
"Fargo, ND-MN","22020",2004,366,342,24,0,0,0,0,87,48,34,0,19,280,0,45,22
"Farmington, NM","22140",2004,365,241,119,5,0,0,0,119,74,46,0,26,292,28,19,0
"Fayetteville, NC","22180",2004,366,250,105,11,0,0,0,147,84,39,101,0,170,0,95,0
"Fayetteville-Springdale-Rogers, AR-MO","22220",2004,92,66,26,0,0,0,0,74,58,39,0,0,0,0,92,0
"Findlay, OH","22300",2004,54,54,0,0,0,0,0,39,29,23,0,0,0,0,0,54
"Flagstaff, AZ","22380",2004,362,239,117,6,0,0,0,122,74,47,0,0,352,0,10,0
"Flint, MI","22420",2004,366,293,66,6,1,0,0,151,73,32,23,0,168,102,71,2
"Florence, SC","22500",2004,362,245,107,9,1,0,0,151,74,41,0,0,293,0,69,0
"Florence-Muscle Shoals, AL","22520",2004,366,295,70,1,0,0,0,102,61,38,0,0,183,101,82,0
"Fond du Lac, WI","22540",2004,191,167,22,2,0,0,0,112,58,37,0,0,191,0,0,0
"Fort Collins, CO","22660",2004,366,212,145,9,0,0,0,119,80,49,0,0,342,0,22,2
"Fort Madison-Keokuk, IA-IL-MO","22800",2004,118,116,2,0,0,0,0,61,34,19,0,0,0,0,0,118
"Fort Payne, AL","22840",2004,361,250,104,7,0,0,0,115,74,43,0,0,281,0,80,0
"Fort Smith, AR-OK","22900",2004,123,68,55,0,0,0,0,91,66,48,0,0,0,0,123,0
"Fort Wayne, IN","23060",2004,366,241,119,6,0,0,0,147,74,42,60,0,136,0,164,6
"Frankfort, KY","23180",2004,115,64,51,0,0,0,0,86,67,46,0,0,0,0,115,0
"Fresno, CA","23420",2004,366,59,175,107,25,0,0,195,143,86,0,14,225,0,126,1
"Gadsden, AL","23460",2004,284,178,102,4,0,0,0,112,77,46,0,0,184,0,98,2
"Gaffney, SC","23500",2004,362,325,35,2,0,0,0,115,51,34,0,0,362,0,0,0
"Gainesville, FL","23540",2004,364,270,85,9,0,0,0,147,74,40,0,0,307,0,53,4
"Gainesville, GA","23580",2004,116,44,72,0,0,0,0,99,73,54,0,0,0,0,116,0
"Gardnerville Ranchos, NV","23820",2004,349,347,2,0,0,0,0,74,44,22,255,0,94,0,0,0
"Georgetown, SC","23860",2004,364,261,100,3,0,0,0,112,65,38,0,0,0,37,92,235
"Gettysburg, PA","23900",2004,366,171,172,23,0,0,0,129,90,52,0,0,168,0,198,0
"Gillette, WY","23940",2004,366,204,157,3,0,0,2,521,70,49,0,17,174,42,9,124
"Glenwood Springs, CO","24060",2004,350,348,2,0,0,0,0,56,31,17,0,0,0,0,0,350
"Goldsboro, NC","24140",2004,122,63,58,1,0,0,0,111,69,48,0,0,0,0,120,2
"Grand Island, NE","24260",2004,106,86,20,0,0,0,0,80,59,31,0,0,0,0,106,0
"Grand Junction, CO","24300",2004,351,305,45,1,0,0,0,117,54,24,128,0,0,0,110,113
"Grand Rapids-Wyoming, MI","24340",2004,366,209,148,9,0,0,0,140,80,44,0,49,117,1,198,1
"Grants Pass, OR","24420",2004,366,273,92,1,0,0,0,107,63,28,9,0,0,0,357,0
"Great Falls, MT","24500",2004,366,333,32,1,0,0,0,101,47,16,147,0,0,155,64,0
"Greeley, CO","24540",2004,364,238,124,2,0,0,0,101,74,44,25,0,289,0,48,2
"Green Bay, WI","24580",2004,365,280,77,8,0,0,0,143,66,36,0,0,153,145,67,0
"Greensboro-High Point, NC","24660",2004,366,148,199,19,0,0,0,150,87,54,13,0,92,0,261,0
"Greenville, NC","24780",2004,260,174,79,7,0,0,0,129,77,43,0,0,167,0,93,0
"Greenville-Anderson-Mauldin, SC","24860",2004,366,124,223,19,0,0,0,140,89,58,0,22,102,1,240,1
"Greenwood, SC","24940",2004,262,159,95,8,0,0,0,150,81,45,0,0,170,0,92,0
"Grenada, MS","24980",2004,47,32,15,0,0,0,0,79,66,43,0,0,0,0,47,0
"Guayama, PR","25020",2004,347,335,11,1,0,0,0,103,31,7,0,0,0,232,50,65
"Gulfport-Biloxi-Pascagoula, MS","25060",2004,359,167,164,25,3,0,0,164,92,52,0,5,130,25,199,0
"Hagerstown-Martinsburg, MD-WV","25180",2004,265,152,102,10,1,0,0,161,87,47,0,0,166,0,99,0
"Hammond, LA","25220",2004,119,80,38,1,0,0,0,106,64,39,0,0,0,0,119,0
"Hanford-Corcoran, CA","25260",2004,365,167,134,56,8,0,0,172,112,55,0,91,211,0,48,15
"Harrisburg-Carlisle, PA","25420",2004,366,144,199,22,1,0,0,151,92,58,0,29,67,15,254,1
"Harrison, AR","25460",2004,360,284,71,5,0,0,0,133,67,40,0,0,330,0,30,0
"Harrisonburg, VA","25500",2004,366,366,0,0,0,0,0,47,35,24,0,249,0,93,0,24
"Hartford-West Hartford-East Hartford, CT","25540",2004,366,234,111,18,3,0,0,192,76,44,14,30,166,0,156,0
"Hattiesburg, MS","25620",2004,120,63,56,1,0,0,0,101,75,48,0,0,0,0,120,0
"Helena, MT","25740",2004,311,292,17,2,0,0,0,132,39,17,0,0,0,0,90,221
"Helena-West Helena, AR","25760",2004,114,80,34,0,0,0,0,88,60,42,0,0,0,0,114,0
"Hermiston-Pendleton, OR","25840",2004,358,268,83,6,1,0,0,152,74,26,0,0,0,0,351,7
"Hickory-Lenoir-Morganton, NC","25860",2004,265,152,106,7,0,0,0,122,80,47,0,0,151,0,112,2
"Hilo, HI","25900",2004,366,221,15,55,75,0,0,200,200,11,0,0,0,316,50,0
"Hilton Head Island-Bluffton-Beaufort, SC","25940",2004,99,59,39,1,0,0,0,101,68,42,0,0,0,0,99,0
"Hobbs, NM","26020",2004,199,187,12,0,0,0,0,77,48,34,0,22,93,0,79,5
"Holland, MI","26090",2004,360,214,131,14,0,1,0,202,81,44,0,0,142,0,218,0
"Homosassa Springs, FL","26140",2004,119,98,20,0,1,0,0,152,54,34,0,0,0,0,119,0
"Hot Springs, AR","26300",2004,98,66,32,0,0,0,0,88,63,43,0,0,0,0,98,0
"Houghton, MI","26340",2004,121,116,5,0,0,0,0,71,33,10,0,0,0,0,121,0
"Houma-Thibodaux, LA","26380",2004,366,235,112,19,0,0,0,143,80,44,0,0,195,0,171,0
"Houston-The Woodlands-Sugar Land, TX","26420",2004,366,70,202,53,31,10,0,221,154,68,0,33,129,85,108,11
"Huntington, IN","26540",2004,174,151,20,3,0,0,0,115,64,41,0,0,174,0,0,0
"Huntington-Ashland, WV-KY-OH","26580",2004,366,172,182,12,0,0,0,136,84,52,0,36,116,146,68,0
"Huntsville, AL","26620",2004,365,240,113,12,0,0,0,150,77,43,0,3,271,1,81,9
"Idaho Falls, ID","26820",2004,350,287,61,1,1,0,0,153,60,44,0,0,324,0,26,0
"Indiana, PA","26860",2004,61,42,12,7,0,0,0,123,101,33,0,10,0,51,0,0
"Indianapolis-Carmel-Anderson, IN","26900",2004,366,82,225,57,2,0,0,164,106,67,1,16,70,108,170,1
"Iowa City, IA","26980",2004,122,85,34,3,0,0,0,108,67,38,0,0,0,0,122,0
"Iron Mountain, MI-WI","27020",2004,182,166,15,1,0,0,0,112,49,37,0,0,182,0,0,0
"Ithaca, NY","27060",2004,352,302,48,2,0,0,0,108,55,36,0,0,305,0,47,0
"Jackson, MS","27140",2004,366,175,185,6,0,0,0,140,74,51,0,0,70,3,293,0
"Jackson, TN","27180",2004,63,61,2,0,0,0,0,62,34,17,0,0,0,0,13,50
"Jackson, WY-ID","27220",2004,354,311,43,0,0,0,0,94,52,43,6,0,325,0,20,3
"Jacksonville, FL","27260",2004,366,114,222,25,4,1,0,277,94,57,0,5,79,49,210,23
"Jacksonville, NC","27340",2004,117,71,46,0,0,0,0,82,67,44,0,0,0,0,110,7
"Jamestown-Dunkirk-Fredonia, NY","27460",2004,366,229,102,31,4,0,0,161,100,43,0,0,227,107,32,0
"Janesville-Beloit, WI","27500",2004,198,164,31,3,0,0,0,136,71,40,0,0,198,0,0,0
"Jasper, IN","27540",2004,365,216,121,26,2,0,0,194,90,39,0,0,0,274,91,0
"Johnstown, PA","27780",2004,366,232,120,13,1,0,0,177,84,44,1,58,120,90,82,15
"Joplin, MO","27900",2004,365,311,54,0,0,0,0,99,58,21,0,0,0,0,16,349
"Juneau, AK","27940",2004,122,108,14,0,0,0,0,88,52,22,0,0,0,0,112,10
"Kahului-Wailuku-Lahaina, HI","27980",2004,324,321,3,0,0,0,0,56,29,17,0,0,0,0,80,244
"Kalamazoo-Portage, MI","28020",2004,241,161,78,2,0,0,0,105,74,43,0,0,148,0,93,0
"Kalispell, MT","28060",2004,366,309,56,0,1,0,0,152,55,38,29,0,198,0,64,75
"Kansas City, MO-KS","28140",2004,366,121,199,44,2,0,0,200,105,58,0,24,109,79,154,0
"Kapaa, HI","28180",2004,52,52,0,0,0,0,0,26,19,14,0,0,0,0,0,52
"Keene, NH","28300",2004,255,230,22,3,0,0,0,136,50,34,0,0,163,50,42,0
"Kennewick-Richland, WA","28420",2004,366,304,59,1,1,0,1,435,56,32,0,0,0,0,324,42
"Kingsport-Bristol-Bristol, TN-VA","28700",2004,366,96,151,113,6,0,0,200,121,76,4,15,48,261,38,0
"Kingston, NY","28740",2004,366,321,37,8,0,0,0,143,54,37,0,0,358,6,0,2
"Kingsville, TX","28780",2004,60,54,6,0,0,0,0,67,51,33,0,0,0,0,60,0
"Kinston, NC","28820",2004,253,177,73,3,0,0,0,126,74,41,0,0,155,0,98,0
"Klamath Falls, OR","28900",2004,366,276,69,18,3,0,0,159,87,28,2,0,0,0,361,3
"Knoxville, TN","28940",2004,366,23,233,99,11,0,0,190,129,82,0,0,96,166,94,10
"Kokomo, IN","29020",2004,114,56,58,0,0,0,0,99,70,51,0,0,0,0,114,0
"La Grande, OR","29260",2004,365,302,62,1,0,0,0,104,56,25,0,0,0,0,346,19
"Laconia, NH","29060",2004,213,182,28,3,0,0,0,143,54,37,0,0,175,0,38,0
"Lafayette, LA","29180",2004,366,275,72,18,1,0,0,164,77,38,0,0,309,0,57,0
"Lafayette-West Lafayette, IN","29200",2004,237,150,83,4,0,0,0,115,77,46,0,0,153,0,84,0
"Lake Charles, LA","29340",2004,366,226,126,13,1,0,0,154,80,45,0,1,186,16,163,0
"Lake City, FL","29380",2004,358,309,45,4,0,0,0,122,58,36,0,0,358,0,0,0
"Lake Havasu City-Kingman, AZ","29420",2004,122,119,3,0,0,0,0,84,34,18,0,0,0,0,90,32
"Lakeland-Winter Haven, FL","29460",2004,365,272,78,15,0,0,0,122,71,41,0,0,257,37,62,9
"Lancaster, PA","29540",2004,366,228,120,17,1,0,0,182,87,44,0,87,144,39,87,9
"Lansing-East Lansing, MI","29620",2004,240,166,71,3,0,0,0,129,74,40,0,0,163,0,77,0
"Laramie, WY","29660",2004,356,208,143,5,0,0,0,122,77,48,0,0,345,0,0,11
"Laredo, TX","29700",2004,366,339,27,0,0,0,0,87,47,31,29,0,266,0,0,71
"Las Cruces, NM","29740",2004,366,130,199,30,4,2,1,1006,101,58,1,11,187,0,32,135
"Las Vegas-Henderson-Paradise, NV","29820",2004,366,101,218,44,3,0,0,165,105,63,2,11,225,0,102,26
"Laurel, MS","29860",2004,118,56,62,0,0,0,0,97,74,52,0,0,0,0,118,0
"Lawrence, KS","29940",2004,362,333,29,0,0,0,0,97,49,35,0,0,362,0,0,0
"Lawrenceburg, TN","29980",2004,281,192,84,5,0,0,0,105,74,43,0,0,206,0,75,0
"Lawton, OK","30020",2004,366,268,86,11,1,0,0,151,77,40,0,0,331,0,35,0
"Lewiston, ID-WA","30300",2004,307,283,24,0,0,0,0,74,48,25,0,0,0,0,280,27
"Lewiston-Auburn, ME","30340",2004,182,162,16,4,0,0,0,143,51,31,0,0,145,0,0,37
"Lexington, NE","30420",2004,61,50,11,0,0,0,0,95,54,33,0,0,0,0,0,61
"Lexington-Fayette, KY","30460",2004,366,259,106,1,0,0,0,108,71,42,0,65,157,40,104,0
"Lima, OH","30620",2004,366,314,47,5,0,0,0,129,61,31,0,0,210,133,0,23
"Lincoln, NE","30700",2004,366,342,23,1,0,0,0,103,48,31,109,0,187,0,70,0
"Little Rock-North Little Rock-Conway, AR","30780",2004,366,148,206,11,1,0,0,151,79,54,0,6,107,0,253,0
"Logan, UT-ID","30860",2004,366,236,91,20,19,0,0,191,104,45,0,73,142,0,146,5
"London, KY","30940",2004,65,26,39,0,0,0,0,97,73,53,0,0,0,0,65,0
"Longview, TX","30980",2004,365,263,84,16,2,0,0,197,84,40,0,4,272,20,69,0
"Longview, WA","31020",2004,345,282,63,0,0,0,0,95,59,21,0,0,0,0,329,16
"Los Alamos, NM","31060",2004,117,117,0,0,0,0,0,32,19,10,0,0,0,0,117,0
"Los Angeles-Long Beach-Anaheim, CA","31080",2004,366,21,184,87,70,4,0,229,169,91,0,41,184,0,141,0
"Louisville/Jefferson County, KY-IN","31140",2004,366,77,212,73,4,0,0,192,114,68,0,2,62,144,158,0
"Lubbock, TX","31180",2004,56,51,5,0,0,0,0,74,49,27,0,0,0,0,56,0
"Ludington, MI","31220",2004,178,135,39,4,0,0,0,136,84,38,0,0,178,0,0,0
"Lumberton, NC","31300",2004,120,63,56,1,0,0,0,111,69,49,0,0,0,0,120,0
"Lynchburg, VA","31340",2004,118,65,53,0,0,0,0,97,70,48,0,0,0,0,118,0
"Macon, GA","31420",2004,366,175,173,14,4,0,0,169,90,52,0,0,121,0,245,0
"Madera, CA","31460",2004,340,214,103,23,0,0,0,147,93,44,0,49,291,0,0,0
"Madison, IN","31500",2004,366,318,44,4,0,0,0,116,55,21,0,0,0,366,0,0
"Madison, WI","31540",2004,247,180,62,5,0,0,0,124,67,42,0,0,169,0,78,0
"Malone, NY","31660",2004,366,365,1,0,0,0,0,71,32,11,0,0,90,44,0,232
"Manchester-Nashua, NH","31700",2004,366,278,77,8,3,0,0,179,71,38,5,94,163,44,59,1
"Manhattan, KS","31740",2004,364,323,41,0,0,0,0,100,51,38,0,0,364,0,0,0
"Manitowoc, WI","31820",2004,240,190,43,7,0,0,0,143,67,37,0,0,168,0,72,0
"Marietta, OH","31930",2004,237,177,52,8,0,0,0,129,80,43,0,0,210,0,0,27
"Marion, NC","32000",2004,116,51,63,2,0,0,0,103,76,53,0,0,0,0,116,0
"Marshall, TX","32220",2004,363,270,84,9,0,0,0,150,71,38,0,3,290,0,70,0
"Mason City, IA","32380",2004,366,285,79,2,0,0,0,118,62,32,0,0,0,7,81,278
"Mayaguez, PR","32420",2004,100,94,6,0,0,0,0,61,45,25,0,0,0,0,100,0
"Mayfield, KY","32460",2004,245,209,35,1,0,0,0,108,54,39,0,0,245,0,0,0
"McAlester, OK","32540",2004,364,289,72,3,0,0,0,105,64,39,0,0,303,0,61,0
"McAllen-Edinburg-Mission, TX","32580",2004,366,304,60,1,1,0,0,156,56,36,0,0,245,0,77,44
"Medford, OR","32780",2004,366,231,125,10,0,0,0,119,81,43,8,0,146,0,207,5
"Memphis, TN-MS-AR","32820",2004,366,86,243,34,3,0,0,169,101,60,1,6,105,49,205,0
"Merced, CA","32900",2004,365,162,127,62,13,1,0,204,126,58,0,37,282,0,45,1
"Meridian, MS","32940",2004,280,195,83,2,0,0,0,108,71,44,0,0,189,0,91,0
"Miami, OK","33060",2004,365,287,70,7,1,0,0,169,67,41,0,28,246,1,28,62
"Miami-Fort Lauderdale-West Palm Beach, FL","33100",2004,366,173,179,11,3,0,0,161,79,52,10,10,71,15,260,0
"Michigan City-La Porte, IN","33140",2004,366,276,85,5,0,0,0,119,69,35,0,0,158,123,85,0
"Middlesborough, KY","33180",2004,263,195,66,2,0,0,0,115,67,44,0,0,221,0,42,0
"Milwaukee-Waukesha-West Allis, WI","33340",2004,366,248,102,15,1,0,0,187,71,41,0,76,156,16,109,9
"Minneapolis-St. Paul-Bloomington, MN-WI","33460",2004,366,171,177,18,0,0,0,136,84,52,0,7,74,28,242,15
"Missoula, MT","33540",2004,251,217,29,3,2,0,0,157,57,24,59,0,0,0,116,76
"Mobile, AL","33660",2004,362,249,91,18,3,1,0,238,87,42,0,0,190,19,72,81
"Modesto, CA","33700",2004,366,208,123,31,4,0,0,159,100,47,4,77,237,0,46,2
"Monroe, LA","33740",2004,365,287,72,6,0,0,0,122,67,37,0,0,285,17,63,0
"Monroe, MI","33780",2004,120,64,54,2,0,0,0,109,81,45,0,0,0,0,120,0
"Montgomery, AL","33860",2004,284,179,98,7,0,0,0,129,77,46,0,0,188,0,96,0
"Morehead City, NC","33980",2004,365,323,39,3,0,0,0,143,51,37,0,0,365,0,0,0
"Morgan City, LA","34020",2004,349,277,62,9,1,0,0,154,77,34,0,0,349,0,0,0
"Morgantown, WV","34060",2004,366,215,108,36,7,0,0,200,102,44,0,0,99,190,77,0
"Morristown, TN","34100",2004,243,153,77,13,0,0,0,140,84,46,0,0,243,0,0,0
"Moscow, ID","34140",2004,292,272,20,0,0,0,0,64,43,20,0,0,0,0,292,0
"Moses Lake, WA","34180",2004,363,319,42,2,0,0,0,125,52,26,0,0,0,0,363,0
"Mount Vernon, IL","34500",2004,213,152,57,4,0,0,0,105,80,44,0,0,213,0,0,0
"Mount Vernon, OH","34540",2004,208,163,36,9,0,0,0,143,84,43,0,0,208,0,0,0
"Mount Vernon-Anacortes, WA","34580",2004,366,361,4,1,0,0,0,104,41,29,0,43,306,17,0,0
"Mountain Home, ID","34300",2004,274,221,53,0,0,0,0,80,58,42,0,60,214,0,0,0
"Muncie, IN","34620",2004,237,147,87,3,0,0,0,133,78,46,0,0,160,0,77,0
"Muscatine, IA","34700",2004,366,229,93,43,1,0,0,153,106,36,0,0,0,182,68,116
"Muskegon, MI","34740",2004,243,176,63,4,0,0,0,129,71,37,0,0,162,0,81,0
"Muskogee, OK","34780",2004,363,297,61,5,0,0,0,125,58,27,0,0,0,71,102,190
"Myrtle Beach-Conway-North Myrtle Beach, SC-NC","34820",2004,118,66,52,0,0,0,0,91,66,48,0,0,0,0,118,0
"Napa, CA","34900",2004,365,354,9,2,0,0,0,105,40,31,4,90,264,0,0,7
"Naples-Immokalee-Marco Island, FL","34940",2004,356,315,37,4,0,0,0,122,54,34,0,0,356,0,0,0
"Nashville-Davidson--Murfreesboro--Franklin, TN","34980",2004,366,131,213,21,1,0,0,156,90,55,1,6,129,9,221,0
"Natchez, MS-LA","35020",2004,280,189,87,4,0,0,0,119,75,43,0,0,200,0,80,0
"New Castle, IN","35220",2004,117,68,49,0,0,0,0,85,75,46,0,0,0,0,117,0
"New Castle, PA","35260",2004,365,260,94,11,0,0,0,139,81,39,1,90,120,134,0,20
"New Haven-Milford, CT","35300",2004,366,125,225,14,1,1,0,206,87,56,0,16,56,11,258,25
"New Orleans-Metairie, LA","35380",2004,366,146,185,30,5,0,0,200,97,54,2,11,111,41,200,1
"New Philadelphia-Dover, OH","35420",2004,354,283,66,5,0,0,0,127,60,29,0,0,0,354,0,0
"New York-Newark-Jersey City, NY-NJ-PA","35620",2004,366,77,233,45,10,1,0,201,112,65,0,55,103,72,135,1
"Newport, OR","35440",2004,139,138,1,0,0,0,0,71,9,4,0,0,0,139,0,0
"Niles-Benton Harbor, MI","35660",2004,240,156,78,6,0,0,0,126,80,42,0,0,167,0,73,0
"Nogales, AZ","35700",2004,62,40,22,0,0,0,0,93,61,46,0,0,0,0,47,15
"North Platte, NE","35820",2004,102,93,9,0,0,0,0,66,44,27,0,0,0,0,102,0
"North Port-Sarasota-Bradenton, FL","35840",2004,366,233,101,27,5,0,0,182,93,46,1,0,326,7,32,0
"Norwich-New London, CT","35980",2004,239,188,47,3,1,0,0,174,68,40,0,0,155,0,84,0
"Ocala, FL","36100",2004,353,272,74,7,0,0,0,143,71,40,0,0,292,0,61,0
"Odessa, TX","36220",2004,124,109,15,0,0,0,0,72,52,30,0,0,0,0,124,0
"Ogden-Clearfield, UT","36260",2004,366,186,163,14,3,0,0,161,86,50,6,161,143,2,46,8
"Ogdensburg-Massena, NY","36300",2004,114,94,19,1,0,0,0,101,59,22,0,0,0,0,114,0
"Oklahoma City, OK","36420",2004,366,224,129,13,0,0,0,140,84,47,0,33,205,0,128,0
"Olympia-Tumwater, WA","36500",2004,364,269,93,2,0,0,0,116,67,36,0,0,121,0,243,0
"Omaha-Council Bluffs, NE-IA","36540",2004,366,193,161,12,0,0,0,142,77,50,2,0,125,15,147,77
"Orangeburg, SC","36700",2004,308,248,56,4,0,0,0,115,67,35,0,30,233,24,21,0
"Orlando-Kissimmee-Sanford, FL","36740",2004,366,200,152,12,2,0,0,159,80,49,4,2,146,0,214,0
"Othello, WA","36830",2004,366,341,25,0,0,0,0,83,45,25,0,0,0,0,366,0
"Ottawa-Peru, IL","36860",2004,364,307,56,1,0,0,0,104,55,25,0,0,0,0,110,254
"Owensboro, KY","36980",2004,366,199,148,19,0,0,0,150,87,49,0,19,150,124,64,9
"Oxford, NC","37080",2004,214,131,64,19,0,0,0,147,100,46,0,0,214,0,0,0
"Oxnard-Thousand Oaks-Ventura, CA","37100",2004,366,161,125,66,14,0,0,182,129,57,0,23,305,0,38,0
"Paducah, KY-IL","37140",2004,366,246,117,3,0,0,0,122,71,44,0,43,175,60,80,8
"Pahrump, NV","37220",2004,366,302,60,4,0,0,0,149,56,32,0,0,0,0,0,366
"Palatka, FL","37260",2004,365,342,23,0,0,0,0,74,40,22,0,0,0,54,0,311
"Palm Bay-Melbourne-Titusville, FL","37340",2004,354,294,59,1,0,0,0,105,62,38,0,0,304,0,39,11
"Panama City, FL","37460",2004,359,259,80,18,2,0,0,166,80,43,0,0,294,0,59,6
"Parkersburg-Vienna, WV","37620",2004,364,181,148,32,3,0,0,173,100,51,0,0,95,199,70,0
"Payson, AZ","37740",2004,366,81,121,140,24,0,0,200,135,91,0,0,66,289,9,2
"Pensacola-Ferry Pass-Brent, FL","37860",2004,363,146,178,36,3,0,0,156,101,54,0,0,125,41,197,0
"Peoria, IL","37900",2004,366,203,125,33,5,0,0,197,102,46,12,0,146,156,51,1
"Philadelphia-Camden-Wilmington, PA-NJ-DE-MD","37980",2004,366,71,227,57,11,0,0,195,112,68,0,30,93,88,155,0
"Phoenix-Mesa-Scottsdale, AZ","38060",2004,366,60,251,52,2,0,1,385,108,69,1,102,184,0,29,50
"Picayune, MS","38100",2004,118,72,45,1,0,0,0,115,72,42,0,0,0,0,118,0
"Pittsburgh, PA","38300",2004,366,39,193,109,25,0,0,200,138,87,0,2,29,231,104,0
"Pittsfield, MA","38340",2004,217,149,63,4,1,0,0,151,75,43,0,0,132,0,85,0
"Platteville, WI","38420",2004,114,78,34,2,0,0,0,124,65,40,0,0,0,0,114,0
"Pocatello, ID","38540",2004,366,215,143,6,2,0,0,172,69,46,0,13,0,115,230,8
"Point Pleasant, WV-OH","38580",2004,364,299,53,12,0,0,0,145,61,19,0,0,0,341,23,0
"Ponca City, OK","38620",2004,366,229,114,23,0,0,0,147,86,46,0,12,203,67,48,36
"Ponce, PR","38660",2004,116,99,17,0,0,0,0,68,55,29,0,0,0,0,68,48
"Port Angeles, WA","38820",2004,366,302,64,0,0,0,0,76,57,32,0,0,134,4,228,0
"Port St. Lucie, FL","38940",2004,335,286,44,5,0,0,0,126,54,36,0,25,251,0,59,0
"Portland-South Portland, ME","38860",2004,366,308,46,11,1,0,0,187,63,38,0,87,244,13,15,7
"Portland-Vancouver-Hillsboro, OR-WA","38900",2004,366,227,125,12,2,0,0,166,79,43,8,0,93,0,265,0
"Portsmouth, OH","39020",2004,365,287,75,3,0,0,0,128,61,27,0,0,0,241,105,19
"Pottsville, PA","39060",2004,365,344,18,3,0,0,0,118,43,20,4,0,0,361,0,0
"Prescott, AZ","39140",2004,258,140,107,11,0,0,0,140,84,49,0,0,203,0,46,9
"Providence-Warwick, RI-MA","39300",2004,366,184,159,19,3,1,0,205,84,50,0,16,102,56,192,0
"Provo-Orem, UT","39340",2004,366,175,163,15,13,0,0,165,93,51,1,99,135,0,124,7
"Pueblo, CO","39380",2004,125,118,7,0,0,0,0,68,45,27,0,0,0,0,85,40
"Pullman, WA","39420",2004,366,339,27,0,0,0,0,75,43,24,0,0,0,0,366,0
"Quincy, IL-MO","39500",2004,366,322,44,0,0,0,0,100,51,35,0,0,317,26,23,0
"Racine, WI","39540",2004,182,154,26,1,1,0,0,164,67,35,0,0,182,0,0,0
"Raleigh, NC","39580",2004,366,160,183,23,0,0,0,150,91,54,11,0,121,1,233,0
"Rapid City, SD","39660",2004,366,243,122,1,0,0,0,102,66,44,0,0,95,0,48,223
"Reading, PA","39740",2004,366,234,114,17,1,0,0,151,84,42,0,109,96,80,78,3
"Red Bluff, CA","39780",2004,304,189,67,47,1,0,0,159,108,42,0,0,287,0,0,17
"Red Wing, MN","39860",2004,183,157,26,0,0,0,0,97,54,40,0,1,182,0,0,0
"Redding, CA","39820",2004,366,254,75,34,3,0,0,177,101,44,0,0,350,0,16,0
"Reno, NV","39900",2004,366,244,116,6,0,0,0,126,74,45,18,0,313,0,24,11
"Richmond, IN","39980",2004,366,240,96,30,0,0,0,127,96,26,0,0,0,366,0,0
"Richmond, VA","40060",2004,366,141,191,32,2,0,0,164,100,54,0,44,101,66,155,0
"Richmond-Berea, KY","40080",2004,120,61,59,0,0,0,0,96,69,50,0,0,0,0,111,9
"Riverside-San Bernardino-Ontario, CA","40140",2004,366,37,139,89,74,27,0,242,190,105,0,37,200,0,126,3
"Riverton, WY","40180",2004,305,271,30,4,0,0,0,126,55,14,0,0,0,206,77,22
"Roanoke, VA","40220",2004,366,257,103,6,0,0,0,126,70,40,0,120,149,1,93,3
"Rochester, MN","40340",2004,358,243,110,3,2,0,0,154,71,41,0,0,117,0,241,0
"Rochester, NY","40380",2004,366,304,57,5,0,0,0,108,58,36,2,0,214,92,58,0
"Rock Springs, WY","40540",2004,366,323,39,1,2,0,1,412,53,20,0,0,0,0,0,366
"Rockford, IL","40420",2004,366,324,38,4,0,0,0,132,54,32,15,0,320,0,31,0
"Rockland, ME","40500",2004,181,159,18,4,0,0,0,115,58,36,0,0,181,0,0,0
"Rocky Mount, NC","40580",2004,353,266,81,6,0,0,0,122,74,36,0,0,173,89,91,0
"Rome, GA","40660",2004,366,260,103,3,0,0,0,121,74,23,0,0,0,257,107,2
"Roswell, NM","40740",2004,120,106,14,0,0,0,0,71,53,29,0,0,0,0,119,1
"Ruidoso, NM","40760",2004,118,118,0,0,0,0,0,34,24,10,0,0,0,0,118,0
"Russellville, AR","40780",2004,119,68,51,0,0,0,0,99,64,42,0,0,0,0,119,0
"Rutland, VT","40860",2004,335,283,50,2,0,0,0,102,58,25,4,177,0,61,90,3
"Sacramento--Roseville--Arden-Arcade, CA","40900",2004,366,63,191,89,23,0,0,192,140,80,0,8,231,0,125,2
"Safford, AZ","40940",2004,61,60,1,0,0,0,0,73,24,13,0,0,0,0,0,61
"Saginaw, MI","40980",2004,118,85,33,0,0,0,0,93,76,29,0,0,0,0,118,0
"Salem, OH","41400",2004,364,252,81,29,2,0,0,156,94,26,0,0,0,318,0,46
"Salem, OR","41420",2004,366,304,60,2,0,0,0,115,62,31,43,0,135,0,188,0
"Salinas, CA","41500",2004,366,342,21,3,0,0,0,129,47,35,0,31,320,0,8,7
"Salisbury, MD-DE","41540",2004,263,147,98,16,2,0,0,154,97,48,0,0,183,0,80,0
"Salt Lake City, UT","41620",2004,366,132,179,34,21,0,0,171,116,59,0,78,128,6,125,29
"San Antonio-New Braunfels, TX","41700",2004,366,271,72,16,7,0,0,174,84,41,0,61,289,0,0,16
"San Diego-Carlsbad, CA","41740",2004,366,75,236,49,6,0,0,174,112,67,0,46,197,2,118,3
"San Francisco-Oakland-Hayward, CA","41860",2004,366,192,148,25,1,0,0,160,93,48,0,30,112,3,221,0
"San Jose-Sunnyvale-Santa Clara, CA","41940",2004,366,188,147,31,0,0,0,147,95,50,0,20,212,0,134,0
"San Juan-Carolina-Caguas, PR","41980",2004,366,285,81,0,0,0,0,99,57,37,91,1,0,41,121,112
"San Luis Obispo-Paso Robles-Arroyo Grande, CA","42020",2004,366,195,135,36,0,0,0,134,100,49,0,10,214,127,11,4
"Sandpoint, ID","41760",2004,345,340,5,0,0,0,0,63,31,13,0,0,0,0,27,318
"Santa Cruz-Watsonville, CA","42100",2004,366,345,18,3,0,0,0,143,47,36,0,5,338,1,11,11
"Santa Fe, NM","42140",2004,366,365,1,0,0,0,0,64,26,16,53,0,0,0,313,0
"Santa Maria-Santa Barbara, CA","42200",2004,366,217,130,17,2,0,0,192,87,48,0,7,347,0,12,0
"Santa Rosa, CA","42220",2004,366,336,29,1,0,0,0,122,46,33,0,60,264,0,40,2
"Sault Ste. Marie, MI","42300",2004,124,106,18,0,0,0,0,94,58,25,0,0,0,0,124,0
"Savannah, GA","42340",2004,366,160,189,17,0,0,0,126,82,52,0,0,52,72,240,2
"Scottsbluff, NE","42420",2004,87,83,4,0,0,0,0,58,43,21,0,0,0,0,87,0
"Scottsboro, AL","42460",2004,365,276,76,12,1,0,0,200,74,39,0,6,297,62,0,0
"Scranton--Wilkes-Barre--Hazleton, PA","42540",2004,366,203,152,11,0,0,0,136,77,45,0,33,82,10,241,0
"Searcy, AR","42620",2004,119,63,56,0,0,0,0,95,67,48,0,0,0,0,119,0
"Seattle-Tacoma-Bellevue, WA","42660",2004,366,144,200,19,3,0,0,154,92,54,0,7,95,1,263,0
"Sebastian-Vero Beach, FL","42680",2004,296,247,46,3,0,0,0,112,67,39,0,0,296,0,0,0
"Sebring, FL","42700",2004,338,291,43,4,0,0,0,108,61,38,0,0,338,0,0,0
"Seneca, SC","42860",2004,364,277,80,7,0,0,0,147,71,40,0,0,312,10,42,0
"Sevierville, TN","42940",2004,361,201,142,17,1,0,0,151,90,48,0,0,361,0,0,0
"Seymour, IN","42980",2004,180,137,42,1,0,0,0,119,71,44,0,0,180,0,0,0
"Sheboygan, WI","43100",2004,184,152,21,11,0,0,0,140,77,37,0,0,184,0,0,0
"Shelton, WA","43220",2004,366,293,72,1,0,0,0,112,60,33,0,0,122,0,244,0
"Sheridan, WY","43260",2004,237,189,43,5,0,0,0,116,60,32,0,0,0,0,77,160
"Show Low, AZ","43320",2004,335,216,115,4,0,0,0,147,80,45,0,0,322,0,8,5
"Shreveport-Bossier City, LA","43340",2004,366,221,135,10,0,0,0,143,74,45,0,0,176,2,186,2
"Sierra Vista-Douglas, AZ","43420",2004,362,248,111,3,0,0,0,108,74,45,0,0,346,0,14,2
"Silver City, NM","43500",2004,360,358,2,0,0,0,0,60,25,1,0,0,0,241,97,22
"Sioux City, IA-NE-SD","43580",2004,124,95,29,0,0,0,0,97,62,38,0,0,0,0,107,17
"Sioux Falls, SD","43620",2004,366,328,38,0,0,0,0,100,51,29,0,94,79,9,98,86
"Somerset, KY","43700",2004,265,213,52,0,0,0,0,93,64,41,0,0,245,0,0,20
"Somerset, PA","43740",2004,359,335,23,1,0,0,0,119,47,32,0,0,359,0,0,0
"Sonora, CA","43760",2004,365,226,123,16,0,0,0,140,87,44,3,0,362,0,0,0
"South Bend-Mishawaka, IN-MI","43780",2004,366,259,94,12,1,0,0,164,77,41,0,133,161,0,72,0
"Spartanburg, SC","43900",2004,360,140,197,21,2,0,0,156,91,55,0,0,130,0,229,1
"Spokane-Spokane Valley, WA","44060",2004,366,158,204,4,0,0,0,115,75,53,9,0,106,0,238,13
"Springfield, IL","44100",2004,366,272,77,17,0,0,0,143,70,40,10,0,207,71,78,0
"Springfield, MA","44140",2004,366,187,163,12,4,0,0,169,86,49,0,3,172,4,186,1
"Springfield, MO","44180",2004,366,251,110,5,0,0,0,119,69,44,2,64,110,127,63,0
"Springfield, OH","44220",2004,366,241,110,14,1,0,0,156,77,44,0,0,176,112,78,0
"St. Cloud, MN","41060",2004,366,292,70,4,0,0,0,135,62,34,13,0,135,0,218,0
"St. George, UT","41100",2004,340,218,110,12,0,0,0,133,87,47,0,0,327,0,13,0
"St. Joseph, MO-KS","41140",2004,122,72,50,0,0,0,0,100,63,46,0,0,0,0,92,30
"St. Louis, MO-IL","41180",2004,366,46,196,109,15,0,0,200,132,81,0,5,53,183,93,32
"St. Marys, PA","41260",2004,354,309,39,6,0,0,0,122,58,34,0,0,354,0,0,0
"State College, PA","44300",2004,366,186,165,15,0,0,0,146,81,50,0,5,142,7,212,0
"Steamboat Springs, CO","44460",2004,334,309,25,0,0,0,0,84,46,17,0,0,0,0,46,288
"Stockton-Lodi, CA","44700",2004,366,264,88,13,1,0,0,179,82,43,0,89,206,0,50,21
"Summerville, GA","44900",2004,253,184,64,5,0,0,0,122,80,43,0,0,240,0,0,13
"Syracuse, NY","45060",2004,366,313,46,7,0,0,0,143,58,36,3,0,326,11,26,0
"Tahlequah, OK","45140",2004,366,283,71,12,0,0,0,122,70,40,1,70,223,33,32,7
"Talladega-Sylacauga, AL","45180",2004,283,193,85,5,0,0,0,147,68,43,0,0,187,0,96,0
"Tallahassee, FL","45220",2004,366,149,200,15,2,0,0,156,84,54,0,0,95,0,271,0
"Tampa-St. Petersburg-Clearwater, FL","45300",2004,366,78,232,52,4,0,0,179,110,62,0,0,85,121,156,4
"Taos, NM","45340",2004,355,353,2,0,0,0,0,53,30,15,0,0,0,0,333,22
"Terre Haute, IN","45460",2004,366,204,128,33,1,0,0,161,97,47,0,0,108,181,77,0
"Texarkana, TX-AR","45500",2004,118,67,51,0,0,0,0,91,68,47,0,0,0,0,118,0
"The Dalles, OR","45520",2004,245,206,36,3,0,0,0,124,59,23,0,0,0,0,245,0
"Tiffin, OH","45660",2004,177,176,1,0,0,0,0,52,28,16,0,0,0,0,0,177
"Toledo, OH","45780",2004,366,222,125,18,1,0,0,161,90,44,0,0,136,92,85,53
"Topeka, KS","45820",2004,125,96,28,1,0,0,0,106,63,38,0,0,0,0,122,3
"Torrington, CT","45860",2004,237,177,50,8,2,0,0,185,84,41,0,0,167,0,70,0
"Traverse City, MI","45900",2004,183,143,35,5,0,0,0,136,84,40,0,0,183,0,0,0
"Trenton, NJ","45940",2004,366,269,79,15,3,0,0,169,84,41,0,89,223,0,54,0
"Troy, AL","45980",2004,53,53,0,0,0,0,0,49,32,18,0,0,0,0,0,53
"Truckee-Grass Valley, CA","46020",2004,366,166,128,60,11,1,0,206,122,52,0,0,316,0,14,36
"Tucson, AZ","46060",2004,366,228,129,9,0,0,0,115,87,47,0,39,283,0,21,23
"Tullahoma-Manchester, TN","46100",2004,302,240,60,2,0,0,0,115,67,41,0,4,296,2,0,0
"Tulsa, OK","46140",2004,366,128,209,29,0,0,0,136,96,57,0,0,128,138,100,0
"Tupelo, MS","46180",2004,366,191,166,9,0,0,0,121,78,50,0,0,82,0,283,1
"Tuscaloosa, AL","46220",2004,275,203,70,2,0,0,0,115,68,42,0,0,175,0,100,0
"Twin Falls, ID","46300",2004,266,243,23,0,0,0,0,88,49,27,0,0,0,0,266,0
"Tyler, TX","46340",2004,366,265,65,35,1,0,0,164,100,39,0,2,364,0,0,0
"Ukiah, CA","46380",2004,366,356,10,0,0,0,0,64,44,32,1,45,298,0,19,3
"Union City, TN-KY","46460",2004,60,59,1,0,0,0,0,100,42,29,0,5,52,3,0,0
"Urban Honolulu, HI","46520",2004,366,363,1,0,2,0,0,175,35,23,16,2,198,21,86,43
"Utica-Rome, NY","46540",2004,366,339,24,3,0,0,0,133,48,33,0,0,363,1,0,2
"Valdosta, GA","46660",2004,49,21,28,0,0,0,0,87,74,52,0,0,0,0,49,0
"Vallejo-Fairfield, CA","46700",2004,366,207,142,16,1,0,0,154,87,45,0,8,143,0,215,0
"Vernal, UT","46860",2004,50,50,0,0,0,0,0,16,10,5,0,0,0,0,0,50
"Vicksburg, MS","46980",2004,167,109,58,0,0,0,0,97,63,44,0,0,71,0,96,0
"Victoria, TX","47020",2004,361,311,44,5,1,0,0,154,64,32,0,0,361,0,0,0
"Vincennes, IN","47180",2004,360,273,85,2,0,0,0,112,67,40,0,0,280,0,80,0
"Vineland-Bridgeton, NJ","47220",2004,366,288,64,13,1,0,0,159,82,35,0,0,336,30,0,0
"Vineyard Haven, MA","47240",2004,241,195,39,7,0,0,0,126,74,38,0,0,172,0,69,0
"Virginia Beach-Norfolk-Newport News, VA-NC","47260",2004,366,151,194,20,1,0,0,185,90,54,0,14,101,96,155,0
"Visalia-Porterville, CA","47300",2004,366,46,157,86,77,0,0,195,164,96,0,7,217,0,142,0
"Wabash, IN","47340",2004,349,308,37,4,0,0,0,122,54,35,0,0,349,0,0,0
"Walla Walla, WA","47460",2004,366,284,77,4,1,0,0,173,62,32,0,0,0,0,317,49
"Walterboro, SC","47500",2004,231,187,40,4,0,0,0,112,61,38,0,0,231,0,0,0
"Warner Robins, GA","47580",2004,58,28,30,0,0,0,0,97,74,52,0,0,0,0,58,0
"Warren, PA","47620",2004,365,253,74,34,4,0,0,200,101,26,0,0,0,365,0,0
"Washington Court House, OH","47920",2004,349,286,55,8,0,0,0,136,64,35,0,0,349,0,0,0
"Washington, IN","47780",2004,361,274,60,27,0,0,0,141,91,17,0,0,0,361,0,0
"Washington, NC","47820",2004,329,284,34,11,0,0,0,122,74,6,0,0,0,329,0,0
"Washington-Arlington-Alexandria, DC-VA-MD-WV","47900",2004,366,101,219,39,5,2,0,219,105,62,0,71,110,40,144,1
"Waterloo-Cedar Falls, IA","47940",2004,265,207,57,1,0,0,0,108,60,39,0,0,191,0,70,4
"Watertown, SD","47980",2004,122,84,37,1,0,0,0,103,59,38,0,0,0,0,112,10
"Watertown-Fort Atkinson, WI","48020",2004,192,162,29,1,0,0,0,136,67,39,0,0,192,0,0,0
"Watertown-Fort Drum, NY","48060",2004,216,182,30,4,0,0,0,150,74,38,0,0,216,0,0,0
"Wausau, WI","48140",2004,183,163,20,0,0,0,0,100,54,40,0,0,183,0,0,0
"Weatherford, OK","48220",2004,58,58,0,0,0,0,0,38,29,17,0,0,0,0,0,58
"Weirton-Steubenville, WV-OH","48260",2004,366,42,139,169,15,1,0,208,134,101,2,0,19,311,34,0
"Wenatchee, WA","48300",2004,122,85,37,0,0,0,0,85,72,36,0,0,0,0,122,0
"Wheeling, WV-OH","48540",2004,366,115,164,84,3,0,0,186,111,67,3,0,38,279,46,0
"Whitewater-Elkhorn, WI","48580",2004,184,146,37,1,0,0,0,129,74,40,0,0,184,0,0,0
"Wichita, KS","48620",2004,366,288,76,2,0,0,0,119,65,41,11,22,244,1,72,16
"Williamsport, PA","48700",2004,362,302,53,7,0,0,0,143,64,32,0,0,203,150,0,9
"Williston, ND","48780",2004,365,324,36,4,1,0,0,200,52,16,0,0,0,365,0,0
"Wilmington, NC","48900",2004,364,248,108,7,1,0,0,180,74,39,26,0,140,134,64,0
"Wilmington, OH","48940",2004,214,145,54,14,1,0,0,154,93,45,0,0,214,0,0,0
"Winchester, VA-WV","49020",2004,239,192,45,1,1,0,0,159,71,38,0,0,214,0,0,25
"Winona, MN","49100",2004,115,93,21,1,0,0,0,111,60,23,0,0,0,0,115,0
"Winston-Salem, NC","49180",2004,366,115,223,28,0,0,0,136,94,59,0,20,80,40,224,2
"Worcester, MA-CT","49340",2004,366,219,132,14,1,0,0,182,77,45,0,12,149,1,202,2
"Yakima, WA","49420",2004,309,245,55,6,3,0,0,154,67,24,84,0,0,0,189,36
"York-Hanover, PA","49620",2004,366,214,130,20,2,0,0,152,90,46,0,109,134,42,79,2
"Youngstown-Warren-Boardman, OH-PA","49660",2004,366,132,204,28,2,0,0,159,97,57,0,0,108,24,234,0
"Yuba City, CA","49700",2004,366,214,122,29,1,0,0,159,96,46,0,57,231,0,78,0
"Yuma, AZ","49740",2004,265,192,64,9,0,0,0,115,80,43,0,0,202,0,0,63
