"CBSA","CBSA Code","Year","Days with AQI","Good Days","Moderate Days","Unhealthy for Sensitive Groups Days","Unhealthy Days","Very Unhealthy Days","Hazardous Days","Max AQI","90th Percentile AQI","Median AQI","Days CO","Days NO2","Days Ozone","Days SO2","Days PM2.5","Days PM10"
"Aberdeen, SD","10100",2007,121,108,13,0,0,0,0,71,51,32,0,0,0,0,110,11
"Aberdeen, WA","10140",2007,362,315,47,0,0,0,0,81,55,24,0,0,0,0,362,0
"Adjuntas, PR","10260",2007,92,86,6,0,0,0,0,68,48,25,0,0,0,0,92,0
"Adrian, MI","10300",2007,177,116,46,13,2,0,0,159,97,45,0,0,177,0,0,0
"Akron, OH","10420",2007,365,208,119,30,8,0,0,179,101,46,15,0,171,104,75,0
"Alamogordo, NM","10460",2007,222,219,3,0,0,0,0,84,19,10,0,0,0,0,0,222
"Albany, GA","10500",2007,114,59,50,4,1,0,0,181,84,49,0,0,0,0,105,9
"Albany, OR","10540",2007,363,294,62,6,1,0,0,188,62,26,0,0,0,0,363,0
"Albany-Schenectady-Troy, NY","10580",2007,365,231,110,21,3,0,0,159,85,43,0,0,209,0,156,0
"Albuquerque, NM","10740",2007,365,79,260,25,1,0,0,178,95,63,0,2,194,0,97,72
"Alexandria, LA","10780",2007,113,83,30,0,0,0,0,74,59,40,0,0,0,0,113,0
"Allentown-Bethlehem-Easton, PA-NJ","10900",2007,365,153,162,43,7,0,0,184,108,55,0,15,109,64,177,0
"Altoona, PA","11020",2007,365,298,62,5,0,0,0,122,64,38,0,101,190,70,0,4
"Amarillo, TX","11100",2007,365,321,44,0,0,0,0,87,51,38,0,0,212,0,153,0
"Americus, GA","11140",2007,237,155,74,8,0,0,0,143,80,46,0,0,237,0,0,0
"Ames, IA","11180",2007,207,176,27,4,0,0,0,136,58,39,0,0,207,0,0,0
"Anchorage, AK","11260",2007,310,275,34,1,0,0,0,135,52,22,105,0,0,0,93,112
"Ann Arbor, MI","11460",2007,364,258,88,17,1,0,0,156,74,40,0,0,295,0,69,0
"Appleton, WI","11540",2007,252,169,73,10,0,0,0,143,77,43,0,0,183,0,69,0
"Ardmore, OK","11620",2007,270,174,80,15,1,0,0,172,93,46,0,0,270,0,0,0
"Arkadelphia, AR","11660",2007,358,323,33,2,0,0,0,129,50,33,0,0,358,0,0,0
"Asheville, NC","11700",2007,345,130,197,17,1,0,0,161,93,58,0,0,154,0,191,0
"Ashtabula, OH","11780",2007,359,289,46,18,6,0,0,182,90,34,0,0,212,147,0,0
"Athens, OH","11900",2007,362,236,100,25,1,0,0,151,93,42,0,22,203,105,32,0
"Athens, TN","11940",2007,365,266,88,11,0,0,0,130,74,30,0,186,0,74,99,6
"Athens-Clarke County, GA","12020",2007,357,149,180,26,2,0,0,155,93,55,0,0,115,0,242,0
"Atlanta-Sandy Springs-Roswell, GA","12060",2007,365,68,211,53,29,4,0,220,147,71,0,5,134,30,196,0
"Atlantic City-Hammonton, NJ","12100",2007,364,262,89,13,0,0,0,143,84,40,0,0,290,3,70,1
"Augusta-Richmond County, GA-SC","12260",2007,365,132,206,25,2,0,0,164,93,59,0,1,179,0,185,0
"Augusta-Waterville, ME","12300",2007,209,188,11,9,1,0,0,156,54,33,0,0,181,0,0,28
"Austin-Round Rock, TX","12420",2007,365,246,111,7,1,0,0,169,69,43,0,0,195,0,170,0
"Bakersfield, CA","12540",2007,365,30,151,114,66,4,0,205,160,101,0,1,192,0,167,5
"Baltimore-Columbia-Towson, MD","12580",2007,365,113,181,54,14,3,0,214,131,61,0,8,152,27,177,1
"Bangor, ME","12620",2007,357,332,19,6,0,0,0,133,49,32,0,0,334,0,16,7
"Baraboo, WI","12660",2007,365,281,80,4,0,0,0,140,64,38,0,0,307,0,58,0
"Barnstable Town, MA","12700",2007,233,177,40,15,1,0,0,169,80,38,0,0,168,0,65,0
"Baton Rouge, LA","12940",2007,365,96,204,55,9,1,0,202,119,62,0,5,138,71,149,2
"Bay City, MI","13020",2007,112,72,40,0,0,0,0,89,66,38,0,0,0,0,112,0
"Beaumont-Port Arthur, TX","13140",2007,365,126,195,41,3,0,0,181,101,56,0,2,109,75,179,0
"Beaver Dam, WI","13180",2007,365,267,87,11,0,0,0,136,74,38,1,0,277,2,76,9
"Beckley, WV","13220",2007,115,65,49,1,0,0,0,122,78,47,0,0,0,0,115,0
"Bellingham, WA","13380",2007,347,311,36,0,0,0,0,81,52,24,0,0,0,0,347,0
"Bend-Redmond, OR","13460",2007,362,339,23,0,0,0,0,79,42,17,0,0,0,0,351,11
"Bennington, VT","13540",2007,363,312,44,7,0,0,0,136,58,35,0,0,331,0,32,0
"Berlin, NH-VT","13620",2007,242,161,66,12,3,0,0,164,90,43,0,0,182,0,60,0
"Billings, MT","13740",2007,365,241,116,7,1,0,0,181,71,44,1,3,94,238,28,1
"Birmingham-Hoover, AL","13820",2007,365,31,260,57,16,1,0,203,127,75,19,0,77,5,209,55
"Bishop, CA","13860",2007,365,170,146,38,8,1,2,623,112,51,0,0,295,0,4,66
"Bismarck, ND","13900",2007,365,333,31,1,0,0,0,103,50,35,0,16,270,41,37,1
"Blacksburg-Christiansburg-Radford, VA","13980",2007,334,207,110,17,0,0,0,133,93,45,0,0,334,0,0,0
"Bloomington, IL","14010",2007,365,263,92,9,1,0,0,166,84,39,0,0,319,0,46,0
"Bloomington, IN","14020",2007,183,80,74,27,2,0,0,161,115,54,0,0,183,0,0,0
"Boise City, ID","14260",2007,365,179,167,16,3,0,0,167,89,51,1,0,117,0,236,11
"Boone, NC","14380",2007,112,68,44,0,0,0,0,87,70,41,0,0,0,0,112,0
"Boston-Cambridge-Newton, MA-NH","14460",2007,365,129,199,29,8,0,0,195,101,56,0,13,78,20,254,0
"Boulder, CO","14500",2007,365,218,125,19,3,0,0,156,93,45,0,0,335,0,30,0
"Bowling Green, KY","14540",2007,365,172,158,35,0,0,0,147,100,51,0,1,208,0,156,0
"Bozeman, MT","14580",2007,364,302,55,5,2,0,0,174,62,27,2,0,0,0,362,0
"Brainerd, MN","14660",2007,354,280,68,6,0,0,0,136,61,34,0,0,134,0,220,0
"Branson, MO","14700",2007,121,94,27,0,0,0,0,89,57,31,0,0,0,0,121,0
"Breckenridge, CO","14720",2007,326,317,9,0,0,0,0,64,29,13,0,0,0,0,0,326
"Bremerton-Silverdale, WA","14740",2007,361,299,61,1,0,0,0,102,59,24,0,0,0,0,361,0
"Bridgeport-Stamford-Norwalk, CT","14860",2007,365,211,116,27,10,1,0,203,108,46,2,42,153,15,152,1
"Brookings, SD","15100",2007,124,105,19,0,0,0,0,87,55,31,0,0,0,0,89,35
"Brownsville, TN","15140",2007,120,97,21,2,0,0,0,122,67,39,0,1,116,3,0,0
"Brownsville-Harlingen, TX","15180",2007,361,235,125,1,0,0,0,101,65,43,1,0,84,0,272,4
"Brunswick, GA","15260",2007,353,297,54,2,0,0,0,149,55,37,0,0,199,77,69,8
"Bucyrus, OH","15340",2007,323,272,42,9,0,0,0,122,67,35,0,0,323,0,0,0
"Buffalo-Cheektowaga-Niagara Falls, NY","15380",2007,365,171,149,41,4,0,0,167,103,52,0,44,118,32,171,0
"Burlington, NC","15500",2007,243,98,140,5,0,0,0,126,79,55,0,0,0,0,243,0
"Burlington-South Burlington, VT","15540",2007,365,310,49,5,1,0,0,151,60,34,0,20,297,0,48,0
"Butte-Silver Bow, MT","15580",2007,360,283,70,6,1,0,0,167,63,29,0,0,0,0,130,230
"Cadillac, MI","15620",2007,364,300,45,13,6,0,0,182,74,37,0,0,333,0,31,0
"Cambridge, MD","15700",2007,344,249,65,29,1,0,0,156,100,40,0,0,344,0,0,0
"Canton-Massillon, OH","15940",2007,350,184,123,36,7,0,0,182,108,48,101,0,189,0,60,0
"Cape Coral-Fort Myers, FL","15980",2007,365,299,64,2,0,0,0,122,64,38,0,0,327,0,33,5
"Carbondale-Marion, IL","16060",2007,58,57,1,0,0,0,0,56,33,20,0,0,0,0,0,58
"Carlsbad-Artesia, NM","16100",2007,365,300,65,0,0,0,0,93,58,41,0,3,347,0,15,0
"Carson City, NV","16180",2007,365,320,44,1,0,0,0,105,58,36,151,0,214,0,0,0
"Casper, WY","16220",2007,115,115,0,0,0,0,0,42,26,18,0,0,0,0,0,115
"Ca¤on City, CO","15860",2007,56,56,0,0,0,0,0,29,23,17,0,0,0,0,0,56
"Cedar Rapids, IA","16300",2007,365,231,117,17,0,0,0,147,84,44,12,0,157,147,47,2
"Centralia, WA","16500",2007,116,116,0,0,0,0,0,26,14,4,0,0,0,0,116,0
"Chambersburg-Waynesboro, PA","16540",2007,212,122,72,18,0,0,0,129,97,48,0,0,212,0,0,0
"Champaign-Urbana, IL","16580",2007,365,251,100,14,0,0,0,140,80,42,0,0,298,0,67,0
"Charleston, WV","16620",2007,365,107,218,38,2,0,0,164,103,61,0,0,88,31,246,0
"Charleston-North Charleston, SC","16700",2007,365,195,164,5,1,0,0,159,75,49,0,0,160,11,194,0
"Charlotte-Concord-Gastonia, NC-SC","16740",2007,365,102,178,64,19,2,0,223,136,67,0,9,185,18,153,0
"Charlottesville, VA","16820",2007,60,60,0,0,0,0,0,49,29,18,0,0,0,0,0,60
"Chattanooga, TN-GA","16860",2007,362,108,198,52,4,0,0,195,108,61,0,0,148,0,214,0
"Cheyenne, WY","16940",2007,118,116,2,0,0,0,0,55,30,17,0,0,0,0,87,31
"Chicago-Naperville-Elgin, IL-IN-WI","16980",2007,365,19,275,61,9,1,0,203,116,77,0,101,70,66,120,8
"Chico, CA","17020",2007,365,193,132,38,2,0,0,174,101,49,0,0,272,0,92,1
"Cincinnati, OH-KY-IN","17140",2007,365,82,202,69,12,0,0,197,133,64,0,4,139,83,139,0
"Claremont-Lebanon, NH-VT","17200",2007,364,323,33,7,1,0,0,156,52,33,0,0,335,0,29,0
"Clarksburg, WV","17220",2007,121,56,64,1,0,0,0,108,77,52,0,0,0,0,121,0
"Clarksville, TN-KY","17300",2007,365,155,155,48,7,0,0,166,115,55,0,0,197,19,149,0
"Clearlake, CA","17340",2007,356,347,9,0,0,0,0,77,44,32,0,0,351,0,5,0
"Cleveland, MS","17380",2007,365,206,143,16,0,0,0,140,80,47,0,0,106,0,259,0
"Cleveland, TN","17420",2007,364,334,29,1,0,0,0,123,46,23,0,234,0,107,0,23
"Cleveland-Elyria, OH","17460",2007,365,102,179,75,9,0,0,195,117,69,0,35,65,205,47,13
"Clinton, IA","17540",2007,365,191,160,14,0,0,0,136,80,49,0,0,126,12,227,0
"Coco, PR","17640",2007,315,312,3,0,0,0,0,69,27,9,0,50,0,265,0,0
"Coeur d'Alene, ID","17660",2007,358,269,86,3,0,0,0,105,64,39,0,3,140,0,215,0
"Coffeyville, KS","17700",2007,363,350,11,2,0,0,0,130,37,19,0,0,0,27,0,336
"Colorado Springs, CO","17820",2007,365,230,125,10,0,0,0,129,80,46,1,0,341,0,20,3
"Columbia, SC","17900",2007,365,115,215,32,2,1,0,217,100,58,0,1,163,39,142,20
"Columbus, GA-AL","17980",2007,365,129,211,19,6,0,0,177,97,57,0,0,91,0,274,0
"Columbus, MS","18060",2007,115,60,53,2,0,0,0,112,77,50,0,0,0,0,115,0
"Columbus, OH","18140",2007,365,199,119,40,7,0,0,172,108,47,26,0,186,40,73,40
"Concord, NH","18180",2007,364,183,123,56,2,0,0,161,109,50,0,0,87,223,54,0
"Cookeville, TN","18260",2007,325,181,128,15,1,0,0,161,93,48,0,1,269,4,51,0
"Corning, NY","18500",2007,365,264,92,9,0,0,0,122,74,40,0,0,237,3,125,0
"Corpus Christi, TX","18580",2007,365,237,125,3,0,0,0,126,70,44,0,0,122,4,238,1
"Corvallis, OR","18700",2007,359,299,58,2,0,0,0,106,59,15,0,0,0,0,359,0
"Crescent City, CA","18860",2007,115,115,0,0,0,0,0,49,27,12,0,0,0,0,91,24
"Cullowhee, NC","19000",2007,249,96,135,18,0,0,0,147,97,58,0,0,192,0,57,0
"Dallas-Fort Worth-Arlington, TX","19100",2007,365,135,178,41,9,2,0,217,112,56,0,30,152,31,152,0
"Dalton, GA","19140",2007,281,138,119,23,1,0,0,159,100,51,0,0,229,0,52,0
"Daphne-Fairhope-Foley, AL","19300",2007,269,181,72,15,1,0,0,154,87,43,0,0,197,0,72,0
"Davenport-Moline-Rock Island, IA-IL","19340",2007,365,110,240,14,1,0,0,152,87,59,0,0,85,0,208,72
"Dayton, OH","19380",2007,365,218,122,23,2,0,0,166,90,45,97,0,181,0,87,0
"Decatur, AL","19460",2007,284,120,132,30,2,0,0,172,102,57,0,0,206,0,78,0
"Decatur, IL","19500",2007,365,179,174,12,0,0,0,129,80,51,0,0,155,19,191,0
"Deltona-Daytona Beach-Ormond Beach, FL","19660",2007,365,309,53,2,1,0,0,181,55,40,0,0,319,0,45,1
"Deming, NM","19700",2007,365,289,75,0,1,0,0,169,61,42,0,3,319,0,0,43
"Denver-Aurora-Lakewood, CO","19740",2007,365,82,191,68,23,1,0,201,133,71,0,76,216,3,54,16
"Des Moines-West Des Moines, IA","19780",2007,365,226,134,5,0,0,0,119,72,45,4,21,120,0,215,5
"Detroit-Warren-Dearborn, MI","19820",2007,365,113,198,45,9,0,0,187,110,61,0,14,80,67,189,15
"Dickinson, ND","19860",2007,363,337,26,0,0,0,0,97,48,35,0,0,346,5,12,0
"Dothan, AL","20020",2007,276,183,85,7,1,0,0,158,77,45,0,0,196,0,80,0
"Douglas, GA","20060",2007,49,24,22,3,0,0,0,124,78,51,0,0,0,0,49,0
"Dover, DE","20100",2007,262,153,97,12,0,0,0,129,90,47,0,0,186,0,76,0
"DuBois, PA","20180",2007,203,151,46,6,0,0,0,126,84,41,0,0,203,0,0,0
"Duluth, MN-WI","20260",2007,365,242,121,2,0,0,0,115,67,42,1,0,166,0,195,3
"Durango, CO","20420",2007,365,211,148,6,0,0,0,140,77,48,0,14,350,0,1,0
"Durham-Chapel Hill, NC","20500",2007,310,147,128,32,3,0,0,166,101,52,0,0,185,0,125,0
"Dyersburg, TN","20540",2007,118,76,40,2,0,0,0,122,74,44,0,0,0,0,118,0
"Eagle Pass, TX","20580",2007,315,252,63,0,0,0,0,82,59,35,0,0,0,0,315,0
"East Stroudsburg, PA","20700",2007,207,168,32,6,1,0,0,151,74,39,0,0,207,0,0,0
"Effingham, IL","20820",2007,223,150,61,12,0,0,0,129,87,45,0,0,223,0,0,0
"El Centro, CA","20940",2007,365,138,172,46,9,0,0,190,112,58,3,64,243,0,34,21
"El Dorado, AR","20980",2007,363,313,50,0,0,0,0,100,55,9,0,0,0,259,104,0
"El Paso, TX","21340",2007,365,95,225,45,0,0,0,136,103,62,0,20,144,0,154,47
"Elizabethtown-Fort Knox, KY","21060",2007,324,186,116,21,1,0,0,161,97,46,0,0,202,0,122,0
"Elkhart-Goshen, IN","21140",2007,312,141,152,17,2,0,0,159,93,53,0,0,121,0,191,0
"Elko, NV","21220",2007,305,285,20,0,0,0,0,79,45,24,0,0,0,0,35,270
"Ellensburg, WA","21260",2007,347,308,39,0,0,0,0,87,52,27,0,0,0,0,347,0
"Elmira, NY","21300",2007,365,320,40,5,0,0,0,122,58,34,0,0,341,24,0,0
"Emporia, KS","21380",2007,113,95,18,0,0,0,0,82,57,30,0,0,0,0,113,0
"Erie, PA","21500",2007,365,218,125,20,2,0,0,182,84,45,0,25,134,41,165,0
"Espa¤ola, NM","21580",2007,109,109,0,0,0,0,0,48,20,9,0,0,0,0,109,0
"Eugene, OR","21660",2007,365,247,95,22,1,0,0,152,83,37,0,0,135,0,230,0
"Eureka-Arcata-Fortuna, CA","21700",2007,336,316,20,0,0,0,0,97,42,29,7,10,271,2,40,6
"Evanston, WY","21740",2007,364,266,95,3,0,0,0,108,71,43,1,4,352,0,0,7
"Evansville, IN-KY","21780",2007,365,88,183,84,10,0,0,172,123,66,0,0,98,135,132,0
"Fairbanks, AK","21820",2007,332,208,110,12,2,0,0,160,79,32,12,0,0,0,320,0
"Fairmont, WV","21900",2007,118,48,68,2,0,0,0,111,80,55,0,0,0,0,118,0
"Fallon, NV","21980",2007,197,134,61,2,0,0,0,105,71,46,0,0,197,0,0,0
"Fargo, ND-MN","22020",2007,364,336,25,1,2,0,0,166,49,32,0,24,250,0,70,20
"Farmington, NM","22140",2007,365,162,158,45,0,0,0,133,101,54,0,25,288,15,13,24
"Fayetteville, NC","22180",2007,365,154,188,22,1,0,0,166,93,54,1,0,138,0,226,0
"Fayetteville-Springdale-Rogers, AR-MO","22220",2007,365,324,39,2,0,0,0,115,54,35,0,0,365,0,0,0
"Fernley, NV","22280",2007,112,86,26,0,0,0,0,90,61,45,0,0,112,0,0,0
"Findlay, OH","22300",2007,54,54,0,0,0,0,0,33,31,22,0,0,0,0,0,54
"Flagstaff, AZ","22380",2007,357,207,148,2,0,0,0,131,80,49,0,0,342,0,15,0
"Flint, MI","22420",2007,292,202,75,13,2,0,0,161,84,42,0,0,167,52,73,0
"Florence, SC","22500",2007,283,165,111,7,0,0,0,119,74,48,0,0,210,0,73,0
"Florence-Muscle Shoals, AL","22520",2007,324,212,97,15,0,0,0,122,84,45,0,0,194,48,82,0
"Fond du Lac, WI","22540",2007,198,152,39,7,0,0,0,133,74,42,0,0,198,0,0,0
"Fort Collins, CO","22660",2007,365,186,144,33,2,0,0,156,100,50,1,0,344,0,20,0
"Fort Madison-Keokuk, IA-IL-MO","22800",2007,118,60,58,0,0,0,0,96,71,50,0,0,0,0,118,0
"Fort Payne, AL","22840",2007,362,202,132,27,1,0,0,169,93,47,0,0,307,0,55,0
"Fort Smith, AR-OK","22900",2007,365,265,97,3,0,0,0,122,68,40,0,5,195,0,92,73
"Fort Wayne, IN","23060",2007,365,149,196,19,1,0,0,151,90,55,1,0,112,0,237,15
"Frankfort, KY","23180",2007,120,66,52,2,0,0,0,122,75,47,0,0,0,0,120,0
"Fresno, CA","23420",2007,365,22,194,106,43,0,0,190,153,87,0,0,139,0,225,1
"Gadsden, AL","23460",2007,323,131,170,22,0,0,0,145,87,54,0,0,129,0,194,0
"Gaffney, SC","23500",2007,362,309,52,1,0,0,0,112,58,39,0,0,362,0,0,0
"Gainesville, FL","23540",2007,365,287,67,10,1,0,0,154,71,40,0,0,304,0,58,3
"Gainesville, GA","23580",2007,108,54,53,1,0,0,0,142,75,51,0,0,0,0,108,0
"Gardnerville Ranchos, NV","23820",2007,334,333,1,0,0,0,0,51,20,10,334,0,0,0,0,0
"Georgetown, SC","23860",2007,365,339,26,0,0,0,0,97,44,25,0,0,0,26,37,302
"Gettysburg, PA","23900",2007,364,202,135,27,0,0,0,143,97,48,0,0,216,0,148,0
"Gillette, WY","23940",2007,365,170,180,13,2,0,0,158,84,52,0,2,152,41,7,163
"Glenwood Springs, CO","24060",2007,362,170,178,13,1,0,0,166,90,54,0,0,292,0,0,70
"Goldsboro, NC","24140",2007,239,136,101,2,0,0,0,112,70,48,0,0,0,0,236,3
"Grand Island, NE","24260",2007,111,89,22,0,0,0,0,74,58,31,0,0,0,0,111,0
"Grand Junction, CO","24300",2007,365,246,117,2,0,0,0,114,65,44,2,0,133,0,49,181
"Grand Rapids-Wyoming, MI","24340",2007,364,191,149,18,6,0,0,169,90,50,0,13,142,0,209,0
"Grants Pass, OR","24420",2007,365,277,88,0,0,0,0,97,70,28,0,0,0,0,365,0
"Great Falls, MT","24500",2007,365,354,8,3,0,0,0,140,28,8,256,0,0,3,106,0
"Greeley, CO","24540",2007,365,224,125,16,0,0,0,139,93,45,17,0,300,0,46,2
"Green Bay, WI","24580",2007,365,211,130,21,3,0,0,164,93,47,0,0,134,66,165,0
"Greensboro-High Point, NC","24660",2007,365,152,169,40,4,0,0,195,108,55,20,0,144,0,201,0
"Greenville, NC","24780",2007,260,143,105,12,0,0,0,133,90,48,0,0,192,0,68,0
"Greenville-Anderson-Mauldin, SC","24860",2007,365,109,234,20,2,0,0,169,90,60,0,12,123,2,228,0
"Greenwood, SC","24940",2007,286,124,138,22,2,0,0,161,97,56,0,0,223,0,63,0
"Grenada, MS","24980",2007,99,62,37,0,0,0,0,85,71,43,0,0,0,0,99,0
"Guayama, PR","25020",2007,331,321,10,0,0,0,0,78,35,4,0,0,0,211,51,69
"Gulfport-Biloxi-Pascagoula, MS","25060",2007,365,175,170,18,2,0,0,164,83,51,0,0,81,11,273,0
"Hagerstown-Martinsburg, MD-WV","25180",2007,266,124,115,26,1,0,0,156,101,51,0,0,182,0,84,0
"Hammond, LA","25220",2007,119,74,45,0,0,0,0,89,66,43,0,0,0,0,119,0
"Hanford-Corcoran, CA","25260",2007,365,69,191,83,22,0,0,196,136,77,0,2,165,0,183,15
"Harrisburg-Carlisle, PA","25420",2007,365,152,179,33,1,0,0,151,97,56,0,27,122,16,200,0
"Harrison, AR","25460",2007,364,274,82,8,0,0,0,147,77,42,0,0,333,0,31,0
"Harrisonburg, VA","25500",2007,365,258,103,4,0,0,0,136,72,41,0,113,169,6,77,0
"Hartford-West Hartford-East Hartford, CT","25540",2007,365,240,94,21,8,2,0,206,93,43,8,51,161,0,145,0
"Hattiesburg, MS","25620",2007,114,52,62,0,0,0,0,92,76,53,0,0,0,0,114,0
"Helena, MT","25740",2007,353,264,78,7,4,0,0,164,72,30,0,0,0,0,349,4
"Helena-West Helena, AR","25760",2007,113,61,51,1,0,0,0,103,72,48,0,0,0,0,113,0
"Hermiston-Pendleton, OR","25840",2007,363,264,97,1,1,0,0,154,68,42,0,1,230,0,131,1
"Hickory-Lenoir-Morganton, NC","25860",2007,365,109,227,28,1,0,0,163,97,59,0,0,108,0,257,0
"Hilo, HI","25900",2007,365,177,36,59,93,0,0,200,200,65,0,0,0,353,12,0
"Hilton Head Island-Bluffton-Beaufort, SC","25940",2007,95,68,26,1,0,0,0,115,63,38,0,0,0,0,95,0
"Hobbs, NM","26020",2007,365,304,61,0,0,0,0,97,58,42,0,19,300,0,43,3
"Holland, MI","26090",2007,241,146,68,21,4,2,0,204,112,45,0,0,176,0,65,0
"Homosassa Springs, FL","26140",2007,121,102,19,0,0,0,0,86,56,35,0,0,0,0,121,0
"Hot Springs, AR","26300",2007,114,68,46,0,0,0,0,100,66,46,0,0,0,0,114,0
"Houghton, MI","26340",2007,110,103,7,0,0,0,0,68,38,11,0,0,0,0,110,0
"Houma-Thibodaux, LA","26380",2007,365,226,125,13,1,0,0,154,79,45,0,0,189,0,176,0
"Houston-The Woodlands-Sugar Land, TX","26420",2007,365,54,251,41,19,0,0,200,122,65,0,17,98,42,187,21
"Huntington, IN","26540",2007,182,112,59,11,0,0,0,140,90,46,0,0,182,0,0,0
"Huntington-Ashland, WV-KY-OH","26580",2007,365,118,190,49,8,0,0,172,112,60,0,3,141,54,164,3
"Huntsville, AL","26620",2007,364,208,131,23,2,0,0,182,93,46,0,0,290,0,72,2
"Idaho Falls, ID","26820",2007,321,242,78,1,0,0,0,101,63,40,0,0,189,0,132,0
"Indiana, PA","26860",2007,361,231,102,28,0,0,0,140,94,42,0,32,175,154,0,0
"Indianapolis-Carmel-Anderson, IN","26900",2007,365,66,218,73,8,0,0,174,122,69,0,1,96,91,177,0
"Iowa City, IA","26980",2007,332,200,127,5,0,0,0,149,69,43,0,0,0,0,332,0
"Iron Mountain, MI-WI","27020",2007,208,185,20,3,0,0,0,143,54,37,0,0,208,0,0,0
"Ithaca, NY","27060",2007,356,302,50,4,0,0,0,115,61,35,0,0,356,0,0,0
"Jackson, MS","27140",2007,365,185,175,5,0,0,0,115,74,50,0,0,68,0,297,0
"Jackson, TN","27180",2007,122,67,51,4,0,0,0,125,78,45,0,0,0,0,118,4
"Jackson, WY-ID","27220",2007,365,300,65,0,0,0,0,97,54,43,9,0,346,0,10,0
"Jacksonville, FL","27260",2007,365,182,160,16,7,0,0,168,90,51,0,1,167,50,147,0
"Jacksonville, NC","27340",2007,120,87,33,0,0,0,0,98,60,35,0,0,0,0,111,9
"Jamestown-Dunkirk-Fredonia, NY","27460",2007,365,267,73,21,4,0,0,169,84,40,0,0,300,29,36,0
"Janesville-Beloit, WI","27500",2007,188,138,38,12,0,0,0,140,90,43,0,0,188,0,0,0
"Jasper, IN","27540",2007,365,122,200,40,3,0,0,163,106,58,0,0,0,105,260,0
"Johnstown, PA","27780",2007,365,234,124,7,0,0,0,129,80,43,0,68,145,67,80,5
"Joplin, MO","27900",2007,361,335,25,1,0,0,0,109,45,21,0,0,0,0,0,361
"Juneau, AK","27940",2007,135,116,16,3,0,0,0,127,55,17,0,0,0,0,130,5
"Kahului-Wailuku-Lahaina, HI","27980",2007,335,315,19,0,1,0,0,164,40,21,0,0,0,0,46,289
"Kalamazoo-Portage, MI","28020",2007,239,133,91,15,0,0,0,147,93,48,0,0,158,0,81,0
"Kalispell, MT","28060",2007,365,293,68,2,2,0,0,157,58,37,8,0,186,0,63,108
"Kansas City, MO-KS","28140",2007,365,94,215,49,7,0,0,185,115,62,0,29,122,48,164,2
"Keene, NH","28300",2007,212,166,41,5,0,0,0,143,71,37,0,0,171,0,41,0
"Kennewick-Richland, WA","28420",2007,365,299,65,1,0,0,0,119,60,26,0,0,0,0,285,80
"Kingsport-Bristol-Bristol, TN-VA","28700",2007,365,94,157,102,12,0,0,200,120,77,0,13,126,200,26,0
"Kingston, NY","28740",2007,365,320,39,6,0,0,0,140,58,35,0,0,359,6,0,0
"Kingsville, TX","28780",2007,365,246,111,8,0,0,0,133,72,41,0,0,74,0,291,0
"Kinston, NC","28820",2007,266,162,94,9,1,0,0,164,84,46,0,0,184,0,82,0
"Klamath Falls, OR","28900",2007,363,229,108,22,4,0,0,153,93,36,0,0,0,0,360,3
"Knoxville, TN","28940",2007,365,36,198,110,20,1,0,215,140,85,0,0,160,124,78,3
"Kokomo, IN","29020",2007,109,53,55,1,0,0,0,111,74,51,0,0,0,0,109,0
"La Crosse-Onalaska, WI-MN","29100",2007,120,70,49,1,0,0,0,147,67,43,0,0,0,0,120,0
"La Grande, OR","29260",2007,350,311,39,0,0,0,0,87,52,21,0,0,0,0,338,12
"Laconia, NH","29060",2007,213,181,27,4,1,0,0,156,61,36,0,0,175,0,38,0
"Lafayette, LA","29180",2007,365,281,74,10,0,0,0,122,72,38,0,0,295,0,70,0
"Lafayette-West Lafayette, IN","29200",2007,364,149,201,14,0,0,0,150,84,54,0,0,71,0,293,0
"Lake Charles, LA","29340",2007,365,222,133,10,0,0,0,136,80,44,0,5,178,11,171,0
"Lake City, FL","29380",2007,365,225,131,8,1,0,0,159,72,47,0,0,194,0,171,0
"Lake Havasu City-Kingman, AZ","29420",2007,120,108,11,1,0,0,0,121,51,23,0,0,0,0,97,23
"Lakeland-Winter Haven, FL","29460",2007,365,251,102,12,0,0,0,150,72,43,0,0,223,0,140,2
"Lancaster, PA","29540",2007,365,211,116,37,1,0,0,166,101,45,0,67,170,53,71,4
"Lansing-East Lansing, MI","29620",2007,239,148,77,14,0,0,0,150,84,45,0,0,164,0,75,0
"Laramie, WY","29660",2007,357,214,139,3,1,0,0,190,74,48,0,0,308,0,0,49
"Laredo, TX","29700",2007,365,228,137,0,0,0,0,100,65,45,5,0,64,0,274,22
"Las Cruces, NM","29740",2007,365,154,186,22,3,0,0,187,93,55,0,7,185,0,62,111
"Las Vegas-Henderson-Paradise, NV","29820",2007,365,101,215,43,6,0,0,163,108,63,0,18,224,0,96,27
"Laurel, MS","29860",2007,118,50,68,0,0,0,0,91,78,54,0,0,0,0,118,0
"Lawrenceburg, TN","29980",2007,277,130,119,28,0,0,0,147,101,54,0,0,203,0,74,0
"Lawton, OK","30020",2007,364,304,54,6,0,0,0,133,64,38,0,0,332,0,32,0
"Lewiston, ID-WA","30300",2007,362,286,74,2,0,0,0,112,63,31,0,0,0,0,351,11
"Lewiston-Auburn, ME","30340",2007,211,185,16,7,3,0,0,166,58,32,0,0,182,0,0,29
"Lexington, NE","30420",2007,57,50,7,0,0,0,0,83,53,26,0,0,0,0,0,57
"Lexington-Fayette, KY","30460",2007,365,155,177,30,2,1,0,202,97,54,0,10,125,33,197,0
"Lima, OH","30620",2007,365,286,61,17,1,0,0,156,84,31,0,0,213,129,0,23
"Lincoln, NE","30700",2007,357,337,20,0,0,0,0,95,46,31,103,0,185,0,69,0
"Little Rock-North Little Rock-Conway, AR","30780",2007,365,154,189,18,3,1,0,235,87,54,0,5,109,0,250,1
"Logan, UT-ID","30860",2007,365,174,173,18,0,0,0,143,90,52,0,24,193,0,148,0
"Longview, TX","30980",2007,365,294,55,14,2,0,0,164,77,35,0,10,326,29,0,0
"Longview, WA","31020",2007,336,296,40,0,0,0,0,78,54,18,0,0,0,0,336,0
"Los Alamos, NM","31060",2007,118,117,1,0,0,0,0,58,21,13,0,0,0,0,118,0
"Los Angeles-Long Beach-Anaheim, CA","31080",2007,365,42,195,91,30,6,1,381,151,81,0,66,167,0,127,5
"Louisville/Jefferson County, KY-IN","31140",2007,365,61,190,92,22,0,0,198,133,74,0,2,87,130,146,0
"Ludington, MI","31220",2007,183,132,33,16,2,0,0,177,100,42,0,0,183,0,0,0
"Lumberton, NC","31300",2007,119,63,54,2,0,0,0,113,72,48,0,0,0,0,119,0
"Lynchburg, VA","31340",2007,114,57,56,1,0,0,0,120,72,51,0,0,0,0,114,0
"Macon, GA","31420",2007,365,138,191,28,8,0,0,184,100,55,0,0,94,10,260,1
"Madera, CA","31460",2007,363,279,72,12,0,0,0,143,77,40,0,49,314,0,0,0
"Madison, WI","31540",2007,364,192,153,17,2,0,0,154,86,49,0,0,179,0,185,0
"Malone, NY","31660",2007,365,336,24,4,1,0,0,180,49,24,0,0,179,84,0,102
"Manchester-Nashua, NH","31700",2007,365,273,73,17,2,0,0,172,85,37,7,100,161,42,54,1
"Manhattan, KS","31740",2007,359,298,58,3,0,0,0,108,64,39,0,0,359,0,0,0
"Manitowoc, WI","31820",2007,251,177,56,15,3,0,0,166,84,43,0,0,187,0,64,0
"Marietta, OH","31930",2007,229,128,76,21,4,0,0,164,105,49,0,0,214,0,0,15
"Marion, NC","32000",2007,329,115,210,4,0,0,0,139,84,55,0,0,0,0,329,0
"Marshall, MN","32140",2007,353,272,80,1,0,0,0,115,61,40,0,0,130,0,223,0
"Marshall, TX","32220",2007,365,237,125,3,0,0,0,132,67,44,0,0,148,0,217,0
"Mason City, IA","32380",2007,365,313,50,2,0,0,0,104,55,31,0,0,0,0,0,365
"Mayaguez, PR","32420",2007,25,22,3,0,0,0,0,58,54,25,0,0,0,0,25,0
"McAlester, OK","32540",2007,356,272,78,6,0,0,0,129,67,39,0,0,295,0,61,0
"McAllen-Edinburg-Mission, TX","32580",2007,365,228,136,1,0,0,0,101,67,44,0,0,79,0,282,4
"Medford, OR","32780",2007,365,243,119,3,0,0,0,119,77,41,0,0,144,0,215,6
"Memphis, TN-MS-AR","32820",2007,365,113,196,51,4,1,0,203,119,60,0,7,126,25,207,0
"Merced, CA","32900",2007,364,223,99,37,5,0,0,177,105,46,0,42,279,0,42,1
"Meridian, MS","32940",2007,365,186,172,7,0,0,0,116,77,50,0,0,85,0,280,0
"Miami, OK","33060",2007,364,217,140,7,0,0,0,115,74,45,0,0,114,0,192,58
"Miami-Fort Lauderdale-West Palm Beach, FL","33100",2007,365,209,143,10,3,0,0,153,77,48,0,8,116,10,225,6
"Michigan City-La Porte, IN","33140",2007,365,210,139,16,0,0,0,150,80,47,0,0,116,26,223,0
"Middlesborough, KY","33180",2007,264,95,132,33,4,0,0,169,108,62,0,0,231,0,33,0
"Milwaukee-Waukesha-West Allis, WI","33340",2007,365,233,110,19,3,0,0,166,84,44,0,71,189,1,99,5
"Minneapolis-St. Paul-Bloomington, MN-WI","33460",2007,365,167,185,11,2,0,0,153,84,53,0,2,113,5,237,8
"Missoula, MT","33540",2007,365,308,51,5,1,0,0,159,58,25,37,0,0,0,112,216
"Mobile, AL","33660",2007,359,261,79,17,2,0,0,164,75,42,0,0,203,0,69,87
"Modesto, CA","33700",2007,365,146,167,37,15,0,0,178,115,56,0,1,150,0,213,1
"Monroe, LA","33740",2007,358,299,58,1,0,0,0,101,59,36,0,0,264,7,87,0
"Monroe, MI","33780",2007,118,55,60,3,0,0,0,112,75,52,0,0,0,0,118,0
"Montgomery, AL","33860",2007,353,154,180,14,5,0,0,157,87,54,0,0,128,0,225,0
"Morehead City, NC","33980",2007,354,307,44,3,0,0,0,115,58,37,0,0,354,0,0,0
"Morgantown, WV","34060",2007,365,221,104,36,4,0,0,200,101,44,0,0,130,156,79,0
"Morristown, TN","34100",2007,245,103,110,29,3,0,0,159,105,61,0,0,245,0,0,0
"Moscow, ID","34140",2007,353,339,14,0,0,0,0,81,39,14,0,0,0,0,353,0
"Moses Lake, WA","34180",2007,357,314,43,0,0,0,0,87,52,23,0,0,0,0,357,0
"Mount Vernon, IL","34500",2007,316,130,175,11,0,0,0,147,88,54,0,0,96,0,220,0
"Mount Vernon, OH","34540",2007,214,135,65,13,1,0,0,156,90,45,0,0,214,0,0,0
"Mount Vernon-Anacortes, WA","34580",2007,365,348,13,3,1,0,0,163,44,31,0,15,251,5,94,0
"Muncie, IN","34620",2007,333,137,177,18,1,0,0,154,93,54,0,0,122,0,211,0
"Muscatine, IA","34700",2007,365,149,142,64,10,0,0,200,118,56,0,0,0,131,222,12
"Muskegon, MI","34740",2007,356,214,120,18,4,0,0,169,80,44,0,0,131,0,225,0
"Muskogee, OK","34780",2007,365,298,66,1,0,0,0,104,58,30,0,0,0,29,109,227
"Myrtle Beach-Conway-North Myrtle Beach, SC-NC","34820",2007,96,60,34,2,0,0,0,129,69,41,0,0,0,0,96,0
"Napa, CA","34900",2007,365,213,146,6,0,0,0,120,77,46,0,2,84,0,278,1
"Naples-Immokalee-Marco Island, FL","34940",2007,364,270,92,2,0,0,0,137,67,40,0,0,214,0,150,0
"Nashville-Davidson--Murfreesboro--Franklin, TN","34980",2007,365,113,181,59,12,0,0,197,116,60,0,13,153,6,193,0
"Natchez, MS-LA","35020",2007,280,211,65,4,0,0,0,119,69,42,0,0,200,0,80,0
"New Castle, IN","35220",2007,113,49,63,1,0,0,0,103,72,52,0,0,0,0,113,0
"New Castle, PA","35260",2007,365,264,82,19,0,0,0,138,80,39,0,102,142,87,0,34
"New Haven-Milford, CT","35300",2007,365,216,119,23,7,0,0,200,91,45,0,74,118,10,163,0
"New Orleans-Metairie, LA","35380",2007,365,108,176,55,26,0,0,200,140,62,0,9,106,119,130,1
"New Philadelphia-Dover, OH","35420",2007,359,309,47,3,0,0,0,104,56,23,0,0,0,359,0,0
"New York-Newark-Jersey City, NY-NJ-PA","35620",2007,365,68,231,43,23,0,0,195,129,66,0,48,91,8,217,1
"Niles-Benton Harbor, MI","35660",2007,241,140,75,22,3,1,0,201,101,47,0,0,170,0,71,0
"Nogales, AZ","35700",2007,358,171,173,14,0,0,0,140,88,52,0,0,0,0,26,332
"North Port-Sarasota-Bradenton, FL","35840",2007,365,275,80,10,0,0,0,147,74,41,6,1,306,2,40,10
"Norwich-New London, CT","35980",2007,331,219,89,17,6,0,0,179,80,42,0,0,148,0,183,0
"Ocala, FL","36100",2007,365,291,67,5,2,0,0,164,61,40,0,0,296,0,69,0
"Odessa, TX","36220",2007,365,299,66,0,0,0,0,75,54,31,0,0,0,0,365,0
"Ogden-Clearfield, UT","36260",2007,365,135,187,32,11,0,0,174,105,58,5,85,163,2,105,5
"Ogdensburg-Massena, NY","36300",2007,53,50,3,0,0,0,0,80,45,21,0,0,0,0,53,0
"Oklahoma City, OK","36420",2007,365,192,163,8,2,0,0,159,75,49,0,22,164,0,179,0
"Olympia-Tumwater, WA","36500",2007,360,295,60,5,0,0,0,115,64,30,0,0,138,0,222,0
"Omaha-Council Bluffs, NE-IA","36540",2007,365,111,235,19,0,0,0,150,93,60,0,0,47,18,262,38
"Orlando-Kissimmee-Sanford, FL","36740",2007,365,218,129,16,2,0,0,166,77,46,0,0,196,0,169,0
"Othello, WA","36830",2007,365,338,27,0,0,0,0,72,47,21,0,0,0,0,365,0
"Ottawa-Peru, IL","36860",2007,365,161,143,44,17,0,0,200,123,53,0,0,0,86,252,27
"Owensboro, KY","36980",2007,365,169,153,39,4,0,0,174,105,52,0,9,163,35,158,0
"Oxford, NC","37080",2007,214,86,101,25,2,0,0,166,101,58,0,0,214,0,0,0
"Oxnard-Thousand Oaks-Ventura, CA","37100",2007,365,181,141,37,6,0,0,190,105,51,0,13,308,0,42,2
"Paducah, KY-IL","37140",2007,365,176,160,29,0,0,0,143,93,51,0,26,132,27,180,0
"Pahrump, NV","37220",2007,365,321,39,3,2,0,0,200,53,30,0,0,0,0,0,365
"Palatka, FL","37260",2007,356,347,9,0,0,0,0,85,35,19,0,0,0,80,0,276
"Palm Bay-Melbourne-Titusville, FL","37340",2007,365,257,104,3,1,0,0,156,67,42,0,0,242,5,118,0
"Panama City, FL","37460",2007,364,260,93,11,0,0,0,136,77,42,0,0,304,0,51,9
"Parkersburg-Vienna, WV","37620",2007,365,176,144,42,3,0,0,161,105,51,0,0,135,176,54,0
"Payson, AZ","37740",2007,362,61,170,116,15,0,0,200,136,84,0,0,84,236,9,33
"Pensacola-Ferry Pass-Brent, FL","37860",2007,365,165,170,28,2,0,0,174,96,52,0,0,171,36,158,0
"Peoria, IL","37900",2007,365,130,191,37,7,0,0,200,105,58,1,0,114,84,165,1
"Philadelphia-Camden-Wilmington, PA-NJ-DE-MD","37980",2007,365,88,217,43,14,3,0,221,129,66,2,28,125,34,175,1
"Phoenix-Mesa-Scottsdale, AZ","38060",2007,365,22,121,130,49,19,24,2148,221,113,0,27,57,0,18,263
"Pittsburgh, PA","38300",2007,365,45,205,87,28,0,0,196,141,77,0,2,52,144,167,0
"Pittsfield, MA","38340",2007,363,239,100,22,2,0,0,169,87,38,0,0,120,0,243,0
"Platteville, WI","38420",2007,120,69,48,3,0,0,0,127,76,44,0,0,0,0,120,0
"Pocatello, ID","38540",2007,365,201,163,1,0,0,0,105,71,48,0,0,0,188,137,40
"Ponca City, OK","38620",2007,365,271,90,3,1,0,0,161,66,40,2,0,210,24,52,77
"Ponce, PR","38660",2007,361,346,15,0,0,0,0,77,40,7,0,0,0,242,32,87
"Port Angeles, WA","38820",2007,363,290,71,2,0,0,0,105,59,38,0,0,224,0,139,0
"Port St. Lucie, FL","38940",2007,363,275,87,1,0,0,0,104,59,38,0,0,135,0,228,0
"Portland-South Portland, ME","38860",2007,305,258,32,12,3,0,0,185,61,34,0,0,256,0,34,15
"Portland-Vancouver-Hillsboro, OR-WA","38900",2007,365,247,96,20,2,0,0,156,84,39,0,1,123,0,240,1
"Portsmouth, OH","39020",2007,365,278,84,3,0,0,0,117,62,33,0,0,0,111,105,149
"Pottsville, PA","39060",2007,365,352,13,0,0,0,0,96,36,16,70,0,0,295,0,0
"Prescott, AZ","39140",2007,120,118,2,0,0,0,0,80,36,18,0,0,0,0,82,38
"Providence-Warwick, RI-MA","39300",2007,365,205,128,26,6,0,0,187,96,48,0,18,141,47,159,0
"Provo-Orem, UT","39340",2007,365,160,169,25,11,0,0,164,100,54,0,104,134,0,123,4
"Pueblo, CO","39380",2007,128,120,8,0,0,0,0,70,46,28,0,0,0,0,93,35
"Pullman, WA","39420",2007,365,341,24,0,0,0,0,74,44,21,0,0,0,0,365,0
"Quincy, IL-MO","39500",2007,334,263,65,6,0,0,0,140,67,38,0,0,303,5,26,0
"Racine, WI","39540",2007,175,123,40,12,0,0,0,150,90,42,0,0,175,0,0,0
"Raleigh, NC","39580",2007,365,153,175,34,3,0,0,166,101,55,0,0,181,1,183,0
"Rapid City, SD","39660",2007,365,231,132,2,0,0,0,115,67,45,0,0,255,0,23,87
"Reading, PA","39740",2007,273,168,85,19,1,0,0,161,97,44,0,26,143,24,76,4
"Red Bluff, CA","39780",2007,359,262,68,28,1,0,0,154,97,39,0,0,352,0,0,7
"Red Wing, MN","39860",2007,183,147,32,4,0,0,0,133,61,42,0,0,183,0,0,0
"Redding, CA","39820",2007,365,262,81,22,0,0,0,133,90,44,0,0,353,0,12,0
"Reno, NV","39900",2007,365,216,138,11,0,0,0,115,80,48,0,105,231,0,20,9
"Richmond, IN","39980",2007,365,251,78,36,0,0,0,133,100,24,0,0,0,365,0,0
"Richmond, VA","40060",2007,365,142,173,43,7,0,0,179,112,56,0,42,149,56,118,0
"Richmond-Berea, KY","40080",2007,118,65,51,2,0,0,0,124,76,49,0,0,0,0,118,0
"Riverside-San Bernardino-Ontario, CA","40140",2007,365,42,120,105,81,16,1,1108,179,108,0,32,238,0,68,27
"Riverton, WY","40180",2007,316,222,88,6,0,0,0,140,74,44,0,2,209,0,44,61
"Roanoke, VA","40220",2007,365,175,180,9,1,0,0,151,83,52,3,28,90,1,242,1
"Rochester, MN","40340",2007,354,192,154,6,2,0,0,152,75,48,0,0,116,0,238,0
"Rochester, NY","40380",2007,365,255,97,12,1,0,0,156,74,39,0,0,199,34,132,0
"Rock Springs, WY","40540",2007,365,218,144,3,0,0,0,137,74,46,0,11,304,0,0,50
"Rockford, IL","40420",2007,365,287,71,7,0,0,0,122,67,36,1,0,298,0,66,0
"Rockland, ME","40500",2007,179,151,22,4,2,0,0,177,71,34,0,0,179,0,0,0
"Rocky Mount, NC","40580",2007,259,133,108,18,0,0,0,143,97,50,0,0,194,0,65,0
"Rome, GA","40660",2007,365,149,191,23,2,0,0,165,92,56,0,0,0,120,245,0
"Roseburg, OR","40700",2007,360,299,61,0,0,0,0,91,56,24,0,0,0,0,360,0
"Roswell, NM","40740",2007,125,119,6,0,0,0,0,79,40,24,0,0,0,0,120,5
"Ruidoso, NM","40760",2007,103,103,0,0,0,0,0,44,25,13,0,0,0,0,103,0
"Russellville, AR","40780",2007,119,63,55,1,0,0,0,104,68,49,0,0,0,0,119,0
"Rutland, VT","40860",2007,362,307,55,0,0,0,0,87,56,23,9,185,0,72,94,2
"Sacramento--Roseville--Arden-Arcade, CA","40900",2007,365,78,190,79,17,1,0,218,136,71,0,27,214,0,123,1
"Safford, AZ","40940",2007,60,59,1,0,0,0,0,54,31,19,0,0,0,0,0,60
"Salem, OH","41400",2007,363,294,55,13,1,0,0,161,77,18,0,0,0,322,0,41
"Salem, OR","41420",2007,365,304,55,6,0,0,0,115,60,30,0,0,149,0,216,0
"Salinas, CA","41500",2007,365,350,15,0,0,0,0,100,45,35,0,19,321,0,14,11
"Salisbury, MD-DE","41540",2007,261,131,107,21,2,0,0,177,97,50,0,0,195,0,66,0
"Salt Lake City, UT","41620",2007,365,119,182,52,12,0,0,177,115,60,0,66,139,9,123,28
"San Antonio-New Braunfels, TX","41700",2007,365,209,148,7,1,0,0,157,70,48,0,25,128,0,206,6
"San Diego-Carlsbad, CA","41740",2007,365,87,217,51,9,1,0,257,115,67,2,41,219,0,95,8
"San Francisco-Oakland-Hayward, CA","41860",2007,365,230,120,14,1,0,0,164,78,45,0,29,163,5,168,0
"San Jose-Sunnyvale-Santa Clara, CA","41940",2007,365,182,156,26,1,0,0,152,90,51,0,10,229,0,126,0
"San Juan-Carolina-Caguas, PR","41980",2007,365,289,75,1,0,0,0,128,57,37,30,0,11,32,104,188
"San Luis Obispo-Paso Robles-Arroyo Grande, CA","42020",2007,365,169,153,41,2,0,0,156,105,54,0,7,311,27,11,9
"Sandpoint, ID","41760",2007,305,305,0,0,0,0,0,48,24,12,0,0,0,0,0,305
"Santa Cruz-Watsonville, CA","42100",2007,365,352,13,0,0,0,0,97,44,34,0,2,343,0,13,7
"Santa Fe, NM","42140",2007,365,325,40,0,0,0,0,87,51,30,6,0,174,0,178,7
"Santa Maria-Santa Barbara, CA","42200",2007,365,224,120,19,2,0,0,183,84,48,0,2,341,0,20,2
"Santa Rosa, CA","42220",2007,364,331,33,0,0,0,0,93,48,35,0,46,292,0,26,0
"Sault Ste. Marie, MI","42300",2007,107,59,46,2,0,0,0,136,71,43,0,0,0,0,107,0
"Savannah, GA","42340",2007,365,145,207,11,2,0,0,155,77,55,0,0,45,60,260,0
"Scottsbluff, NE","42420",2007,153,114,39,0,0,0,0,97,71,36,0,0,63,0,90,0
"Scottsboro, AL","42460",2007,273,256,16,1,0,0,0,120,40,9,0,0,0,273,0,0
"Scranton--Wilkes-Barre--Hazleton, PA","42540",2007,365,229,120,16,0,0,0,136,84,44,0,48,137,11,168,1
"Searcy, AR","42620",2007,117,66,51,0,0,0,0,100,68,44,0,0,0,0,117,0
"Seattle-Tacoma-Bellevue, WA","42660",2007,365,217,122,21,5,0,0,159,93,46,0,0,151,1,213,0
"Sebastian-Vero Beach, FL","42680",2007,310,256,52,2,0,0,0,115,67,38,0,0,310,0,0,0
"Sebring, FL","42700",2007,357,300,54,3,0,0,0,122,61,36,0,0,357,0,0,0
"Seneca, SC","42860",2007,365,242,116,6,1,0,0,161,77,44,0,0,319,5,41,0
"Sevierville, TN","42940",2007,363,165,134,52,12,0,0,166,122,58,0,0,361,2,0,0
"Seymour, IN","42980",2007,183,100,62,21,0,0,0,143,101,49,0,0,183,0,0,0
"Sheboygan, WI","43100",2007,204,134,46,18,6,0,0,166,108,44,0,0,189,0,0,15
"Shelton, WA","43220",2007,365,315,48,2,0,0,0,133,55,23,0,0,0,0,365,0
"Sheridan, WY","43260",2007,259,219,38,2,0,0,0,107,55,28,0,0,0,0,77,182
"Show Low, AZ","43320",2007,311,198,111,2,0,0,0,112,77,46,0,0,286,0,16,9
"Shreveport-Bossier City, LA","43340",2007,365,211,139,13,2,0,0,197,77,46,0,0,181,1,181,2
"Sierra Vista-Douglas, AZ","43420",2007,357,239,117,1,0,0,0,108,71,45,0,0,332,0,16,9
"Silver City, NM","43500",2007,365,328,37,0,0,0,0,80,51,41,0,0,358,1,5,1
"Sioux City, IA-NE-SD","43580",2007,125,94,29,2,0,0,0,126,64,38,0,0,0,0,108,17
"Sioux Falls, SD","43620",2007,364,310,52,2,0,0,0,139,56,37,0,11,272,3,59,19
"Somerset, KY","43700",2007,244,161,75,8,0,0,0,147,80,45,0,0,244,0,0,0
"Somerset, PA","43740",2007,341,271,64,6,0,0,0,122,67,36,0,0,341,0,0,0
"Sonora, CA","43760",2007,364,246,79,37,2,0,0,169,101,42,0,0,364,0,0,0
"South Bend-Mishawaka, IN-MI","43780",2007,365,171,175,16,3,0,0,151,93,52,0,11,138,0,216,0
"Spartanburg, SC","43900",2007,356,144,186,24,2,0,0,154,93,58,0,0,166,0,189,1
"Spokane-Spokane Valley, WA","44060",2007,365,212,151,2,0,0,0,105,73,46,1,0,115,0,222,27
"Springfield, IL","44100",2007,365,261,80,23,1,0,0,156,84,37,5,0,248,59,53,0
"Springfield, MA","44140",2007,365,192,142,22,7,2,0,207,90,48,0,6,161,2,196,0
"Springfield, MO","44180",2007,365,210,134,19,2,0,0,161,89,47,6,49,143,115,52,0
"Springfield, OH","44220",2007,365,233,111,19,2,0,0,177,87,44,0,0,182,103,80,0
"St. Cloud, MN","41060",2007,365,294,65,6,0,0,0,148,58,35,16,0,153,0,196,0
"St. George, UT","41100",2007,326,200,122,4,0,0,0,122,77,46,0,0,309,0,17,0
"St. Joseph, MO-KS","41140",2007,329,140,188,1,0,0,0,108,72,53,0,0,0,0,323,6
"St. Louis, MO-IL","41180",2007,365,43,199,84,38,1,0,208,151,80,0,2,86,144,119,14
"St. Marys, PA","41260",2007,361,297,56,8,0,0,0,136,67,36,0,0,361,0,0,0
"State College, PA","44300",2007,365,203,145,17,0,0,0,140,84,48,0,3,200,3,159,0
"Steamboat Springs, CO","44460",2007,357,340,17,0,0,0,0,73,36,19,0,0,0,0,0,357
"Stockton-Lodi, CA","44700",2007,365,201,137,26,1,0,0,154,93,48,0,41,160,0,163,1
"Summerville, GA","44900",2007,262,141,97,23,1,0,0,182,100,49,0,0,243,0,0,19
"Syracuse, NY","45060",2007,365,295,54,15,1,0,0,154,74,38,1,0,333,6,25,0
"Tahlequah, OK","45140",2007,365,283,76,6,0,0,0,129,67,38,0,48,251,4,38,24
"Talladega-Sylacauga, AL","45180",2007,118,57,60,1,0,0,0,113,77,51,0,0,0,0,118,0
"Tallahassee, FL","45220",2007,365,148,194,15,7,0,1,326,87,54,0,0,88,0,277,0
"Tampa-St. Petersburg-Clearwater, FL","45300",2007,365,115,194,49,6,1,0,247,108,60,0,0,114,107,140,4
"Taos, NM","45340",2007,361,351,10,0,0,0,0,59,42,17,0,0,0,0,299,62
"Terre Haute, IN","45460",2007,365,118,213,33,1,0,0,154,97,56,0,0,64,83,218,0
"Texarkana, TX-AR","45500",2007,122,69,53,0,0,0,0,85,68,48,0,0,0,0,122,0
"The Dalles, OR","45520",2007,362,305,57,0,0,0,0,94,59,21,0,0,0,0,362,0
"Toledo, OH","45780",2007,365,215,125,20,5,0,0,185,93,46,0,0,150,89,73,53
"Topeka, KS","45820",2007,362,282,76,4,0,0,0,112,71,40,0,0,296,0,52,14
"Torrington, CT","45860",2007,365,276,59,23,6,1,0,219,90,39,1,12,313,2,37,0
"Traverse City, MI","45900",2007,183,128,38,16,1,0,0,156,100,42,0,0,183,0,0,0
"Trenton, NJ","45940",2007,365,205,124,28,7,1,0,201,100,47,0,18,192,0,155,0
"Truckee-Grass Valley, CA","46020",2007,365,133,171,52,9,0,0,177,119,57,0,0,239,0,126,0
"Tucson, AZ","46060",2007,365,183,171,11,0,0,0,127,84,50,0,21,271,0,24,49
"Tulsa, OK","46140",2007,365,147,197,19,2,0,0,174,84,54,0,2,142,51,168,2
"Tupelo, MS","46180",2007,364,189,163,11,1,0,0,152,83,49,0,0,112,0,252,0
"Tuscaloosa, AL","46220",2007,274,154,102,16,2,0,0,159,93,47,0,0,190,0,84,0
"Twin Falls, ID","46300",2007,295,243,52,0,0,0,0,79,55,30,0,0,0,0,295,0
"Tyler, TX","46340",2007,353,286,54,13,0,0,0,143,74,37,0,11,342,0,0,0
"Ukiah, CA","46380",2007,365,358,7,0,0,0,0,90,42,31,0,40,308,0,8,9
"Urban Honolulu, HI","46520",2007,365,360,5,0,0,0,0,77,31,21,3,34,122,27,59,120
"Utica-Rome, NY","46540",2007,365,246,114,5,0,0,0,147,70,42,0,0,213,0,152,0
"Valdosta, GA","46660",2007,53,34,18,0,1,0,0,161,72,41,0,0,0,0,53,0
"Vallejo-Fairfield, CA","46700",2007,365,216,131,18,0,0,0,126,81,45,0,7,156,2,200,0
"Vernal, UT","46860",2007,163,96,67,0,0,0,0,93,64,50,0,0,163,0,0,0
"Victoria, TX","47020",2007,361,332,28,1,0,0,0,101,48,31,0,0,361,0,0,0
"Vincennes, IN","47180",2007,363,241,97,25,0,0,0,150,90,44,0,0,297,0,66,0
"Vineland-Bridgeton, NJ","47220",2007,361,227,112,20,2,0,0,156,88,44,0,0,220,1,140,0
"Vineyard Haven, MA","47240",2007,232,178,48,3,3,0,0,172,74,39,0,0,167,0,65,0
"Virginia Beach-Norfolk-Newport News, VA-NC","47260",2007,365,176,165,22,2,0,0,174,92,51,0,15,140,70,139,1
"Visalia-Porterville, CA","47300",2007,365,59,126,120,60,0,0,192,156,100,0,4,200,0,160,1
"Wabash, IN","47340",2007,356,273,62,21,0,0,0,147,87,38,0,0,356,0,0,0
"Waco, TX","47380",2007,256,152,96,8,0,0,0,122,71,45,0,0,102,0,154,0
"Walla Walla, WA","47460",2007,365,296,68,1,0,0,0,108,62,26,0,0,0,0,250,115
"Walterboro, SC","47500",2007,363,282,76,5,0,0,0,119,71,41,0,0,363,0,0,0
"Warner Robins, GA","47580",2007,103,52,46,3,2,0,0,191,74,49,0,0,0,0,103,0
"Warren, PA","47620",2007,365,254,64,46,1,0,0,155,105,24,0,0,0,365,0,0
"Washington Court House, OH","47920",2007,361,259,80,22,0,0,0,147,90,40,0,0,361,0,0,0
"Washington, IN","47780",2007,333,261,55,17,0,0,0,147,79,14,0,0,0,333,0,0
"Washington, NC","47820",2007,325,322,3,0,0,0,0,55,14,3,0,0,0,325,0,0
"Washington-Arlington-Alexandria, DC-VA-MD-WV","47900",2007,365,135,164,49,16,1,0,205,126,59,0,51,168,13,133,0
"Waterloo-Cedar Falls, IA","47940",2007,262,187,69,4,2,0,0,155,67,43,0,0,183,0,72,7
"Watertown, SD","47980",2007,360,330,30,0,0,0,0,86,49,23,0,0,0,0,98,262
"Watertown-Fort Atkinson, WI","48020",2007,184,131,42,10,1,0,0,154,87,44,0,0,184,0,0,0
"Watertown-Fort Drum, NY","48060",2007,244,200,28,15,1,0,0,154,74,37,0,0,244,0,0,0
"Wausau, WI","48140",2007,203,167,30,5,1,0,0,156,64,41,0,0,203,0,0,0
"Weirton-Steubenville, WV-OH","48260",2007,365,48,155,152,10,0,0,197,128,91,1,0,36,296,30,2
"Wenatchee, WA","48300",2007,365,267,98,0,0,0,0,96,67,31,0,0,0,0,365,0
"Wheeling, WV-OH","48540",2007,365,88,212,65,0,0,0,146,110,67,0,0,79,151,135,0
"Whitewater-Elkhorn, WI","48580",2007,189,131,49,8,1,0,0,154,84,44,0,0,189,0,0,0
"Wichita Falls, TX","48660",2007,313,258,55,0,0,0,0,77,54,31,0,0,0,0,313,0
"Wichita, KS","48620",2007,365,276,85,4,0,0,0,119,67,41,2,29,264,0,54,16
"Williamsport, PA","48700",2007,358,294,51,13,0,0,0,143,71,33,0,0,205,144,0,9
"Williston, ND","48780",2007,362,347,14,1,0,0,0,135,39,9,0,0,0,362,0,0
"Wilmington, NC","48900",2007,365,180,168,17,0,0,0,148,87,51,0,0,87,126,152,0
"Wilmington, OH","48940",2007,214,105,67,40,2,0,0,164,115,51,0,0,214,0,0,0
"Winchester, VA-WV","49020",2007,246,162,77,7,0,0,0,140,80,44,0,0,208,0,16,22
"Winona, MN","49100",2007,116,100,15,1,0,0,0,116,56,27,0,0,0,0,116,0
"Winston-Salem, NC","49180",2007,365,118,196,46,5,0,0,177,112,59,0,19,136,20,190,0
"Worcester, MA-CT","49340",2007,365,236,99,20,10,0,0,177,87,43,0,14,230,0,119,2
"Yakima, WA","49420",2007,365,240,118,7,0,0,0,130,75,38,0,0,0,0,364,1
"York-Hanover, PA","49620",2007,365,198,126,37,4,0,0,164,103,48,0,96,150,36,76,7
"Youngstown-Warren-Boardman, OH-PA","49660",2007,365,157,169,35,4,0,0,166,101,55,0,0,153,33,179,0
"Yuba City, CA","49700",2007,365,205,127,32,1,0,0,151,98,48,0,23,216,0,125,1
"Yuma, AZ","49740",2007,365,205,140,17,3,0,0,198,78,48,0,7,164,0,0,194
