"CBSA","CBSA Code","Year","Days with AQI","Good Days","Moderate Days","Unhealthy for Sensitive Groups Days","Unhealthy Days","Very Unhealthy Days","Hazardous Days","Max AQI","90th Percentile AQI","Median AQI","Days CO","Days NO2","Days Ozone","Days SO2","Days PM2.5","Days PM10"
"Aberdeen, SD","10100",2000,103,84,19,0,0,0,0,77,54,30,0,0,0,0,84,19
"Adrian, MI","10300",2000,182,138,38,4,2,0,0,154,77,44,0,0,182,0,0,0
"Aguadilla-Isabela, PR","10380",2000,92,87,5,0,0,0,0,73,35,22,0,0,0,0,92,0
"Akron, OH","10420",2000,366,79,219,65,3,0,0,185,115,68,1,0,66,114,185,0
"Alamogordo, NM","10460",2000,56,54,2,0,0,0,0,56,34,16,0,0,0,0,0,56
"Albany, GA","10500",2000,115,40,70,5,0,0,0,122,85,54,0,0,0,0,107,8
"Albany, OR","10540",2000,115,93,20,2,0,0,0,122,72,26,0,0,0,0,115,0
"Albany-Schenectady-Troy, NY","10580",2000,366,274,84,7,1,0,0,179,72,39,4,0,254,38,70,0
"Albert Lea, MN","10660",2000,50,34,15,1,0,0,0,106,79,35,0,0,0,0,34,16
"Albuquerque, NM","10740",2000,366,123,208,35,0,0,0,147,100,58,0,18,237,0,67,44
"Alexandria, LA","10780",2000,357,226,106,25,0,0,0,150,93,44,0,0,290,0,67,0
"Alexandria, MN","10820",2000,13,11,2,0,0,0,0,69,52,21,0,0,0,0,10,3
"Allentown-Bethlehem-Easton, PA-NJ","10900",2000,366,139,192,29,4,2,0,212,97,55,0,28,92,59,180,7
"Alpena, MI","10980",2000,78,62,16,0,0,0,0,79,58,27,0,0,0,0,78,0
"Altoona, PA","11020",2000,365,280,71,12,2,0,0,177,72,40,0,90,173,100,0,2
"Amarillo, TX","11100",2000,57,52,5,0,0,0,0,64,47,26,0,0,0,0,57,0
"Americus, GA","11140",2000,245,128,74,38,5,0,0,187,108,50,0,0,245,0,0,0
"Ames, IA","11180",2000,257,203,51,3,0,0,0,115,68,36,0,0,188,0,69,0
"Anchorage, AK","11260",2000,305,257,47,1,0,0,0,115,54,30,132,0,0,0,77,96
"Ann Arbor, MI","11460",2000,365,244,108,11,2,0,0,161,77,42,0,0,295,0,70,0
"Appleton, WI","11540",2000,242,190,50,2,0,0,0,136,65,37,0,0,162,0,80,0
"Ardmore, OK","11620",2000,300,162,98,28,11,1,0,205,105,49,0,0,254,0,46,0
"Arkadelphia, AR","11660",2000,347,265,57,25,0,0,0,147,90,39,0,0,347,0,0,0
"Asheville, NC","11700",2000,299,103,142,45,9,0,0,179,119,61,0,0,225,0,73,1
"Ashtabula, OH","11780",2000,365,281,63,18,2,1,0,201,77,36,0,0,200,165,0,0
"Athens, OH","11900",2000,98,53,45,0,0,0,0,93,73,45,0,0,0,0,82,16
"Athens, TN","11940",2000,363,231,110,22,0,0,0,144,81,34,0,158,0,113,83,9
"Athens-Clarke County, GA","12020",2000,92,23,64,5,0,0,0,142,84,62,0,0,0,0,92,0
"Atlanta-Sandy Springs-Roswell, GA","12060",2000,366,45,204,69,35,13,0,235,161,77,0,12,140,23,191,0
"Atlantic City-Hammonton, NJ","12100",2000,362,279,69,11,3,0,0,185,74,37,0,0,291,21,49,1
"Auburn, IN","12140",2000,59,56,3,0,0,0,0,55,36,22,0,0,0,0,0,59
"Augusta-Richmond County, GA-SC","12260",2000,365,171,132,53,7,2,0,206,115,54,0,8,280,0,77,0
"Augusta-Waterville, ME","12300",2000,212,193,18,1,0,0,0,115,49,32,0,0,183,0,0,29
"Austin-Round Rock, TX","12420",2000,366,177,154,25,10,0,0,187,100,52,0,5,161,0,200,0
"Bakersfield, CA","12540",2000,366,52,110,95,100,9,0,213,179,111,1,16,228,0,118,3
"Baltimore-Columbia-Towson, MD","12580",2000,366,90,215,44,15,2,0,215,119,65,0,25,113,50,177,1
"Bangor, ME","12620",2000,365,346,17,2,0,0,0,105,45,34,0,0,362,0,0,3
"Baraboo, WI","12660",2000,179,135,37,7,0,0,0,147,71,42,0,0,179,0,0,0
"Barnstable Town, MA","12700",2000,275,220,41,11,2,1,0,222,84,36,0,7,268,0,0,0
"Barre, VT","12740",2000,117,82,34,1,0,0,0,121,65,34,0,0,0,0,111,6
"Baton Rouge, LA","12940",2000,366,85,176,70,29,6,0,217,150,71,0,10,150,68,137,1
"Battle Creek, MI","12980",2000,40,38,2,0,0,0,0,51,45,23,0,0,0,0,0,40
"Bay City, MI","13020",2000,39,27,12,0,0,0,0,84,75,35,0,0,0,0,39,0
"Beaumont-Port Arthur, TX","13140",2000,366,109,167,68,21,1,0,210,136,67,0,3,139,176,48,0
"Beaver Dam, WI","13180",2000,344,258,80,5,1,0,0,154,68,40,0,0,284,0,60,0
"Beckley, WV","13220",2000,120,60,59,1,0,0,0,102,75,52,0,0,0,0,116,4
"Bellingham, WA","13380",2000,235,210,25,0,0,0,0,79,51,30,0,0,135,0,97,3
"Bend-Redmond, OR","13460",2000,356,302,52,2,0,0,0,111,57,26,42,0,0,0,273,41
"Bennington, VT","13540",2000,279,227,48,3,1,0,0,164,60,34,0,0,169,0,107,3
"Berlin, NH-VT","13620",2000,366,255,93,18,0,0,0,126,80,37,0,0,89,230,32,15
"Big Stone Gap, VA","13720",2000,41,41,0,0,0,0,0,40,30,19,0,0,0,0,0,41
"Billings, MT","13740",2000,366,156,172,37,1,0,0,153,101,57,17,0,0,329,19,1
"Binghamton, NY","13780",2000,101,62,39,0,0,0,0,91,71,40,0,0,0,0,101,0
"Birmingham-Hoover, AL","13820",2000,366,21,221,89,29,6,0,214,148,84,27,0,78,36,212,13
"Bishop, CA","13860",2000,366,184,123,32,4,2,21,10736,126,50,0,0,284,0,3,79
"Bismarck, ND","13900",2000,366,210,108,48,0,0,0,139,105,47,0,0,142,209,15,0
"Blackfoot, ID","13940",2000,40,30,10,0,0,0,0,91,63,34,0,0,0,0,0,40
"Blacksburg-Christiansburg-Radford, VA","13980",2000,345,205,99,39,2,0,0,161,101,45,0,0,345,0,0,0
"Bloomington, IL","14010",2000,55,25,29,1,0,0,0,112,83,52,0,0,0,0,55,0
"Bloomington, IN","14020",2000,174,101,59,10,4,0,0,174,93,48,0,0,174,0,0,0
"Bluefield, WV-VA","14140",2000,112,57,54,0,1,0,0,170,74,49,0,0,0,0,110,2
"Blytheville, AR","14180",2000,20,8,12,0,0,0,0,86,84,57,0,0,0,0,20,0
"Boise City, ID","14260",2000,366,293,67,6,0,0,0,117,61,37,146,60,0,0,67,93
"Boston-Cambridge-Newton, MA-NH","14460",2000,366,91,253,20,2,0,0,185,89,61,0,35,44,78,208,1
"Boulder, CO","14500",2000,366,274,87,5,0,0,0,126,69,42,39,0,259,0,55,13
"Bowling Green, KY","14540",2000,366,186,153,22,5,0,0,182,93,50,0,32,238,0,96,0
"Bozeman, MT","14580",2000,337,308,25,2,2,0,0,167,45,11,198,0,0,0,88,51
"Brainerd, MN","14660",2000,12,10,1,1,0,0,0,103,95,10,0,0,0,0,6,6
"Breckenridge, CO","14720",2000,120,113,6,1,0,0,0,114,43,17,0,0,0,0,0,120
"Bremerton-Silverdale, WA","14740",2000,63,48,15,0,0,0,0,68,59,35,0,0,0,0,63,0
"Bridgeport-Stamford-Norwalk, CT","14860",2000,366,230,105,24,6,1,0,220,91,44,6,103,147,39,70,1
"Brookings, SD","15100",2000,133,111,22,0,0,0,0,91,58,28,0,0,0,0,88,45
"Brownsville, TN","15140",2000,222,110,66,38,8,0,0,187,119,51,0,0,222,0,0,0
"Brownsville-Harlingen, TX","15180",2000,366,334,31,1,0,0,0,101,49,31,8,0,290,1,62,5
"Brunswick, GA","15260",2000,282,171,105,6,0,0,0,147,83,47,0,0,194,0,80,8
"Bucyrus, OH","15340",2000,347,282,56,8,1,0,0,195,74,36,0,0,347,0,0,0
"Buffalo-Cheektowaga-Niagara Falls, NY","15380",2000,366,151,113,90,12,0,0,200,133,59,0,68,75,182,41,0
"Burley, ID","15420",2000,57,54,3,0,0,0,0,53,40,20,0,0,0,0,0,57
"Burlington, NC","15500",2000,104,37,66,1,0,0,0,104,76,56,0,0,0,0,104,0
"Burlington-South Burlington, VT","15540",2000,316,272,40,4,0,0,0,133,56,36,2,78,176,1,58,1
"Butte-Silver Bow, MT","15580",2000,366,324,36,3,3,0,0,191,55,22,192,0,0,0,60,114
"Cadillac, MI","15620",2000,362,336,21,4,1,0,0,182,46,28,0,122,240,0,0,0
"Cambridge, MD","15700",2000,362,260,60,34,8,0,0,195,105,37,0,0,362,0,0,0
"Canton-Massillon, OH","15940",2000,366,193,140,26,7,0,0,190,95,49,11,0,148,104,88,15
"Cape Coral-Fort Myers, FL","15980",2000,366,292,62,11,1,0,0,172,74,39,0,0,323,0,42,1
"Carbondale-Marion, IL","16060",2000,60,58,2,0,0,0,0,51,39,19,0,0,0,0,0,60
"Carlsbad-Artesia, NM","16100",2000,366,261,100,5,0,0,0,115,71,43,0,10,292,14,50,0
"Carson City, NV","16180",2000,366,281,85,0,0,0,0,97,67,44,38,0,328,0,0,0
"Casper, WY","16220",2000,57,57,0,0,0,0,0,42,28,13,0,0,0,0,0,57
"Ca¤on City, CO","15860",2000,60,59,1,0,0,0,0,90,20,15,0,0,0,0,0,60
"Cedar Rapids, IA","16300",2000,366,198,146,21,1,0,0,161,86,49,3,1,117,65,177,3
"Centralia, WA","16500",2000,195,180,15,0,0,0,0,98,48,29,0,0,120,0,75,0
"Chambersburg-Waynesboro, PA","16540",2000,207,119,60,25,3,0,0,179,108,47,0,0,207,0,0,0
"Champaign-Urbana, IL","16580",2000,366,256,95,13,2,0,0,161,80,41,0,0,299,24,43,0
"Charleston, WV","16620",2000,364,173,163,26,2,0,0,159,97,52,0,0,115,166,83,0
"Charleston-North Charleston, SC","16700",2000,366,146,199,17,4,0,0,174,90,54,0,3,141,7,215,0
"Charlotte-Concord-Gastonia, NC-SC","16740",2000,366,73,211,56,23,3,0,222,136,67,1,12,140,33,180,0
"Charlottesville, VA","16820",2000,60,57,3,0,0,0,0,61,40,19,0,0,0,0,0,60
"Chattanooga, TN-GA","16860",2000,289,115,123,40,9,2,0,205,122,58,0,0,193,0,95,1
"Cheyenne, WY","16940",2000,116,111,5,0,0,0,0,57,37,21,0,0,0,0,106,10
"Chicago-Naperville-Elgin, IL-IN-WI","16980",2000,366,14,226,116,10,0,0,190,118,87,0,15,43,153,151,4
"Chico, CA","17020",2000,360,225,88,40,7,0,0,174,112,44,14,41,260,0,25,20
"Cincinnati, OH-KY-IN","17140",2000,366,34,225,93,14,0,0,200,124,81,0,2,73,149,142,0
"Claremont-Lebanon, NH-VT","17200",2000,366,335,28,2,1,0,0,159,49,35,0,0,330,14,21,1
"Clarksburg, WV","17220",2000,115,45,69,1,0,0,0,103,76,54,0,0,0,0,112,3
"Clarksville, TN-KY","17300",2000,366,174,147,40,5,0,0,179,112,53,0,4,250,36,76,0
"Clearlake, CA","17340",2000,366,350,15,1,0,0,0,108,44,34,0,0,362,0,4,0
"Cleveland, MS","17380",2000,285,141,104,39,1,0,0,156,108,51,0,0,204,0,81,0
"Cleveland, TN","17420",2000,366,230,103,30,3,0,0,173,99,41,0,42,0,311,0,13
"Cleveland-Elyria, OH","17460",2000,366,47,226,84,9,0,0,190,116,78,4,7,60,119,171,5
"Clinton, IA","17540",2000,366,247,109,10,0,0,0,150,76,42,0,0,158,74,69,65
"Coeur d'Alene, ID","17660",2000,364,331,33,0,0,0,0,99,46,21,0,0,0,0,101,263
"Coffeyville, KS","17700",2000,366,303,46,16,1,0,0,151,66,27,0,0,0,162,0,204
"Colorado Springs, CO","17820",2000,366,175,166,25,0,0,0,140,94,51,11,138,155,19,17,26
"Columbia, SC","17900",2000,366,129,178,52,7,0,0,192,115,61,0,16,185,37,61,67
"Columbus, GA-AL","17980",2000,285,104,128,45,7,1,0,208,115,62,0,0,192,0,93,0
"Columbus, IN","18020",2000,131,124,7,0,0,0,0,58,41,19,0,0,0,0,0,131
"Columbus, MS","18060",2000,117,43,73,1,0,0,0,116,79,55,0,0,0,0,117,0
"Columbus, OH","18140",2000,366,86,238,37,3,2,0,203,105,63,0,0,113,13,235,5
"Concord, NH","18180",2000,364,256,62,44,2,0,0,177,107,31,0,0,104,204,49,7
"Cookeville, TN","18260",2000,271,96,126,40,9,0,0,182,119,62,0,0,215,0,56,0
"Corning, NY","18500",2000,305,228,77,0,0,0,0,99,63,32,0,0,0,0,305,0
"Corpus Christi, TX","18580",2000,366,280,70,15,1,0,0,161,71,38,0,0,241,53,63,9
"Corvallis, OR","18700",2000,120,98,21,1,0,0,0,107,65,23,0,0,0,0,120,0
"Crescent City, CA","18860",2000,134,133,1,0,0,0,0,53,29,14,0,0,0,0,87,47
"Cullowhee, NC","19000",2000,223,76,108,36,3,0,0,174,112,64,0,0,191,0,32,0
"Dallas-Fort Worth-Arlington, TX","19100",2000,366,68,172,91,29,6,0,206,150,77,0,21,121,108,114,2
"Dalton, GA","19140",2000,232,77,99,47,9,0,0,185,126,67,0,0,211,0,21,0
"Daphne-Fairhope-Foley, AL","19300",2000,257,111,96,39,10,1,0,205,129,54,0,0,215,0,42,0
"Davenport-Moline-Rock Island, IA-IL","19340",2000,366,140,215,10,1,0,0,151,80,56,0,0,109,8,183,66
"Dayton, OH","19380",2000,366,87,248,27,3,1,0,201,98,63,3,0,98,8,256,1
"DeRidder, LA","19760",2000,361,286,55,17,3,0,0,169,80,37,0,0,361,0,0,0
"Decatur, AL","19460",2000,325,154,119,45,7,0,0,187,112,52,0,0,205,43,74,3
"Decatur, IL","19500",2000,366,255,105,6,0,0,0,147,71,43,0,0,201,70,95,0
"Deltona-Daytona Beach-Ormond Beach, FL","19660",2000,366,274,82,9,1,0,0,164,71,42,0,0,306,0,51,9
"Deming, NM","19700",2000,51,51,0,0,0,0,0,36,28,15,0,0,0,0,0,51
"Denver-Aurora-Lakewood, CO","19740",2000,366,94,219,52,1,0,0,159,108,61,2,73,153,29,74,35
"Des Moines-West Des Moines, IA","19780",2000,366,202,157,6,1,0,0,151,80,47,10,0,123,0,184,49
"Detroit-Warren-Dearborn, MI","19820",2000,366,70,189,102,5,0,0,185,123,76,0,29,28,177,119,13
"Dickinson, ND","19860",2000,366,348,18,0,0,0,0,74,48,36,0,0,349,0,17,0
"Dodge City, KS","19980",2000,59,59,0,0,0,0,0,44,36,17,0,0,0,0,0,59
"Dothan, AL","20020",2000,102,45,56,1,0,0,0,120,79,54,0,0,0,0,94,8
"Dover, DE","20100",2000,269,155,95,14,3,2,0,205,90,47,0,0,181,0,88,0
"DuBois, PA","20180",2000,214,161,39,12,2,0,0,197,87,44,0,0,214,0,0,0
"Duluth, MN-WI","20260",2000,366,301,63,2,0,0,0,119,58,36,22,0,250,13,67,14
"Dunn, NC","20380",2000,60,60,0,0,0,0,0,48,40,23,0,0,0,0,0,60
"Durango, CO","20420",2000,366,285,81,0,0,0,0,90,59,42,0,27,256,0,5,78
"Durham-Chapel Hill, NC","20500",2000,365,118,198,43,6,0,0,182,106,60,8,0,130,0,227,0
"Dyersburg, TN","20540",2000,106,45,61,0,0,0,0,93,73,53,0,0,0,0,106,0
"Edwards, CO","20780",2000,45,45,0,0,0,0,0,32,20,11,0,0,0,0,0,45
"Effingham, IL","20820",2000,229,175,47,7,0,0,0,147,71,42,0,0,229,0,0,0
"El Centro, CA","20940",2000,366,142,171,41,10,2,0,208,115,59,32,83,176,0,39,36
"El Dorado, AR","20980",2000,361,248,89,24,0,0,0,145,83,26,0,0,0,281,80,0
"El Paso, TX","21340",2000,366,114,210,40,2,0,0,179,105,61,32,57,182,1,58,36
"Elizabeth City, NC","21020",2000,257,173,79,5,0,0,0,147,74,44,0,0,177,0,77,3
"Elizabethtown-Fort Knox, KY","21060",2000,262,148,101,9,4,0,0,179,91,48,0,0,182,0,77,3
"Elkhart-Goshen, IN","21140",2000,226,154,66,6,0,0,0,126,75,43,0,0,139,0,87,0
"Elko, NV","21220",2000,243,233,10,0,0,0,0,66,43,17,0,0,0,0,36,207
"Ellensburg, WA","21260",2000,124,119,5,0,0,0,0,81,36,17,0,0,0,0,68,56
"Elmira, NY","21300",2000,366,326,34,5,1,0,0,161,51,33,0,0,314,52,0,0
"Enid, OK","21420",2000,354,310,41,3,0,0,0,115,53,19,0,258,0,0,96,0
"Erie, PA","21500",2000,365,217,124,22,2,0,0,177,89,45,14,49,123,139,40,0
"Escanaba, MI","21540",2000,362,360,2,0,0,0,0,69,14,0,0,0,0,362,0,0
"Espa¤ola, NM","21580",2000,45,45,0,0,0,0,0,39,18,8,0,0,0,0,45,0
"Eugene, OR","21660",2000,366,224,111,25,6,0,0,161,95,44,14,0,109,0,240,3
"Eureka-Arcata-Fortuna, CA","21700",2000,77,63,14,0,0,0,0,76,60,28,0,0,0,0,57,20
"Evansville, IN-KY","21780",2000,366,61,159,117,29,0,0,200,146,84,0,9,86,238,33,0
"Fairbanks, AK","21820",2000,243,169,63,8,3,0,0,169,81,32,128,0,0,0,114,1
"Fairmont, WV","21900",2000,110,42,65,3,0,0,0,110,83,56,0,0,0,0,103,7
"Fargo, ND-MN","22020",2000,366,334,31,1,0,0,0,101,49,33,0,39,284,0,43,0
"Farmington, NM","22140",2000,366,160,118,85,3,0,0,165,121,57,0,10,201,147,8,0
"Fayetteville, NC","22180",2000,366,200,129,32,5,0,0,182,101,47,106,0,183,0,76,1
"Fayetteville-Springdale-Rogers, AR-MO","22220",2000,96,50,46,0,0,0,0,97,69,50,0,0,0,0,96,0
"Fergus Falls, MN","22260",2000,43,35,8,0,0,0,0,74,63,31,0,0,0,0,31,12
"Findlay, OH","22300",2000,50,50,0,0,0,0,0,44,35,25,0,0,0,0,0,50
"Flagstaff, AZ","22380",2000,364,227,132,5,0,0,0,126,80,47,0,0,352,0,12,0
"Flint, MI","22420",2000,364,283,72,7,2,0,0,166,71,33,0,0,162,126,74,2
"Florence, SC","22500",2000,344,191,128,21,4,0,0,187,96,46,0,0,280,0,64,0
"Florence-Muscle Shoals, AL","22520",2000,358,273,78,7,0,0,0,124,67,16,0,0,0,260,98,0
"Fond du Lac, WI","22540",2000,180,151,26,3,0,0,0,150,64,40,0,0,180,0,0,0
"Fort Collins, CO","22660",2000,366,211,133,20,2,0,0,159,90,47,2,0,342,0,21,1
"Fort Madison-Keokuk, IA-IL-MO","22800",2000,366,360,6,0,0,0,0,90,14,0,0,0,0,366,0,0
"Fort Payne, AL","22840",2000,354,169,123,58,4,0,0,159,115,51,0,0,297,0,56,1
"Fort Smith, AR-OK","22900",2000,115,50,65,0,0,0,0,91,69,52,0,0,0,0,115,0
"Fort Wayne, IN","23060",2000,362,235,111,12,4,0,0,182,84,42,124,0,160,0,77,1
"Frankfort, KY","23180",2000,115,45,67,3,0,0,0,122,77,56,0,0,0,0,115,0
"Fremont, OH","23380",2000,61,60,1,0,0,0,0,51,37,22,0,0,0,0,0,61
"Fresno, CA","23420",2000,366,50,121,89,88,18,0,227,183,112,2,24,230,0,109,1
"Gadsden, AL","23460",2000,101,34,60,7,0,0,0,141,87,59,0,0,0,0,83,18
"Gaffney, SC","23500",2000,254,139,74,37,4,0,0,195,115,47,0,0,254,0,0,0
"Gainesville, FL","23540",2000,360,262,83,14,1,0,0,151,80,37,0,0,276,0,84,0
"Gainesville, GA","23580",2000,102,28,69,5,0,0,0,149,83,60,0,0,0,0,102,0
"Gardnerville Ranchos, NV","23820",2000,366,252,109,5,0,0,0,140,77,45,29,0,334,0,3,0
"Georgetown, SC","23860",2000,366,266,98,2,0,0,0,104,67,34,0,0,0,28,108,230
"Gettysburg, PA","23900",2000,366,192,143,28,3,0,0,179,93,48,0,0,212,0,154,0
"Gillette, WY","23940",2000,163,110,50,2,1,0,0,165,71,30,0,0,0,0,61,102
"Glenwood Springs, CO","24060",2000,314,307,7,0,0,0,0,62,37,19,0,0,0,0,5,309
"Goldsboro, NC","24140",2000,117,40,75,2,0,0,0,111,78,58,0,0,0,0,114,3
"Grand Forks, ND-MN","24220",2000,113,91,22,0,0,0,0,84,59,26,0,0,0,0,113,0
"Grand Island, NE","24260",2000,110,80,29,1,0,0,0,112,62,31,0,0,0,0,110,0
"Grand Junction, CO","24300",2000,365,344,21,0,0,0,0,83,43,24,249,0,0,0,68,48
"Grand Rapids-Wyoming, MI","24340",2000,366,180,172,11,3,0,0,192,85,52,1,0,113,2,248,2
"Grants Pass, OR","24420",2000,272,242,30,0,0,0,0,99,53,27,131,0,0,0,138,3
"Great Falls, MT","24500",2000,366,324,36,6,0,0,0,119,54,19,181,0,0,117,68,0
"Greeley, CO","24540",2000,366,288,74,4,0,0,0,119,64,38,37,0,268,0,59,2
"Green Bay, WI","24580",2000,355,262,79,10,4,0,0,156,79,37,0,0,151,131,73,0
"Greeneville, TN","24620",2000,55,49,6,0,0,0,0,61,52,27,0,0,0,0,0,55
"Greensboro-High Point, NC","24660",2000,366,116,205,36,9,0,0,185,105,60,14,0,119,0,233,0
"Greenville, NC","24780",2000,361,221,109,28,2,1,0,204,97,42,0,0,181,103,77,0
"Greenville-Anderson-Mauldin, SC","24860",2000,366,109,186,67,4,0,0,197,119,61,0,14,178,3,169,2
"Greenwood, SC","24940",2000,264,103,129,29,3,0,0,159,101,58,0,0,178,0,86,0
"Guayama, PR","25020",2000,117,107,10,0,0,0,0,78,47,25,0,0,0,0,64,53
"Gulfport-Biloxi-Pascagoula, MS","25060",2000,366,125,174,55,11,1,0,208,122,59,0,1,158,41,166,0
"Hagerstown-Martinsburg, MD-WV","25180",2000,258,147,96,13,2,0,0,172,87,48,0,0,157,0,101,0
"Hammond, LA","25220",2000,118,61,55,2,0,0,0,114,77,50,0,0,0,0,118,0
"Hanford-Corcoran, CA","25260",2000,364,143,99,77,43,2,0,205,159,70,0,59,254,0,36,15
"Harrisburg-Carlisle, PA","25420",2000,366,152,182,25,7,0,0,190,98,55,0,38,82,14,231,1
"Harrison, AR","25460",2000,363,257,92,14,0,0,0,129,84,43,0,0,326,0,37,0
"Harrisonburg, VA","25500",2000,363,360,3,0,0,0,0,57,21,9,0,0,0,306,0,57
"Hartford-West Hartford-East Hartford, CT","25540",2000,366,225,117,19,5,0,0,195,83,44,17,47,164,5,132,1
"Hattiesburg, MS","25620",2000,119,50,68,1,0,0,0,115,76,54,0,0,0,0,119,0
"Helena, MT","25740",2000,366,153,101,94,18,0,0,200,132,62,0,0,0,299,27,40
"Helena-West Helena, AR","25760",2000,112,46,66,0,0,0,0,99,76,54,0,0,0,0,112,0
"Hermiston-Pendleton, OR","25840",2000,341,264,71,6,0,0,0,117,65,27,0,0,0,0,323,18
"Hickory-Lenoir-Morganton, NC","25860",2000,264,92,112,55,5,0,0,182,122,61,0,0,187,0,74,3
"Hilo, HI","25900",2000,366,297,14,16,39,0,0,200,162,23,0,0,270,96,0,0
"Hilton Head Island-Bluffton-Beaufort, SC","25940",2000,113,60,53,0,0,0,0,94,69,48,0,0,0,0,113,0
"Hobbs, NM","26020",2000,131,122,9,0,0,0,0,59,46,26,0,0,0,0,116,15
"Holland, MI","26090",2000,357,202,138,14,1,2,0,204,85,46,0,0,127,0,230,0
"Homosassa Springs, FL","26140",2000,157,107,50,0,0,0,0,99,60,42,0,0,0,0,157,0
"Hot Springs, AR","26300",2000,106,51,55,0,0,0,0,99,70,51,0,0,0,0,106,0
"Houghton, MI","26340",2000,105,101,4,0,0,0,0,59,32,14,0,0,0,0,105,0
"Houma-Thibodaux, LA","26380",2000,358,193,125,37,3,0,0,187,108,48,0,0,204,0,154,0
"Houston-The Woodlands-Sugar Land, TX","26420",2000,366,49,214,50,35,18,0,241,169,70,0,28,134,84,111,9
"Hudson, NY","26460",2000,51,51,0,0,0,0,0,34,23,10,0,0,0,0,0,51
"Huntington, IN","26540",2000,170,103,57,6,4,0,0,169,93,48,0,0,170,0,0,0
"Huntington-Ashland, WV-KY-OH","26580",2000,366,59,215,87,5,0,0,180,117,75,0,2,82,227,50,5
"Huntsville, AL","26620",2000,366,199,131,30,6,0,0,187,100,48,7,0,264,0,82,13
"Hutchinson, MN","26780",2000,44,33,11,0,0,0,0,91,76,24,0,0,0,0,32,12
"Idaho Falls, ID","26820",2000,354,271,82,1,0,0,0,115,68,43,0,0,335,0,17,2
"Indianapolis-Carmel-Anderson, IN","26900",2000,366,41,205,99,20,1,0,204,127,80,0,97,47,71,150,1
"Iowa City, IA","26980",2000,122,81,41,0,0,0,0,96,70,38,0,0,0,0,122,0
"Iron Mountain, MI-WI","27020",2000,173,146,25,2,0,0,0,122,61,37,0,0,173,0,0,0
"Ithaca, NY","27060",2000,348,297,40,11,0,0,0,150,67,38,0,0,348,0,0,0
"Jackson, MS","27140",2000,366,196,134,35,1,0,0,174,100,48,14,0,199,13,79,61
"Jackson, TN","27180",2000,116,49,67,0,0,0,0,96,75,53,0,0,0,0,109,7
"Jackson, WY-ID","27220",2000,361,289,72,0,0,0,0,100,61,44,0,0,356,0,1,4
"Jacksonville, FL","27260",2000,366,120,162,82,2,0,0,200,116,62,0,5,131,142,88,0
"Jacksonville, NC","27340",2000,120,61,59,0,0,0,0,98,66,50,0,0,0,0,117,3
"Jamestown-Dunkirk-Fredonia, NY","27460",2000,366,145,134,70,16,1,0,204,128,64,0,0,141,200,25,0
"Janesville-Beloit, WI","27500",2000,243,128,99,13,3,0,0,172,84,49,0,0,165,0,78,0
"Jasper, IN","27540",2000,352,233,98,20,1,0,0,156,84,29,0,0,0,260,91,1
"Johnstown, PA","27780",2000,365,221,118,22,4,0,0,182,87,44,0,68,125,106,64,2
"Jonesboro, AR","27860",2000,57,19,38,0,0,0,0,90,79,55,0,0,0,0,57,0
"Joplin, MO","27900",2000,122,55,66,1,0,0,0,145,74,52,0,0,0,0,112,10
"Juneau, AK","27940",2000,126,108,17,1,0,0,0,107,60,18,0,0,0,0,124,2
"Kahului-Wailuku-Lahaina, HI","27980",2000,358,347,11,0,0,0,0,64,39,21,0,0,0,0,49,309
"Kalamazoo-Portage, MI","28020",2000,242,157,79,6,0,0,0,143,78,44,0,0,153,0,89,0
"Kalispell, MT","28060",2000,366,299,66,1,0,0,0,132,60,37,41,0,185,0,74,66
"Kansas City, MO-KS","28140",2000,366,98,208,48,12,0,0,195,115,63,1,24,158,20,160,3
"Kapaa, HI","28180",2000,24,24,0,0,0,0,0,36,25,15,0,0,0,0,0,24
"Keene, NH","28300",2000,344,298,45,0,1,0,0,166,57,32,0,0,179,129,29,7
"Kennewick-Richland, WA","28420",2000,336,291,41,4,0,0,0,138,58,19,0,0,0,0,76,260
"Ketchikan, AK","28540",2000,60,49,11,0,0,0,0,93,59,13,0,0,0,0,60,0
"Key West, FL","28580",2000,61,60,1,0,0,0,0,53,25,16,0,0,0,0,0,61
"Kingsport-Bristol-Bristol, TN-VA","28700",2000,366,64,143,123,34,2,0,210,146,92,0,16,71,249,30,0
"Kingston, NY","28740",2000,366,318,38,9,1,0,0,164,58,35,0,0,358,8,0,0
"Kinston, NC","28820",2000,263,134,108,19,2,0,0,182,93,50,0,0,189,0,74,0
"Klamath Falls, OR","28900",2000,355,271,75,8,1,0,0,155,71,25,20,0,0,0,327,8
"Knoxville, TN","28940",2000,366,29,203,109,23,2,0,218,136,84,0,2,136,97,126,5
"Kokomo, IN","29020",2000,112,44,67,1,0,0,0,101,80,58,0,0,0,0,112,0
"La Grande, OR","29260",2000,346,304,41,1,0,0,0,111,53,21,0,0,0,0,315,31
"Laconia, NH","29060",2000,15,11,4,0,0,0,0,76,72,37,0,0,0,0,15,0
"Lafayette, LA","29180",2000,363,234,96,26,5,2,0,208,97,41,0,0,287,0,76,0
"Lafayette-West Lafayette, IN","29200",2000,114,45,68,1,0,0,0,111,84,56,0,0,0,0,114,0
"Lake Charles, LA","29340",2000,366,172,148,38,8,0,0,174,105,52,0,1,172,30,163,0
"Lake City, FL","29380",2000,60,55,5,0,0,0,0,67,42,31,0,0,60,0,0,0
"Lake Havasu City-Kingman, AZ","29420",2000,62,54,8,0,0,0,0,65,51,31,0,0,0,0,2,60
"Lakeland-Winter Haven, FL","29460",2000,366,208,126,30,2,0,0,178,100,47,0,0,238,86,35,7
"Lancaster, PA","29540",2000,365,235,106,19,4,1,0,201,87,42,0,94,144,46,78,3
"Lansing-East Lansing, MI","29620",2000,250,165,75,9,1,0,0,151,77,44,0,8,161,0,81,0
"Laramie, WY","29660",2000,357,185,159,11,2,0,0,172,87,50,0,0,347,0,2,8
"Laredo, TX","29700",2000,366,295,67,4,0,0,0,129,61,37,121,0,169,0,72,4
"Las Cruces, NM","29740",2000,366,110,211,38,7,0,0,187,105,66,0,21,242,0,100,3
"Las Vegas-Henderson-Paradise, NV","29820",2000,366,78,232,54,1,0,1,404,112,67,4,28,215,0,64,55
"Laurel, MS","29860",2000,118,36,80,2,0,0,0,123,84,60,0,0,0,0,118,0
"Lawrenceburg, TN","29980",2000,281,126,119,35,1,0,0,156,105,54,0,0,207,0,74,0
"Lawton, OK","30020",2000,366,243,94,26,3,0,0,169,97,44,1,0,329,0,36,0
"Lewiston, ID-WA","30300",2000,362,340,22,0,0,0,0,94,38,17,264,0,0,0,53,45
"Lewiston-Auburn, ME","30340",2000,341,333,6,2,0,0,0,112,29,9,0,0,0,302,0,39
"Lexington, NE","30420",2000,61,42,19,0,0,0,0,88,64,34,0,0,0,0,0,61
"Lexington-Fayette, KY","30460",2000,366,212,139,13,2,0,0,161,84,47,0,79,162,22,96,7
"Lima, OH","30620",2000,360,305,48,4,3,0,0,177,64,32,0,0,208,132,0,20
"Lincoln, NE","30700",2000,366,318,48,0,0,0,0,93,55,32,110,0,184,0,72,0
"Little Rock-North Little Rock-Conway, AR","30780",2000,366,103,222,27,14,0,0,200,105,62,1,2,129,2,231,1
"Logan, UT-ID","30860",2000,324,228,84,11,1,0,0,155,77,35,110,0,148,0,45,21
"London, KY","30940",2000,59,56,3,0,0,0,0,89,49,20,0,0,0,0,0,59
"Longview, TX","30980",2000,361,212,103,31,15,0,0,195,115,45,0,9,275,18,59,0
"Longview, WA","31020",2000,61,60,1,0,0,0,0,56,28,17,0,0,0,0,0,61
"Los Alamos, NM","31060",2000,101,100,1,0,0,0,0,66,21,12,0,0,0,0,101,0
"Los Angeles-Long Beach-Anaheim, CA","31080",2000,366,27,161,112,56,10,0,243,161,100,6,92,128,2,136,2
"Louisville/Jefferson County, KY-IN","31140",2000,366,24,214,116,12,0,0,192,127,82,1,6,65,186,106,2
"Lubbock, TX","31180",2000,115,103,11,1,0,0,0,101,51,28,0,0,0,0,104,11
"Ludington, MI","31220",2000,183,145,28,8,1,1,0,212,84,40,0,0,183,0,0,0
"Lumberton, NC","31300",2000,41,15,26,0,0,0,0,81,69,55,0,0,0,0,41,0
"Lynchburg, VA","31340",2000,77,29,46,2,0,0,0,105,90,56,0,0,0,0,77,0
"Macon, GA","31420",2000,356,160,142,36,16,2,0,229,120,54,0,0,201,79,76,0
"Madera, CA","31460",2000,362,217,98,40,7,0,0,177,108,45,0,72,290,0,0,0
"Madison, IN","31500",2000,366,319,44,3,0,0,0,120,56,19,0,0,0,366,0,0
"Madison, WI","31540",2000,363,273,82,6,2,0,0,156,70,36,116,0,163,0,82,2
"Malone, NY","31660",2000,44,44,0,0,0,0,0,14,11,6,0,0,0,0,0,44
"Manchester-Nashua, NH","31700",2000,366,284,77,4,1,0,0,161,67,37,21,48,158,74,62,3
"Manitowoc, WI","31820",2000,242,173,61,6,2,0,0,197,71,41,0,0,169,0,73,0
"Mankato-North Mankato, MN","31860",2000,15,12,2,1,0,0,0,104,67,33,0,0,0,0,10,5
"Mansfield, OH","31900",2000,159,159,0,0,0,0,0,50,34,19,0,0,0,0,0,159
"Marietta, OH","31930",2000,285,201,66,15,3,0,0,179,87,42,0,0,204,0,0,81
"Marion, NC","32000",2000,120,43,73,3,1,0,0,166,86,57,0,0,0,0,116,4
"Mason City, IA","32380",2000,366,275,77,12,2,0,0,186,71,31,0,0,0,35,73,258
"Mayaguez, PR","32420",2000,99,91,8,0,0,0,0,65,46,31,0,0,0,0,99,0
"Mayfield, KY","32460",2000,243,147,79,14,2,1,0,210,90,46,0,0,243,0,0,0
"McAlester, OK","32540",2000,115,76,39,0,0,0,0,92,62,38,0,0,0,0,102,13
"McAllen-Edinburg-Mission, TX","32580",2000,366,308,51,7,0,0,0,136,59,34,0,0,289,0,74,3
"Medford, OR","32780",2000,366,220,124,21,1,0,0,151,87,46,30,0,137,0,194,5
"Memphis, TN-MS-AR","32820",2000,366,72,218,53,22,1,0,201,133,68,0,15,137,48,165,1
"Merced, CA","32900",2000,363,157,99,68,36,3,0,207,151,58,0,15,308,0,36,4
"Meridian, MS","32940",2000,281,122,129,29,1,0,0,156,101,55,0,0,210,0,71,0
"Miami, OK","33060",2000,55,29,25,1,0,0,0,110,73,48,0,0,0,0,55,0
"Miami-Fort Lauderdale-West Palm Beach, FL","33100",2000,366,185,155,25,1,0,0,151,87,50,4,13,125,34,190,0
"Michigan City-La Porte, IN","33140",2000,366,258,99,5,4,0,0,195,74,38,0,0,150,133,83,0
"Middlesborough, KY","33180",2000,366,237,92,32,5,0,0,190,101,44,105,0,226,0,33,2
"Milledgeville, GA","33300",2000,356,306,39,11,0,0,0,129,65,7,0,0,0,356,0,0
"Milwaukee-Waukesha-West Allis, WI","33340",2000,366,140,199,22,5,0,0,164,93,57,0,51,88,18,208,1
"Minneapolis-St. Paul-Bloomington, MN-WI","33460",2000,366,154,185,26,1,0,0,157,95,54,2,58,73,62,159,12
"Missoula, MT","33540",2000,366,312,43,9,1,1,0,229,61,24,102,0,0,0,109,155
"Mobile, AL","33660",2000,326,149,122,46,9,0,0,187,119,54,0,0,206,42,68,10
"Modesto, CA","33700",2000,366,196,111,42,16,1,0,202,122,49,9,74,208,0,63,12
"Monroe, LA","33740",2000,366,240,92,32,2,0,0,174,100,40,0,0,285,2,79,0
"Monroe, MI","33780",2000,117,48,66,3,0,0,0,112,83,55,0,0,0,0,117,0
"Montgomery, AL","33860",2000,282,113,115,48,6,0,0,195,115,57,0,0,200,0,81,1
"Montrose, CO","33940",2000,98,92,6,0,0,0,0,75,45,25,0,0,0,0,0,98
"Morehead City, NC","33980",2000,362,278,72,12,0,0,0,147,77,39,0,0,362,0,0,0
"Morgan City, LA","34020",2000,358,282,48,23,5,0,0,190,84,35,0,0,358,0,0,0
"Morgantown, WV","34060",2000,366,191,126,41,8,0,0,200,111,50,0,0,104,191,70,1
"Morristown, TN","34100",2000,242,142,64,25,11,0,0,187,112,47,0,0,242,0,0,0
"Mount Vernon, IL","34500",2000,228,163,53,11,1,0,0,156,84,43,0,0,228,0,0,0
"Mount Vernon, OH","34540",2000,214,138,60,10,5,1,0,207,93,45,0,0,214,0,0,0
"Mount Vernon-Anacortes, WA","34580",2000,353,343,10,0,0,0,0,72,40,27,0,0,323,0,30,0
"Muncie, IN","34620",2000,113,39,72,2,0,0,0,134,82,58,0,0,0,0,113,0
"Muscatine, IA","34700",2000,366,179,105,61,21,0,0,200,133,52,0,0,0,224,59,83
"Muskegon, MI","34740",2000,243,173,54,14,1,1,0,206,84,42,0,0,167,0,76,0
"Muskogee, OK","34780",2000,365,309,55,1,0,0,0,109,60,24,0,187,0,88,72,18
"Myrtle Beach-Conway-North Myrtle Beach, SC-NC","34820",2000,5,4,1,0,0,0,0,51,51,40,0,0,0,0,5,0
"Napa, CA","34900",2000,364,355,9,0,0,0,0,77,41,31,7,112,240,0,0,5
"Naples-Immokalee-Marco Island, FL","34940",2000,37,37,0,0,0,0,0,39,21,16,0,0,0,0,0,37
"Nashville-Davidson--Murfreesboro--Franklin, TN","34980",2000,366,62,208,78,17,1,0,203,133,72,3,2,136,60,165,0
"Natchez, MS-LA","35020",2000,281,144,103,28,6,0,0,179,105,49,0,0,206,0,75,0
"New Castle, IN","35220",2000,13,7,6,0,0,0,0,67,64,49,0,0,0,0,13,0
"New Castle, PA","35260",2000,365,270,82,13,0,0,0,124,74,41,0,127,107,105,0,26
"New Haven-Milford, CT","35300",2000,366,145,194,21,5,1,0,217,93,54,0,55,76,11,208,16
"New Orleans-Metairie, LA","35380",2000,366,137,152,64,12,1,0,202,116,57,1,17,153,42,152,1
"New Philadelphia-Dover, OH","35420",2000,360,303,49,8,0,0,0,139,64,21,0,0,0,360,0,0
"New York-Newark-Jersey City, NY-NJ-PA","35620",2000,366,56,239,53,14,4,0,227,119,72,0,77,83,73,132,1
"Niles-Benton Harbor, MI","35660",2000,243,153,83,4,3,0,0,182,84,46,0,0,159,0,84,0
"Nogales, AZ","35700",2000,60,32,26,2,0,0,0,106,82,50,0,0,0,0,40,20
"North Platte, NE","35820",2000,111,96,15,0,0,0,0,73,54,25,0,0,0,0,111,0
"North Port-Sarasota-Bradenton, FL","35840",2000,366,220,111,30,5,0,0,177,100,45,28,2,270,22,39,5
"Norwich-New London, CT","35980",2000,252,167,70,13,1,1,0,220,87,43,0,0,181,0,65,6
"Ocala, FL","36100",2000,366,249,99,17,1,0,0,151,87,43,0,0,315,0,51,0
"Odessa, TX","36220",2000,56,49,7,0,0,0,0,63,54,31,0,0,0,0,56,0
"Ogden-Clearfield, UT","36260",2000,366,216,119,25,4,2,0,214,97,47,43,144,146,3,29,1
"Ogdensburg-Massena, NY","36300",2000,107,92,15,0,0,0,0,74,53,26,0,0,0,0,107,0
"Oklahoma City, OK","36420",2000,366,168,162,30,6,0,0,161,100,52,8,47,170,0,140,1
"Olympia-Tumwater, WA","36500",2000,366,286,72,8,0,0,0,128,65,34,77,0,150,0,139,0
"Omaha-Council Bluffs, NE-IA","36540",2000,366,171,178,17,0,0,0,131,84,52,3,0,115,9,194,45
"Orlando-Kissimmee-Sanford, FL","36740",2000,366,175,158,29,4,0,0,174,100,51,0,7,179,1,179,0
"Oshkosh-Neenah, WI","36780",2000,242,182,57,3,0,0,0,147,69,40,0,0,165,0,77,0
"Othello, WA","36830",2000,11,7,4,0,0,0,0,72,66,46,0,0,0,0,11,0
"Ottawa-Peru, IL","36860",2000,363,283,78,2,0,0,0,109,64,25,0,0,0,0,103,260
"Owensboro, KY","36980",2000,366,191,140,35,0,0,0,143,99,49,0,25,161,126,46,8
"Oxford, NC","37080",2000,214,126,52,28,8,0,0,169,112,47,1,0,213,0,0,0
"Oxnard-Thousand Oaks-Ventura, CA","37100",2000,366,147,135,58,25,1,0,203,143,59,0,54,270,0,41,1
"Paducah, KY-IL","37140",2000,366,194,134,34,3,1,0,202,101,49,3,42,208,53,56,4
"Palatka, FL","37260",2000,366,339,25,2,0,0,0,102,44,16,0,0,0,320,0,46
"Palm Bay-Melbourne-Titusville, FL","37340",2000,366,275,74,17,0,0,0,147,84,41,0,0,340,0,25,1
"Panama City, FL","37460",2000,201,139,33,20,8,1,0,208,122,39,0,0,168,0,0,33
"Parkersburg-Vienna, WV","37620",2000,365,147,160,49,9,0,0,197,109,56,0,0,105,201,59,0
"Payson, AZ","37740",2000,366,141,145,77,3,0,0,166,112,62,0,0,0,326,35,5
"Pensacola-Ferry Pass-Brent, FL","37860",2000,366,106,165,72,22,1,0,203,133,64,0,1,162,63,140,0
"Peoria, IL","37900",2000,366,149,147,66,4,0,0,200,109,60,19,0,115,179,52,1
"Philadelphia-Camden-Wilmington, PA-NJ-DE-MD","37980",2000,366,63,216,67,15,5,0,229,123,73,0,31,101,78,151,5
"Phoenix-Mesa-Scottsdale, AZ","38060",2000,366,21,178,148,19,0,0,174,136,97,1,118,193,0,33,21
"Picayune, MS","38100",2000,78,35,42,1,0,0,0,115,70,54,0,0,0,0,78,0
"Pine Bluff, AR","38220",2000,57,17,40,0,0,0,0,82,76,56,0,0,0,0,57,0
"Pittsburgh, PA","38300",2000,366,26,174,136,30,0,0,200,146,97,0,5,39,247,75,0
"Pittsfield, MA","38340",2000,193,133,54,5,1,0,0,161,74,42,0,0,112,0,81,0
"Platteville, WI","38420",2000,51,31,19,1,0,0,0,113,78,36,0,0,0,0,51,0
"Pocatello, ID","38540",2000,366,55,201,84,23,3,0,217,132,79,0,0,0,111,211,44
"Ponca City, OK","38620",2000,366,212,118,33,3,0,0,161,100,48,0,31,188,77,46,24
"Ponce, PR","38660",2000,120,103,16,1,0,0,0,105,54,31,0,0,0,0,88,32
"Port Angeles, WA","38820",2000,326,306,20,0,0,0,0,96,39,25,0,0,250,37,39,0
"Port Clinton, OH","38840",2000,60,60,0,0,0,0,0,44,36,22,0,0,0,0,0,60
"Port St. Lucie, FL","38940",2000,361,288,68,5,0,0,0,115,65,39,0,15,294,0,51,1
"Portland-South Portland, ME","38860",2000,366,309,48,8,1,0,0,159,64,34,0,106,198,51,0,11
"Portland-Vancouver-Hillsboro, OR-WA","38900",2000,366,233,121,10,2,0,0,176,79,42,36,5,102,0,223,0
"Portsmouth, OH","39020",2000,366,283,79,3,1,0,0,151,68,30,0,0,0,220,64,82
"Pottsville, PA","39060",2000,363,342,17,4,0,0,0,117,41,16,61,0,0,302,0,0
"Prescott, AZ","39140",2000,354,197,129,27,1,0,0,151,97,48,0,0,347,0,4,3
"Providence-Warwick, RI-MA","39300",2000,366,160,175,23,7,1,0,222,97,54,1,31,119,65,149,1
"Provo-Orem, UT","39340",2000,366,166,173,21,6,0,0,200,97,53,6,128,134,0,84,14
"Pueblo, CO","39380",2000,126,112,14,0,0,0,0,79,52,30,0,0,0,0,102,24
"Pullman, WA","39420",2000,60,52,8,0,0,0,0,77,53,25,0,0,0,0,60,0
"Quincy, IL-MO","39500",2000,365,292,56,17,0,0,0,129,67,36,0,0,247,75,43,0
"Racine, WI","39540",2000,360,319,32,8,1,0,0,154,58,22,178,0,182,0,0,0
"Raleigh, NC","39580",2000,366,125,173,53,14,1,0,209,119,60,8,0,156,0,198,4
"Rapid City, SD","39660",2000,366,265,100,0,0,1,0,247,64,39,0,0,87,0,62,217
"Reading, PA","39740",2000,365,221,117,24,3,0,0,197,87,44,0,100,106,84,75,0
"Red Bluff, CA","39780",2000,320,218,70,30,2,0,0,156,101,40,0,0,305,0,0,15
"Redding, CA","39820",2000,366,245,95,25,1,0,0,154,93,44,0,0,354,0,12,0
"Reno, NV","39900",2000,366,231,132,3,0,0,0,107,78,47,31,8,294,0,21,12
"Richmond, IN","39980",2000,366,246,97,23,0,0,0,132,90,33,0,0,0,346,0,20
"Richmond, VA","40060",2000,366,113,213,37,3,0,0,169,105,61,0,41,91,63,171,0
"Richmond-Berea, KY","40080",2000,120,40,78,1,1,0,0,156,72,55,0,0,0,0,116,4
"Riverside-San Bernardino-Ontario, CA","40140",2000,366,30,131,91,92,22,0,246,185,112,0,53,187,1,114,11
"Riverton, WY","40180",2000,125,94,29,2,0,0,0,109,74,26,0,0,0,0,107,18
"Roanoke Rapids, NC","40260",2000,366,277,76,12,1,0,0,151,80,32,0,0,211,155,0,0
"Roanoke, VA","40220",2000,366,218,126,20,2,0,0,177,90,46,15,81,169,8,92,1
"Rochester, MN","40340",2000,91,58,31,2,0,0,0,104,81,39,0,0,0,0,91,0
"Rochester, NY","40380",2000,366,247,112,6,1,0,0,166,74,43,5,0,187,118,56,0
"Rock Springs, WY","40540",2000,288,265,22,0,1,0,0,172,48,24,0,0,0,0,0,288
"Rockford, IL","40420",2000,366,279,82,5,0,0,0,126,71,37,39,0,251,0,76,0
"Rockland, ME","40500",2000,212,187,22,3,0,0,0,147,54,33,0,0,179,0,0,33
"Rocky Mount, NC","40580",2000,262,122,108,29,3,0,0,174,105,53,0,0,184,0,75,3
"Rome, GA","40660",2000,364,261,94,9,0,0,0,146,71,24,0,0,0,265,95,4
"Roswell, NM","40740",2000,149,142,7,0,0,0,0,76,41,26,0,0,0,0,136,13
"Russellville, AR","40780",2000,114,44,69,1,0,0,0,105,73,55,0,0,0,0,114,0
"Rutland, VT","40860",2000,355,299,54,2,0,0,0,121,58,24,12,187,0,59,96,1
"Sacramento--Roseville--Arden-Arcade, CA","40900",2000,366,92,169,63,38,4,0,208,156,74,6,14,239,0,105,2
"Safford, AZ","40940",2000,42,39,3,0,0,0,0,70,41,24,0,0,0,0,0,42
"Saginaw, MI","40980",2000,107,70,37,0,0,0,0,93,67,34,0,0,0,0,107,0
"Salem, OH","41400",2000,138,95,30,11,2,0,0,200,97,30,0,0,0,99,0,39
"Salem, OR","41420",2000,345,299,46,0,0,0,0,95,55,31,127,0,145,0,73,0
"Salinas, CA","41500",2000,366,339,24,3,0,0,0,129,47,36,0,17,326,0,15,8
"Salisbury, MD-DE","41540",2000,279,149,100,25,5,0,0,187,101,49,0,0,200,0,77,2
"Salt Lake City, UT","41620",2000,366,131,183,39,12,1,0,206,112,58,0,90,130,20,87,39
"San Antonio-New Braunfels, TX","41700",2000,366,223,120,20,3,0,0,169,80,46,1,57,181,0,127,0
"San Diego-Carlsbad, CA","41740",2000,366,73,196,81,15,1,0,201,133,74,0,49,205,3,109,0
"San Francisco-Oakland-Hayward, CA","41860",2000,366,212,125,25,3,1,0,209,96,47,0,49,174,7,135,1
"San Jose-Sunnyvale-Santa Clara, CA","41940",2000,366,183,133,42,8,0,0,190,112,51,0,36,203,0,127,0
"San Juan-Carolina-Caguas, PR","41980",2000,366,131,201,30,4,0,0,200,98,57,75,76,3,107,62,43
"San Luis Obispo-Paso Robles-Arroyo Grande, CA","42020",2000,366,183,143,40,0,0,0,143,102,51,0,23,162,166,12,3
"Sandpoint, ID","41760",2000,362,337,23,2,0,0,0,124,44,21,0,0,0,0,111,251
"Santa Cruz-Watsonville, CA","42100",2000,366,342,23,1,0,0,0,126,46,36,0,9,330,0,22,5
"Santa Fe, NM","42140",2000,365,364,1,0,0,0,0,54,25,13,142,0,0,0,141,82
"Santa Maria-Santa Barbara, CA","42200",2000,366,211,117,36,2,0,0,154,101,48,0,27,314,0,21,4
"Santa Rosa, CA","42220",2000,366,324,35,7,0,0,0,122,54,37,0,58,263,0,43,2
"Savannah, GA","42340",2000,366,214,135,15,2,0,0,172,85,46,0,0,156,87,83,40
"Scottsbluff, NE","42420",2000,96,93,3,0,0,0,0,71,43,24,0,0,0,0,96,0
"Scottsboro, AL","42460",2000,356,286,41,24,5,0,0,200,81,14,0,0,0,356,0,0
"Scranton--Wilkes-Barre--Hazleton, PA","42540",2000,366,195,156,14,0,1,0,201,81,48,1,42,108,7,208,0
"Searcy, AR","42620",2000,34,12,22,0,0,0,0,83,76,56,0,0,0,0,34,0
"Seattle-Tacoma-Bellevue, WA","42660",2000,366,145,193,23,5,0,0,159,96,55,3,9,82,1,271,0
"Seneca, SC","42860",2000,353,232,99,21,1,0,0,151,90,42,0,0,261,39,53,0
"Sevierville, TN","42940",2000,365,139,121,78,25,2,0,206,143,67,0,0,365,0,0,0
"Seymour, IN","42980",2000,179,118,47,11,3,0,0,164,97,47,0,0,179,0,0,0
"Shawnee, OK","43060",2000,51,34,17,0,0,0,0,77,64,45,0,0,0,0,51,0
"Sheboygan, WI","43100",2000,184,143,32,5,4,0,0,200,84,42,0,0,184,0,0,0
"Sheridan, WY","43260",2000,226,174,48,4,0,0,0,124,68,30,0,0,0,0,101,125
"Show Low, AZ","43320",2000,120,120,0,0,0,0,0,37,25,12,0,0,0,0,84,36
"Shreveport-Bossier City, LA","43340",2000,366,188,142,26,9,1,0,201,100,50,0,0,194,0,172,0
"Sierra Vista-Douglas, AZ","43420",2000,354,230,118,6,0,0,0,132,80,46,0,0,327,0,13,14
"Silver City, NM","43500",2000,366,296,53,17,0,0,0,145,69,23,0,0,0,261,75,30
"Sioux City, IA-NE-SD","43580",2000,122,90,32,0,0,0,0,95,65,33,0,0,0,0,90,32
"Sioux Falls, SD","43620",2000,346,297,48,1,0,0,0,101,61,32,0,0,282,0,59,5
"Somerset, KY","43700",2000,263,149,89,21,4,0,0,169,100,48,0,0,242,0,0,21
"Somerset, PA","43740",2000,331,309,22,0,0,0,0,90,48,31,0,0,331,0,0,0
"Sonora, CA","43760",2000,362,183,98,61,20,0,0,197,133,49,4,0,358,0,0,0
"South Bend-Mishawaka, IN-MI","43780",2000,365,241,109,12,3,0,0,166,77,42,0,139,145,0,80,1
"Spartanburg, SC","43900",2000,366,133,181,43,9,0,0,187,112,58,0,0,177,0,189,0
"Spokane-Spokane Valley, WA","44060",2000,366,201,155,9,1,0,0,155,77,49,53,0,113,0,182,18
"Springfield, IL","44100",2000,366,220,111,32,3,0,0,164,100,44,4,0,190,106,60,6
"Springfield, MA","44140",2000,366,173,177,14,2,0,0,164,83,52,0,74,89,15,186,2
"Springfield, MO","44180",2000,366,152,159,54,1,0,0,151,110,54,12,42,117,147,48,0
"Springfield, OH","44220",2000,365,240,109,12,3,1,0,209,84,42,0,0,187,138,40,0
"St. Cloud, MN","41060",2000,313,285,25,3,0,0,0,113,46,16,238,0,0,0,75,0
"St. George, UT","41100",2000,83,83,0,0,0,0,0,42,24,13,0,0,0,0,83,0
"St. Joseph, MO-KS","41140",2000,348,272,74,2,0,0,0,107,63,13,0,0,0,235,94,19
"St. Louis, MO-IL","41180",2000,366,14,190,134,27,1,0,202,141,95,0,4,47,231,82,2
"St. Marys, PA","41260",2000,353,292,48,12,1,0,0,169,64,38,0,0,353,0,0,0
"State College, PA","44300",2000,366,278,69,16,3,0,0,197,74,40,0,0,339,0,27,0
"Steamboat Springs, CO","44460",2000,337,308,29,0,0,0,0,72,44,20,0,0,0,0,37,300
"Stillwater, OK","44660",2000,54,36,18,0,0,0,0,71,63,44,0,0,0,0,54,0
"Stockton-Lodi, CA","44700",2000,366,230,102,27,7,0,0,172,97,44,8,98,193,0,59,8
"Summerville, GA","44900",2000,40,39,1,0,0,0,0,69,37,19,0,0,0,0,0,40
"Susanville, CA","45000",2000,33,26,7,0,0,0,0,63,54,28,0,0,0,0,0,33
"Syracuse, NY","45060",2000,366,283,74,8,1,0,0,179,65,38,1,0,294,12,59,0
"Tahlequah, OK","45140",2000,366,249,86,26,5,0,0,185,93,41,0,52,214,2,34,64
"Talladega-Sylacauga, AL","45180",2000,113,36,72,5,0,0,0,136,91,59,0,0,0,0,103,10
"Tallahassee, FL","45220",2000,363,232,113,18,0,0,0,140,87,44,0,0,295,0,62,6
"Tampa-St. Petersburg-Clearwater, FL","45300",2000,366,43,183,126,14,0,0,200,128,84,0,2,92,205,65,2
"Taos, NM","45340",2000,218,217,1,0,0,0,0,54,36,23,0,0,0,0,172,46
"Terre Haute, IN","45460",2000,366,183,142,39,2,0,0,187,101,51,0,0,92,196,77,1
"Texarkana, TX-AR","45500",2000,121,48,73,0,0,0,0,93,73,55,0,0,0,0,121,0
"The Dalles, OR","45520",2000,60,46,13,1,0,0,0,103,67,33,0,0,0,0,60,0
"Tiffin, OH","45660",2000,181,177,4,0,0,0,0,77,31,18,0,0,0,0,0,181
"Toledo, OH","45780",2000,366,165,182,18,1,0,0,156,90,54,0,0,103,43,182,38
"Topeka, KS","45820",2000,122,70,52,0,0,0,0,97,65,46,0,0,0,0,117,5
"Torrington, CT","45860",2000,222,176,33,10,3,0,0,179,84,38,0,0,193,0,0,29
"Traverse City, MI","45900",2000,216,166,40,9,0,1,0,203,77,40,0,0,174,0,42,0
"Trenton, NJ","45940",2000,366,250,88,16,9,3,0,216,90,41,0,95,203,0,68,0
"Troy, AL","45980",2000,59,59,0,0,0,0,0,46,37,22,0,0,0,0,0,59
"Truckee-Grass Valley, CA","46020",2000,366,162,116,63,22,3,0,208,136,57,0,0,327,0,31,8
"Tucson, AZ","46060",2000,366,175,168,23,0,0,0,136,90,51,4,53,227,0,5,77
"Tulsa, OK","46140",2000,366,130,190,37,7,2,0,219,108,58,1,33,141,51,140,0
"Tupelo, MS","46180",2000,285,121,121,40,3,0,0,164,112,55,0,0,214,0,70,1
"Tuscaloosa, AL","46220",2000,107,42,61,4,0,0,0,126,84,56,0,0,0,0,105,2
"Twin Falls, ID","46300",2000,76,65,11,0,0,0,0,78,56,26,0,0,0,0,43,33
"Tyler, TX","46340",2000,354,244,76,29,5,0,0,161,100,42,0,8,346,0,0,0
"Ukiah, CA","46380",2000,366,356,10,0,0,0,0,72,39,30,10,76,250,0,20,10
"Urban Honolulu, HI","46520",2000,366,348,16,0,2,0,0,190,41,24,16,10,154,35,101,50
"Utica-Rome, NY","46540",2000,365,296,66,2,1,0,0,179,63,37,0,0,307,0,58,0
"Valdosta, GA","46660",2000,54,23,30,0,1,0,0,170,80,52,0,0,0,0,54,0
"Vallejo-Fairfield, CA","46700",2000,366,290,65,9,2,0,0,153,67,37,16,64,235,0,51,0
"Vernal, UT","46860",2000,16,16,0,0,0,0,0,23,16,5,0,0,0,0,0,16
"Vicksburg, MS","46980",2000,279,149,105,24,1,0,0,156,100,49,0,0,210,0,69,0
"Victoria, TX","47020",2000,353,321,23,8,1,0,0,154,50,30,0,0,353,0,0,0
"Vincennes, IN","47180",2000,358,259,87,10,2,0,0,154,77,41,0,0,298,0,60,0
"Vineland-Bridgeton, NJ","47220",2000,366,294,52,16,2,2,0,208,80,34,0,0,320,46,0,0
"Virginia Beach-Norfolk-Newport News, VA-NC","47260",2000,366,130,188,44,4,0,0,164,105,58,0,19,128,87,132,0
"Visalia-Porterville, CA","47300",2000,366,127,79,75,81,4,0,203,177,85,2,36,269,0,56,3
"Wabash, IN","47340",2000,362,278,71,10,3,0,0,174,77,38,0,0,362,0,0,0
"Waco, TX","47380",2000,75,49,26,0,0,0,0,83,60,40,0,0,0,0,75,0
"Walla Walla, WA","47460",2000,119,107,11,1,0,0,0,131,54,20,0,0,0,0,0,119
"Walterboro, SC","47500",2000,231,131,77,22,1,0,0,179,100,48,0,0,216,0,15,0
"Warner Robins, GA","47580",2000,21,3,17,1,0,0,0,150,87,68,0,0,0,0,21,0
"Warren, PA","47620",2000,365,166,123,69,7,0,0,181,119,56,0,0,0,365,0,0
"Washington Court House, OH","47920",2000,358,264,73,17,3,1,0,201,87,39,0,0,358,0,0,0
"Washington, IN","47780",2000,364,260,68,36,0,0,0,136,99,21,0,0,0,340,0,24
"Washington, NC","47820",2000,290,280,9,1,0,0,0,147,29,7,0,0,0,290,0,0
"Washington-Arlington-Alexandria, DC-VA-MD-WV","47900",2000,366,73,223,58,10,2,0,214,122,64,0,43,104,48,171,0
"Waterloo-Cedar Falls, IA","47940",2000,264,184,69,11,0,0,0,143,80,41,0,0,188,0,72,4
"Watertown-Fort Atkinson, WI","48020",2000,207,113,85,7,2,0,0,164,81,47,0,0,112,0,95,0
"Watertown-Fort Drum, NY","48060",2000,257,229,22,5,1,0,0,179,51,33,0,0,257,0,0,0
"Wausau, WI","48140",2000,186,155,26,5,0,0,0,150,61,39,0,0,165,0,0,21
"Weatherford, OK","48220",2000,62,46,16,0,0,0,0,99,61,36,0,0,0,0,50,12
"Weirton-Steubenville, WV-OH","48260",2000,366,14,144,184,24,0,0,200,141,105,1,0,18,285,62,0
"Wenatchee, WA","48300",2000,85,85,0,0,0,0,0,47,36,19,0,0,0,0,0,85
"West Plains, MO","48460",2000,121,54,66,1,0,0,0,105,69,53,0,0,0,0,121,0
"Wheeling, WV-OH","48540",2000,366,92,156,108,10,0,0,200,121,81,2,0,34,295,35,0
"Whitewater-Elkhorn, WI","48580",2000,184,134,41,9,0,0,0,143,87,44,0,0,184,0,0,0
"Wichita, KS","48620",2000,366,202,137,26,1,0,0,179,90,48,19,0,276,0,57,14
"Williamsport, PA","48700",2000,365,325,35,4,1,0,0,179,51,31,0,0,203,157,0,5
"Williston, ND","48780",2000,365,327,38,0,0,0,0,86,52,11,0,0,0,365,0,0
"Willmar, MN","48820",2000,23,16,7,0,0,0,0,94,68,31,0,0,0,0,3,20
"Wilmington, NC","48900",2000,366,192,145,27,2,0,0,182,97,50,41,0,161,115,49,0
"Wilmington, OH","48940",2000,214,112,80,14,7,1,0,205,105,50,0,0,214,0,0,0
"Winchester, VA-WV","49020",2000,238,183,45,8,2,0,0,156,77,37,0,0,213,0,0,25
"Winston-Salem, NC","49180",2000,366,92,197,59,18,0,0,179,129,64,0,8,132,24,202,0
"Wisconsin Rapids-Marshfield, WI","49220",2000,314,239,62,12,1,0,0,195,71,19,0,0,0,211,103,0
"Worcester, MA-CT","49340",2000,366,235,114,13,3,1,0,209,77,42,1,54,213,14,81,3
"Yakima, WA","49420",2000,365,344,18,3,0,0,0,124,35,14,260,0,0,0,53,52
"York-Hanover, PA","49620",2000,363,204,128,26,4,1,0,201,93,47,0,121,126,41,74,1
"Youngstown-Warren-Boardman, OH-PA","49660",2000,366,98,238,28,2,0,0,200,100,61,0,0,99,54,212,1
"Yuba City, CA","49700",2000,366,241,93,28,4,0,0,166,100,43,15,47,267,0,23,14
"Yuma, AZ","49740",2000,206,179,27,0,0,0,0,93,56,38,0,0,170,0,0,36
