"CBSA","CBSA Code","Year","Days with AQI","Good Days","Moderate Days","Unhealthy for Sensitive Groups Days","Unhealthy Days","Very Unhealthy Days","Hazardous Days","Max AQI","90th Percentile AQI","Median AQI","Days CO","Days NO2","Days Ozone","Days SO2","Days PM2.5","Days PM10"
"Aberdeen, SD","10100",2006,122,106,16,0,0,0,0,71,53,30,0,0,0,0,112,10
"Aberdeen, WA","10140",2006,365,339,26,0,0,0,0,82,40,18,0,0,0,0,365,0
"Adjuntas, PR","10260",2006,103,95,8,0,0,0,0,75,48,26,0,0,0,0,103,0
"Adrian, MI","10300",2006,172,121,47,4,0,0,0,140,77,44,0,0,172,0,0,0
"Akron, OH","10420",2006,365,190,133,41,1,0,0,175,104,49,9,0,131,151,74,0
"Albany, GA","10500",2006,116,52,64,0,0,0,0,100,73,53,0,0,0,0,110,6
"Albany, OR","10540",2006,362,320,42,0,0,0,0,85,53,20,0,0,0,0,362,0
"Albany-Schenectady-Troy, NY","10580",2006,365,306,50,8,1,0,0,159,67,35,3,0,320,8,34,0
"Albuquerque, NM","10740",2006,365,77,261,24,1,2,0,212,97,63,0,9,172,0,24,160
"Alexandria, LA","10780",2006,122,82,40,0,0,0,0,89,70,40,0,0,0,0,122,0
"Allentown-Bethlehem-Easton, PA-NJ","10900",2006,365,158,173,25,9,0,0,200,97,55,0,13,74,97,167,14
"Altoona, PA","11020",2006,365,296,65,4,0,0,0,133,64,39,0,79,180,100,0,6
"Amarillo, TX","11100",2006,365,347,18,0,0,0,0,59,44,25,0,0,0,0,365,0
"Americus, GA","11140",2006,243,153,80,9,1,0,0,156,87,47,0,0,243,0,0,0
"Ames, IA","11180",2006,184,163,21,0,0,0,0,97,51,39,0,0,184,0,0,0
"Anchorage, AK","11260",2006,308,258,46,4,0,0,0,133,60,23,102,0,0,0,96,110
"Ann Arbor, MI","11460",2006,364,268,86,10,0,0,0,126,74,39,0,0,295,0,69,0
"Appleton, WI","11540",2006,245,169,70,6,0,0,0,121,71,41,0,0,167,0,78,0
"Ardmore, OK","11620",2006,241,132,74,28,7,0,0,182,112,48,0,0,241,0,0,0
"Arkadelphia, AR","11660",2006,345,300,45,0,0,0,0,100,61,35,0,0,345,0,0,0
"Asheville, NC","11700",2006,364,147,200,16,1,0,0,154,90,54,0,0,141,0,223,0
"Ashtabula, OH","11780",2006,362,292,57,9,4,0,0,185,84,33,0,0,208,154,0,0
"Athens, OH","11900",2006,53,35,18,0,0,0,0,98,67,43,0,0,0,0,53,0
"Athens, TN","11940",2006,347,240,89,17,1,0,0,178,80,31,0,155,0,93,93,6
"Athens-Clarke County, GA","12020",2006,365,135,200,25,5,0,0,161,100,57,0,0,133,0,232,0
"Atlanta-Sandy Springs-Roswell, GA","12060",2006,365,53,220,62,23,7,0,217,140,72,0,8,130,29,198,0
"Atlantic City-Hammonton, NJ","12100",2006,360,265,83,10,2,0,0,172,74,38,0,0,280,2,78,0
"Augusta-Richmond County, GA-SC","12260",2006,365,127,213,22,3,0,0,169,93,58,0,1,157,0,207,0
"Augusta-Waterville, ME","12300",2006,212,192,18,2,0,0,0,119,50,33,0,0,181,0,0,31
"Austin-Round Rock, TX","12420",2006,365,220,109,32,4,0,0,164,100,46,0,4,238,0,123,0
"Bakersfield, CA","12540",2006,365,56,129,95,71,14,0,217,175,100,0,4,209,0,147,5
"Baltimore-Columbia-Towson, MD","12580",2006,365,124,186,40,14,1,0,205,115,61,0,14,134,16,200,1
"Bangor, ME","12620",2006,365,339,25,1,0,0,0,122,47,32,0,0,343,0,21,1
"Baraboo, WI","12660",2006,349,288,59,2,0,0,0,114,60,38,0,0,287,0,62,0
"Barnstable Town, MA","12700",2006,243,179,47,14,2,1,0,201,87,42,0,2,179,0,62,0
"Baton Rouge, LA","12940",2006,365,70,213,65,17,0,0,195,129,70,0,5,137,57,163,3
"Bay City, MI","13020",2006,74,45,28,1,0,0,0,123,69,33,0,0,0,0,74,0
"Beaumont-Port Arthur, TX","13140",2006,365,80,194,79,12,0,0,200,126,70,0,1,101,142,121,0
"Beaver Dam, WI","13180",2006,365,279,81,5,0,0,0,138,64,39,0,0,281,0,74,10
"Beckley, WV","13220",2006,118,76,41,1,0,0,0,108,72,42,0,0,0,0,118,0
"Bellingham, WA","13380",2006,362,328,34,0,0,0,0,73,48,29,0,0,115,0,247,0
"Bend-Redmond, OR","13460",2006,362,325,37,0,0,0,0,86,51,20,11,0,0,0,345,6
"Bennington, VT","13540",2006,356,316,37,3,0,0,0,119,53,34,0,0,316,0,40,0
"Berlin, NH-VT","13620",2006,245,180,62,3,0,0,0,129,64,40,0,0,168,0,77,0
"Billings, MT","13740",2006,365,189,165,11,0,0,0,123,82,50,1,4,126,204,30,0
"Birmingham-Hoover, AL","13820",2006,365,29,258,63,14,1,0,204,119,80,46,0,68,12,198,41
"Bishop, CA","13860",2006,365,176,123,47,8,1,10,8195,115,51,0,0,292,0,0,73
"Bismarck, ND","13900",2006,365,316,48,1,0,0,0,113,54,37,0,12,305,22,25,1
"Blacksburg-Christiansburg-Radford, VA","13980",2006,351,264,81,6,0,0,0,115,71,40,0,0,351,0,0,0
"Bloomington, IL","14010",2006,365,280,78,7,0,0,0,119,68,35,0,0,335,0,30,0
"Bloomington, IN","14020",2006,183,103,70,10,0,0,0,136,87,49,0,0,183,0,0,0
"Boise City, ID","14260",2006,365,162,171,30,2,0,0,164,97,53,1,0,132,0,218,14
"Boone, NC","14380",2006,119,83,36,0,0,0,0,90,71,38,0,0,0,0,119,0
"Boston-Cambridge-Newton, MA-NH","14460",2006,365,158,173,31,3,0,0,159,100,53,0,31,99,29,206,0
"Boulder, CO","14500",2006,364,225,120,16,3,0,0,154,90,46,7,0,323,0,33,1
"Bowling Green, KY","14540",2006,365,241,117,7,0,0,0,136,79,43,0,15,264,2,84,0
"Bozeman, MT","14580",2006,365,317,45,2,1,0,0,188,55,18,33,0,0,0,331,1
"Brainerd, MN","14660",2006,346,286,57,3,0,0,0,129,61,33,0,0,130,0,216,0
"Branson, MO","14700",2006,118,100,18,0,0,0,0,77,55,31,0,0,0,0,118,0
"Breckenridge, CO","14720",2006,307,298,9,0,0,0,0,66,31,13,0,0,0,0,0,307
"Bridgeport-Stamford-Norwalk, CT","14860",2006,365,259,77,18,9,2,0,215,90,42,3,110,159,24,69,0
"Brookings, SD","15100",2006,131,111,20,0,0,0,0,81,55,31,0,0,0,0,106,25
"Brownsville, TN","15140",2006,306,241,50,12,2,1,0,203,84,39,0,5,299,2,0,0
"Brownsville-Harlingen, TX","15180",2006,364,231,132,1,0,0,0,101,68,43,0,0,118,0,219,27
"Brunswick, GA","15260",2006,282,206,75,1,0,0,0,122,64,43,0,0,193,0,87,2
"Bucyrus, OH","15340",2006,345,286,52,7,0,0,0,147,64,36,0,0,345,0,0,0
"Buffalo-Cheektowaga-Niagara Falls, NY","15380",2006,365,227,115,21,2,0,0,151,88,43,0,79,174,47,65,0
"Burlington, NC","15500",2006,120,61,59,0,0,0,0,100,75,50,0,0,0,0,120,0
"Burlington-South Burlington, VT","15540",2006,365,323,40,2,0,0,0,122,54,36,0,29,276,0,60,0
"Butte-Silver Bow, MT","15580",2006,365,317,42,6,0,0,0,145,55,22,79,0,0,0,98,188
"Cadillac, MI","15620",2006,359,301,47,9,2,0,0,182,58,37,0,0,316,0,43,0
"Cambridge, MD","15700",2006,363,259,77,26,1,0,0,156,93,40,0,0,363,0,0,0
"Canton-Massillon, OH","15940",2006,336,192,119,24,1,0,0,172,93,48,72,0,178,0,86,0
"Cape Coral-Fort Myers, FL","15980",2006,365,298,60,7,0,0,0,126,64,38,0,0,325,0,33,7
"Carbondale-Marion, IL","16060",2006,60,59,1,0,0,0,0,53,29,19,0,0,0,0,0,60
"Carlsbad-Artesia, NM","16100",2006,365,263,79,22,1,0,0,161,87,44,0,1,354,1,9,0
"Carson City, NV","16180",2006,359,289,67,3,0,0,0,115,67,37,152,0,207,0,0,0
"Casper, WY","16220",2006,88,85,3,0,0,0,0,66,31,17,0,0,0,0,0,88
"Ca¤on City, CO","15860",2006,57,57,0,0,0,0,0,50,25,16,0,0,0,0,0,57
"Cedar Rapids, IA","16300",2006,365,247,108,10,0,0,0,126,75,44,10,0,151,145,59,0
"Centralia, WA","16500",2006,109,107,2,0,0,0,0,56,22,5,0,0,0,0,109,0
"Chambersburg-Waynesboro, PA","16540",2006,213,172,40,1,0,0,0,101,61,42,0,0,213,0,0,0
"Champaign-Urbana, IL","16580",2006,365,265,97,3,0,0,0,129,70,39,0,0,305,0,60,0
"Charleston, WV","16620",2006,365,178,162,24,1,0,0,159,90,52,0,0,121,145,88,11
"Charleston-North Charleston, SC","16700",2006,365,171,175,18,1,0,0,159,87,52,0,4,160,13,188,0
"Charlotte-Concord-Gastonia, NC-SC","16740",2006,365,96,210,43,16,0,0,195,116,65,0,6,148,21,190,0
"Charlottesville, VA","16820",2006,58,58,0,0,0,0,0,44,31,19,0,0,0,0,0,58
"Chattanooga, TN-GA","16860",2006,293,123,139,27,4,0,0,169,101,54,0,0,196,0,92,5
"Cheyenne, WY","16940",2006,119,115,4,0,0,0,0,57,29,17,0,0,0,0,89,30
"Chicago-Naperville-Elgin, IL-IN-WI","16980",2006,365,24,299,38,4,0,0,164,102,71,0,78,47,100,134,6
"Chico, CA","17020",2006,365,155,142,59,9,0,0,172,122,56,0,1,262,0,100,2
"Cincinnati, OH-KY-IN","17140",2006,365,137,171,48,9,0,0,182,112,61,0,31,139,125,70,0
"Claremont-Lebanon, NH-VT","17200",2006,362,316,44,2,0,0,0,122,54,34,0,0,332,0,30,0
"Clarksburg, WV","17220",2006,118,55,61,2,0,0,0,102,75,52,0,0,0,0,118,0
"Clarksville, TN-KY","17300",2006,365,186,147,29,3,0,0,200,97,50,0,0,240,38,87,0
"Clearlake, CA","17340",2006,364,336,27,1,0,0,0,101,48,35,0,0,358,0,6,0
"Cleveland, MS","17380",2006,365,197,146,22,0,0,0,133,87,48,0,0,134,0,231,0
"Cleveland, TN","17420",2006,365,323,32,9,1,0,0,168,55,24,0,200,0,142,0,23
"Cleveland-Elyria, OH","17460",2006,365,105,179,76,5,0,0,161,119,69,0,20,71,206,58,10
"Clinton, IA","17540",2006,365,274,88,3,0,0,0,139,66,38,0,0,161,110,94,0
"Coco, PR","17640",2006,275,251,23,1,0,0,0,102,49,18,0,48,0,227,0,0
"Coeur d'Alene, ID","17660",2006,365,270,91,4,0,0,0,132,67,39,0,18,102,0,244,1
"Coffeyville, KS","17700",2006,364,360,4,0,0,0,0,72,36,21,0,0,0,6,0,358
"Colorado Springs, CO","17820",2006,365,223,126,16,0,0,0,129,87,46,0,0,325,0,37,3
"Columbia, MO","17860",2006,60,40,20,0,0,0,0,73,61,42,0,0,0,0,60,0
"Columbia, SC","17900",2006,365,103,225,34,2,1,0,253,101,61,0,1,127,52,155,30
"Columbus, GA-AL","17980",2006,365,137,211,14,3,0,0,154,89,58,0,0,104,0,261,0
"Columbus, MS","18060",2006,118,64,53,1,0,0,0,104,71,48,0,0,0,0,118,0
"Columbus, OH","18140",2006,365,219,119,25,2,0,0,154,93,45,10,0,179,31,75,70
"Concord, NH","18180",2006,365,206,106,53,0,0,0,146,107,44,0,0,94,222,49,0
"Cookeville, TN","18260",2006,109,59,50,0,0,0,0,97,71,49,0,0,0,0,109,0
"Corning, NY","18500",2006,365,281,78,6,0,0,0,115,66,38,0,0,237,0,128,0
"Corpus Christi, TX","18580",2006,365,228,130,7,0,0,0,147,71,45,0,0,119,6,238,2
"Corvallis, OR","18700",2006,363,330,33,0,0,0,0,86,46,15,0,0,0,0,363,0
"Crescent City, CA","18860",2006,124,120,4,0,0,0,0,77,32,12,0,0,0,0,94,30
"Cullowhee, NC","19000",2006,256,105,123,28,0,0,0,150,101,54,0,0,188,0,68,0
"Dallas-Fort Worth-Arlington, TX","19100",2006,365,107,184,46,26,2,0,202,136,60,0,35,179,50,101,0
"Dalton, GA","19140",2006,265,144,109,12,0,0,0,150,93,49,0,0,209,0,56,0
"Daphne-Fairhope-Foley, AL","19300",2006,280,174,81,24,1,0,0,156,97,46,0,0,219,0,61,0
"Davenport-Moline-Rock Island, IA-IL","19340",2006,365,148,211,6,0,0,0,115,77,54,0,4,89,2,158,112
"Dayton, OH","19380",2006,365,234,111,19,1,0,0,156,86,43,99,0,178,0,88,0
"Decatur, AL","19460",2006,286,149,117,20,0,0,0,136,93,50,0,0,210,0,76,0
"Decatur, IL","19500",2006,364,267,91,6,0,0,0,129,67,39,0,0,269,51,44,0
"Deltona-Daytona Beach-Ormond Beach, FL","19660",2006,365,283,76,6,0,0,0,119,65,40,0,0,313,0,41,11
"Deming, NM","19700",2006,199,196,3,0,0,0,0,65,44,35,0,5,154,0,0,40
"Denver-Aurora-Lakewood, CO","19740",2006,365,102,204,49,10,0,0,177,112,61,0,100,188,1,53,23
"Des Moines-West Des Moines, IA","19780",2006,365,258,105,2,0,0,0,105,65,42,4,35,151,0,175,0
"Detroit-Warren-Dearborn, MI","19820",2006,365,114,183,65,3,0,0,190,114,64,0,16,83,120,137,9
"Dickinson, ND","19860",2006,364,312,52,0,0,0,0,100,55,37,0,0,358,0,6,0
"Dodge City, KS","19980",2006,23,21,2,0,0,0,0,66,34,18,0,0,0,0,0,23
"Dothan, AL","20020",2006,285,177,102,6,0,0,0,126,77,46,0,0,194,0,91,0
"Douglas, GA","20060",2006,58,23,35,0,0,0,0,84,73,55,0,0,0,0,58,0
"Dover, DE","20100",2006,265,156,93,13,3,0,0,159,90,47,0,0,175,0,90,0
"DuBois, PA","20180",2006,205,160,40,5,0,0,0,136,71,41,0,0,205,0,0,0
"Duluth, MN-WI","20260",2006,365,246,119,0,0,0,0,97,63,44,0,0,174,0,188,3
"Durango, CO","20420",2006,365,231,124,10,0,0,0,126,84,46,0,16,349,0,0,0
"Durham-Chapel Hill, NC","20500",2006,360,152,189,18,1,0,0,159,87,54,0,0,118,0,242,0
"Dyersburg, TN","20540",2006,109,66,40,2,1,0,0,153,64,43,0,0,0,0,109,0
"Eagle Pass, TX","20580",2006,301,243,58,0,0,0,0,72,55,29,0,0,0,0,301,0
"East Stroudsburg, PA","20700",2006,211,162,42,7,0,0,0,140,71,41,0,0,211,0,0,0
"Effingham, IL","20820",2006,216,182,32,2,0,0,0,112,58,39,0,0,216,0,0,0
"El Centro, CA","20940",2006,365,117,183,55,10,0,0,190,119,63,6,67,245,2,23,22
"El Dorado, AR","20980",2006,365,317,48,0,0,0,0,89,55,9,0,0,0,254,111,0
"El Paso, TX","21340",2006,365,75,230,46,10,2,2,608,113,67,0,11,136,1,119,98
"Elizabethtown-Fort Knox, KY","21060",2006,287,171,104,12,0,0,0,136,84,46,0,0,198,0,87,2
"Elkhart-Goshen, IN","21140",2006,240,160,78,2,0,0,0,133,72,45,0,0,149,0,91,0
"Elko, NV","21220",2006,333,314,19,0,0,0,0,90,45,21,0,0,0,0,18,315
"Ellensburg, WA","21260",2006,360,300,60,0,0,0,0,88,56,31,0,0,0,0,360,0
"Elmira, NY","21300",2006,365,335,29,1,0,0,0,115,49,32,0,0,339,26,0,0
"Emporia, KS","21380",2006,116,102,14,0,0,0,0,74,54,26,0,0,0,0,116,0
"Erie, PA","21500",2006,365,220,134,10,1,0,0,161,77,45,0,28,124,44,169,0
"Espa¤ola, NM","21580",2006,111,111,0,0,0,0,0,47,18,8,0,0,0,0,111,0
"Eufaula, AL-GA","21640",2006,11,6,5,0,0,0,0,77,63,35,0,0,0,0,11,0
"Eugene, OR","21660",2006,365,266,84,15,0,0,0,147,73,37,56,0,129,0,179,1
"Eureka-Arcata-Fortuna, CA","21700",2006,101,82,19,0,0,0,0,99,58,28,0,2,11,0,77,11
"Evansville, IN-KY","21780",2006,365,79,191,78,17,0,0,200,122,70,0,0,77,170,118,0
"Fairbanks, AK","21820",2006,338,224,93,19,2,0,0,156,89,32,2,0,0,0,336,0
"Fairmont, WV","21900",2006,121,50,70,1,0,0,0,119,80,54,0,0,0,0,121,0
"Fallon, NV","21980",2006,214,170,43,1,0,0,0,112,64,44,0,0,214,0,0,0
"Fargo, ND-MN","22020",2006,364,316,47,1,0,0,0,118,54,37,0,28,264,0,60,12
"Farmington, NM","22140",2006,365,185,156,23,1,0,0,154,93,50,0,63,258,35,9,0
"Fayetteville, NC","22180",2006,363,161,188,14,0,0,0,133,88,53,0,0,107,0,256,0
"Fayetteville-Springdale-Rogers, AR-MO","22220",2006,89,88,1,0,0,0,0,54,42,30,0,0,89,0,0,0
"Findlay, OH","22300",2006,56,56,0,0,0,0,0,40,29,23,0,0,0,0,0,56
"Flagstaff, AZ","22380",2006,361,211,147,3,0,0,0,122,84,48,0,0,355,0,6,0
"Flint, MI","22420",2006,361,270,86,5,0,0,0,143,69,33,0,0,164,118,79,0
"Florence, SC","22500",2006,263,144,108,11,0,0,0,126,90,48,0,0,197,0,66,0
"Florence-Muscle Shoals, AL","22520",2006,365,254,102,9,0,0,0,129,71,42,0,0,178,101,86,0
"Fond du Lac, WI","22540",2006,184,146,37,1,0,0,0,101,64,41,0,0,184,0,0,0
"Fort Collins, CO","22660",2006,365,184,142,33,6,0,0,179,101,50,0,0,351,0,13,1
"Fort Madison-Keokuk, IA-IL-MO","22800",2006,116,116,0,0,0,0,0,50,34,20,0,0,0,0,0,116
"Fort Payne, AL","22840",2006,363,215,133,15,0,0,0,140,84,47,0,0,303,0,60,0
"Fort Smith, AR-OK","22900",2006,311,190,107,14,0,0,0,140,87,47,0,2,186,0,80,43
"Fort Wayne, IN","23060",2006,365,197,159,9,0,0,0,126,74,48,0,0,88,0,270,7
"Frankfort, KY","23180",2006,118,68,49,1,0,0,0,105,71,45,0,0,0,0,118,0
"Fresno, CA","23420",2006,365,82,149,85,47,2,0,208,156,80,0,21,194,0,149,1
"Gadsden, AL","23460",2006,282,168,108,6,0,0,0,129,74,48,0,0,196,0,85,1
"Gaffney, SC","23500",2006,360,272,79,8,1,0,0,161,74,40,0,0,360,0,0,0
"Gainesville, FL","23540",2006,365,268,87,10,0,0,0,126,71,41,0,0,315,0,44,6
"Gainesville, GA","23580",2006,110,44,66,0,0,0,0,89,74,54,0,0,0,0,110,0
"Gardnerville Ranchos, NV","23820",2006,49,49,0,0,0,0,0,35,25,14,49,0,0,0,0,0
"Georgetown, SC","23860",2006,363,289,73,1,0,0,0,103,60,30,0,0,0,38,95,230
"Gettysburg, PA","23900",2006,365,204,148,13,0,0,0,132,86,46,0,0,177,0,188,0
"Gillette, WY","23940",2006,365,161,197,7,0,0,0,133,80,52,0,1,179,51,4,130
"Glenwood Springs, CO","24060",2006,344,334,10,0,0,0,0,61,38,19,0,0,0,0,1,343
"Goldsboro, NC","24140",2006,290,119,168,3,0,0,0,127,70,53,0,0,0,0,288,2
"Grand Island, NE","24260",2006,119,106,13,0,0,0,0,68,52,26,0,0,0,0,119,0
"Grand Junction, CO","24300",2006,365,309,54,1,1,0,0,167,54,32,5,0,0,0,86,274
"Grand Rapids-Wyoming, MI","24340",2006,364,235,112,13,4,0,0,200,77,43,0,85,153,0,126,0
"Grants Pass, OR","24420",2006,365,260,103,2,0,0,0,105,66,34,0,0,0,0,364,1
"Great Falls, MT","24500",2006,364,347,17,0,0,0,0,84,39,11,161,0,0,106,97,0
"Greeley, CO","24540",2006,365,209,129,25,2,0,0,161,97,47,17,0,293,0,54,1
"Green Bay, WI","24580",2006,361,242,106,10,3,0,0,174,74,41,0,0,133,166,62,0
"Greensboro-High Point, NC","24660",2006,365,193,140,29,3,0,0,156,97,48,62,0,139,0,163,1
"Greenville, NC","24780",2006,262,168,90,4,0,0,0,136,76,45,0,0,181,0,81,0
"Greenville-Anderson-Mauldin, SC","24860",2006,365,106,237,19,3,0,0,164,90,61,0,6,113,1,245,0
"Greenwood, SC","24940",2006,267,129,123,13,2,0,0,166,84,51,0,0,181,0,86,0
"Grenada, MS","24980",2006,10,7,3,0,0,0,0,57,57,35,0,0,0,0,10,0
"Guayama, PR","25020",2006,290,279,11,0,0,0,0,84,37,4,0,0,0,169,47,74
"Gulfport-Biloxi-Pascagoula, MS","25060",2006,365,141,193,27,4,0,0,169,94,55,0,0,92,13,260,0
"Hagerstown-Martinsburg, MD-WV","25180",2006,274,155,102,16,1,0,0,159,90,48,0,0,175,0,99,0
"Hammond, LA","25220",2006,120,64,56,0,0,0,0,89,75,49,0,0,0,0,120,0
"Hanford-Corcoran, CA","25260",2006,365,176,109,72,8,0,0,190,126,52,0,47,244,0,36,38
"Harrisburg-Carlisle, PA","25420",2006,365,164,180,20,1,0,0,156,92,54,0,16,114,15,220,0
"Harrison, AR","25460",2006,363,246,113,4,0,0,0,122,77,44,0,0,341,0,22,0
"Harrisonburg, VA","25500",2006,364,363,1,0,0,0,0,55,35,23,0,292,0,52,0,20
"Hartford-West Hartford-East Hartford, CT","25540",2006,365,241,100,18,5,1,0,206,90,42,20,49,156,1,139,0
"Hattiesburg, MS","25620",2006,118,53,65,0,0,0,0,96,73,52,0,0,0,0,118,0
"Helena, MT","25740",2006,357,314,42,1,0,0,0,102,51,22,0,0,0,0,70,287
"Helena-West Helena, AR","25760",2006,117,78,39,0,0,0,0,89,65,44,0,0,0,0,117,0
"Hermiston-Pendleton, OR","25840",2006,361,297,64,0,0,0,0,92,62,22,0,0,0,0,346,15
"Hickory-Lenoir-Morganton, NC","25860",2006,360,124,219,15,2,0,0,166,84,59,0,0,94,0,266,0
"Hilo, HI","25900",2006,365,235,13,20,96,1,0,249,200,7,0,0,0,314,51,0
"Hilton Head Island-Bluffton-Beaufort, SC","25940",2006,116,74,42,0,0,0,0,79,67,41,0,0,0,0,116,0
"Hobbs, NM","26020",2006,361,264,90,7,0,0,0,129,80,42,0,38,292,0,28,3
"Holland, MI","26090",2006,286,191,78,13,4,0,0,185,84,43,0,0,173,0,113,0
"Homosassa Springs, FL","26140",2006,122,90,32,0,0,0,0,75,57,36,0,0,0,0,122,0
"Hot Springs, AR","26300",2006,109,61,48,0,0,0,0,89,66,46,0,0,0,0,109,0
"Houghton, MI","26340",2006,118,112,6,0,0,0,0,73,38,12,0,0,0,0,118,0
"Houma-Thibodaux, LA","26380",2006,365,202,146,14,3,0,0,182,87,48,0,0,189,0,176,0
"Houston-The Woodlands-Sugar Land, TX","26420",2006,365,47,231,56,22,9,0,222,143,69,0,7,123,53,155,27
"Huntington, IN","26540",2006,177,124,47,6,0,0,0,119,74,45,0,0,177,0,0,0
"Huntington-Ashland, WV-KY-OH","26580",2006,365,160,171,30,4,0,0,171,94,53,0,11,156,124,73,1
"Huntsville, AL","26620",2006,362,229,119,12,2,0,0,156,84,45,0,0,286,0,70,6
"Idaho Falls, ID","26820",2006,303,290,13,0,0,0,0,83,38,21,0,0,0,0,303,0
"Indiana, PA","26860",2006,365,251,99,14,1,0,0,154,81,41,0,21,172,172,0,0
"Indianapolis-Carmel-Anderson, IN","26900",2006,365,77,232,55,1,0,0,156,107,66,0,1,73,106,185,0
"Iowa City, IA","26980",2006,120,82,37,1,0,0,0,104,67,40,0,0,0,0,120,0
"Iron Mountain, MI-WI","27020",2006,248,214,33,1,0,0,0,101,54,37,0,0,189,0,59,0
"Ithaca, NY","27060",2006,348,308,39,1,0,0,0,119,53,35,0,0,335,0,13,0
"Jackson, MS","27140",2006,365,183,170,12,0,0,0,150,77,50,0,0,130,0,235,0
"Jackson, TN","27180",2006,127,77,48,1,1,0,0,156,66,43,0,0,0,0,119,8
"Jackson, WY-ID","27220",2006,363,254,108,1,0,0,0,140,71,44,15,0,327,0,17,4
"Jacksonville, FL","27260",2006,365,142,183,36,4,0,0,189,101,55,0,1,154,97,113,0
"Jacksonville, NC","27340",2006,121,80,41,0,0,0,0,85,63,40,0,0,0,0,116,5
"Jamestown-Dunkirk-Fredonia, NY","27460",2006,365,268,74,22,1,0,0,151,87,40,0,0,295,35,35,0
"Janesville-Beloit, WI","27500",2006,185,147,37,1,0,0,0,112,64,42,0,0,185,0,0,0
"Jasper, IN","27540",2006,363,223,107,32,1,0,0,163,96,34,0,0,0,269,94,0
"Johnstown, PA","27780",2006,365,234,114,17,0,0,0,119,82,44,0,62,132,81,80,10
"Joplin, MO","27900",2006,351,304,45,2,0,0,0,120,54,23,0,0,0,0,0,351
"Juneau, AK","27940",2006,108,88,18,2,0,0,0,133,67,22,0,0,0,0,106,2
"Kahului-Wailuku-Lahaina, HI","27980",2006,346,340,6,0,0,0,0,88,31,19,0,0,0,0,59,287
"Kalamazoo-Portage, MI","28020",2006,241,152,86,3,0,0,0,119,74,46,0,0,159,0,82,0
"Kalispell, MT","28060",2006,365,300,64,1,0,0,0,105,58,38,16,0,210,0,57,82
"Kansas City, MO-KS","28140",2006,365,88,194,69,13,1,0,201,122,65,0,16,126,85,134,4
"Kapaa, HI","28180",2006,335,335,0,0,0,0,0,31,19,10,0,0,0,0,0,335
"Keene, NH","28300",2006,214,175,37,2,0,0,0,115,64,39,0,0,170,0,44,0
"Kennewick-Richland, WA","28420",2006,365,294,68,3,0,0,0,149,62,28,0,0,0,0,306,59
"Kingsport-Bristol-Bristol, TN-VA","28700",2006,365,111,159,87,8,0,0,182,117,72,0,15,118,187,45,0
"Kingston, NY","28740",2006,365,323,37,5,0,0,0,129,54,36,0,0,359,6,0,0
"Kingsville, TX","28780",2006,338,233,104,1,0,0,0,102,64,39,0,0,0,0,338,0
"Kinston, NC","28820",2006,257,161,89,7,0,0,0,136,84,45,0,0,171,0,86,0
"Klamath Falls, OR","28900",2006,364,232,106,18,8,0,0,176,92,38,0,0,0,0,364,0
"Knoxville, TN","28940",2006,365,43,211,98,12,1,0,202,129,79,0,0,118,148,94,5
"Kokomo, IN","29020",2006,114,59,55,0,0,0,0,90,71,49,0,0,0,0,114,0
"La Crosse-Onalaska, WI-MN","29100",2006,119,69,49,1,0,0,0,117,71,43,0,0,0,0,119,0
"La Grande, OR","29260",2006,364,281,72,10,1,0,0,178,65,30,0,0,0,0,353,11
"Laconia, NH","29060",2006,208,179,27,2,0,0,0,112,54,35,0,0,165,0,43,0
"Lafayette, LA","29180",2006,365,267,84,12,2,0,0,169,87,40,0,0,300,0,65,0
"Lafayette-West Lafayette, IN","29200",2006,364,194,166,4,0,0,0,119,74,48,0,0,73,0,291,0
"Lake Charles, LA","29340",2006,365,190,158,15,2,0,0,177,84,50,0,3,157,7,198,0
"Lake City, FL","29380",2006,359,272,83,4,0,0,0,122,77,41,0,0,359,0,0,0
"Lake Havasu City-Kingman, AZ","29420",2006,122,116,6,0,0,0,0,73,41,22,0,0,0,0,98,24
"Lakeland-Winter Haven, FL","29460",2006,365,267,85,12,1,0,0,159,77,41,0,0,311,0,43,11
"Lancaster, PA","29540",2006,365,227,110,24,4,0,0,169,93,44,0,71,160,54,76,4
"Lansing-East Lansing, MI","29620",2006,242,154,81,7,0,0,0,126,71,44,0,0,163,0,79,0
"Laramie, WY","29660",2006,358,220,135,3,0,0,0,108,74,47,0,0,350,0,0,8
"Laredo, TX","29700",2006,365,203,158,3,0,0,1,394,67,47,1,0,67,0,252,45
"Las Cruces, NM","29740",2006,365,124,202,27,7,3,2,396,101,58,0,7,185,0,28,145
"Las Vegas-Henderson-Paradise, NV","29820",2006,365,89,213,57,6,0,0,182,115,65,1,37,214,0,95,18
"Laurel, MS","29860",2006,120,51,69,0,0,0,0,98,77,53,0,0,0,0,120,0
"Lawrence, KS","29940",2006,248,165,65,18,0,0,0,150,90,44,0,0,248,0,0,0
"Lawrenceburg, TN","29980",2006,284,184,96,4,0,0,0,115,72,45,0,0,194,0,90,0
"Lawton, OK","30020",2006,334,240,69,23,2,0,0,156,90,42,0,0,309,0,25,0
"Lewiston, ID-WA","30300",2006,337,293,38,6,0,0,0,121,53,23,0,0,0,0,304,33
"Lewiston-Auburn, ME","30340",2006,132,120,10,2,0,0,0,129,48,24,0,0,85,0,0,47
"Lexington, NE","30420",2006,62,50,12,0,0,0,0,94,54,31,0,0,0,0,0,62
"Lexington-Fayette, KY","30460",2006,365,236,119,10,0,0,0,126,77,44,0,62,169,34,100,0
"Lima, OH","30620",2006,364,300,55,8,1,0,0,161,64,28,0,0,210,127,0,27
"Lincoln, NE","30700",2006,364,342,22,0,0,0,0,87,45,27,106,0,186,0,72,0
"Little Rock-North Little Rock-Conway, AR","30780",2006,365,144,200,15,6,0,0,166,87,54,0,2,129,0,234,0
"Logan, UT-ID","30860",2006,365,185,171,8,1,0,0,152,77,50,0,20,204,0,141,0
"London, KY","30940",2006,12,8,4,0,0,0,0,71,65,38,0,0,0,0,12,0
"Longview, TX","30980",2006,361,268,64,26,3,0,0,161,90,38,0,19,321,21,0,0
"Longview, WA","31020",2006,343,311,32,0,0,0,0,95,48,17,0,0,0,0,343,0
"Los Alamos, NM","31060",2006,116,116,0,0,0,0,0,33,20,10,0,0,0,0,116,0
"Los Angeles-Long Beach-Anaheim, CA","31080",2006,365,57,177,79,41,11,0,224,164,84,1,54,185,0,124,1
"Louisville/Jefferson County, KY-IN","31140",2006,365,79,206,70,10,0,0,200,119,66,0,3,88,121,153,0
"Ludington, MI","31220",2006,158,128,22,6,2,0,0,197,77,39,0,0,158,0,0,0
"Lumberton, NC","31300",2006,121,69,52,0,0,0,0,95,69,46,0,0,0,0,121,0
"Lynchburg, VA","31340",2006,115,64,51,0,0,0,0,91,72,46,0,0,0,0,115,0
"Macon, GA","31420",2006,365,132,209,21,3,0,0,164,97,58,0,0,114,8,243,0
"Madera, CA","31460",2006,363,260,72,30,1,0,0,174,97,39,0,61,302,0,0,0
"Madison, WI","31540",2006,306,226,78,2,0,0,0,146,67,42,0,0,219,0,87,0
"Malone, NY","31660",2006,365,347,15,3,0,0,0,133,44,19,0,0,183,72,0,110
"Manchester-Nashua, NH","31700",2006,365,282,70,12,1,0,0,151,64,34,13,82,161,52,57,0
"Manhattan, KS","31740",2006,363,257,87,18,1,0,0,156,84,41,0,0,363,0,0,0
"Manitowoc, WI","31820",2006,241,177,56,6,2,0,0,197,71,40,0,0,176,0,65,0
"Marietta, OH","31930",2006,237,162,62,11,2,0,0,166,84,44,0,0,210,0,0,27
"Marion, NC","32000",2006,291,114,175,2,0,0,0,109,76,55,0,0,0,0,291,0
"Marshall, MN","32140",2006,358,281,75,2,0,0,0,105,62,38,0,0,123,0,235,0
"Marshall, TX","32220",2006,365,216,134,15,0,0,0,143,84,46,0,1,200,0,164,0
"Mason City, IA","32380",2006,365,315,50,0,0,0,0,95,54,28,0,0,0,0,0,365
"Mayaguez, PR","32420",2006,100,90,10,0,0,0,0,68,52,26,0,0,0,0,100,0
"McAlester, OK","32540",2006,365,250,98,17,0,0,0,143,84,42,0,0,325,0,40,0
"McAllen-Edinburg-Mission, TX","32580",2006,365,205,160,0,0,0,0,97,72,47,0,0,80,0,258,27
"Medford, OR","32780",2006,365,231,129,5,0,0,0,139,74,44,0,0,141,0,223,1
"Memphis, TN-MS-AR","32820",2006,365,88,219,50,8,0,0,200,113,63,0,7,122,40,196,0
"Merced, CA","32900",2006,364,215,98,43,8,0,0,172,112,44,0,45,268,0,48,3
"Meridian, MS","32940",2006,324,176,135,13,0,0,0,143,84,49,0,0,191,0,133,0
"Miami, OK","33060",2006,365,265,88,11,1,0,0,151,80,39,0,0,219,0,39,107
"Miami-Fort Lauderdale-West Palm Beach, FL","33100",2006,365,155,193,15,2,0,0,187,84,53,0,8,106,12,235,4
"Michigan City-La Porte, IN","33140",2006,363,277,79,7,0,0,0,133,64,34,0,0,155,125,83,0
"Middlesborough, KY","33180",2006,267,183,83,1,0,0,0,101,71,45,0,0,216,0,50,1
"Milledgeville, GA","33300",2006,353,302,42,9,0,0,0,141,59,7,0,0,0,353,0,0
"Milwaukee-Waukesha-West Allis, WI","33340",2006,365,242,111,10,2,0,0,169,77,42,0,76,170,4,107,8
"Minneapolis-St. Paul-Bloomington, MN-WI","33460",2006,365,168,187,10,0,0,0,140,81,52,0,7,136,16,202,4
"Missoula, MT","33540",2006,359,306,48,3,2,0,0,160,57,25,38,0,0,0,124,197
"Mobile, AL","33660",2006,364,241,99,21,3,0,0,164,84,44,0,0,206,7,74,77
"Modesto, CA","33700",2006,365,219,100,32,14,0,0,179,108,44,5,64,233,0,60,3
"Monroe, LA","33740",2006,364,269,85,10,0,0,0,126,74,40,0,0,293,3,68,0
"Monroe, MI","33780",2006,120,62,56,2,0,0,0,115,76,50,0,0,0,0,120,0
"Montgomery, AL","33860",2006,286,152,122,11,1,0,0,175,84,49,0,0,193,0,93,0
"Morehead City, NC","33980",2006,357,294,59,4,0,0,0,108,64,38,0,0,357,0,0,0
"Morgantown, WV","34060",2006,365,216,105,41,3,0,0,166,108,44,0,0,120,162,83,0
"Morristown, TN","34100",2006,365,185,140,36,4,0,0,188,101,49,0,1,289,75,0,0
"Moscow, ID","34140",2006,342,315,21,6,0,0,0,140,43,16,0,0,0,0,342,0
"Moses Lake, WA","34180",2006,363,325,38,0,0,0,0,88,51,25,0,0,0,0,363,0
"Mount Vernon, IL","34500",2006,251,178,73,0,0,0,0,100,71,43,0,0,214,0,37,0
"Mount Vernon, OH","34540",2006,213,152,51,10,0,0,0,150,80,43,0,0,213,0,0,0
"Mount Vernon-Anacortes, WA","34580",2006,365,355,9,1,0,0,0,107,42,31,0,3,307,21,34,0
"Muncie, IN","34620",2006,240,146,88,6,0,0,0,126,78,47,0,0,156,0,84,0
"Muscatine, IA","34700",2006,365,232,97,36,0,0,0,146,100,33,0,0,0,278,77,10
"Muskegon, MI","34740",2006,223,151,59,8,5,0,0,192,87,43,0,0,175,0,48,0
"Muskogee, OK","34780",2006,356,276,75,5,0,0,0,109,63,31,0,0,0,90,82,184
"Myrtle Beach-Conway-North Myrtle Beach, SC-NC","34820",2006,111,69,42,0,0,0,0,92,68,43,0,0,0,0,111,0
"Napa, CA","34900",2006,364,348,14,2,0,0,0,105,44,34,1,84,273,0,0,6
"Naples-Immokalee-Marco Island, FL","34940",2006,364,251,111,2,0,0,0,119,64,43,0,0,163,0,201,0
"Nashville-Davidson--Murfreesboro--Franklin, TN","34980",2006,365,109,220,30,6,0,0,182,100,59,0,12,128,0,225,0
"Natchez, MS-LA","35020",2006,285,178,96,11,0,0,0,136,84,46,0,0,214,0,71,0
"New Castle, IN","35220",2006,111,63,48,0,0,0,0,86,73,46,0,0,0,0,111,0
"New Castle, PA","35260",2006,365,288,71,6,0,0,0,132,67,38,1,91,143,90,0,40
"New Haven-Milford, CT","35300",2006,365,200,143,17,4,1,0,209,84,48,0,87,93,11,174,0
"New Orleans-Metairie, LA","35380",2006,365,129,205,28,3,0,0,174,97,57,0,7,167,0,188,3
"New Philadelphia-Dover, OH","35420",2006,341,297,42,2,0,0,0,107,56,23,0,0,0,341,0,0
"New York-Newark-Jersey City, NY-NJ-PA","35620",2006,365,71,226,47,19,2,0,226,124,67,0,51,103,45,166,0
"Niles-Benton Harbor, MI","35660",2006,229,160,60,8,1,0,0,151,77,44,0,0,175,0,54,0
"Nogales, AZ","35700",2006,333,145,145,39,4,0,0,176,108,55,0,0,0,0,29,304
"North Port-Sarasota-Bradenton, FL","35840",2006,365,258,93,13,1,0,0,154,80,43,2,1,318,1,34,9
"Norwich-New London, CT","35980",2006,237,170,57,6,3,1,0,205,80,43,0,0,165,0,72,0
"Ocala, FL","36100",2006,365,284,73,8,0,0,0,140,71,41,0,0,318,0,47,0
"Odessa, TX","36220",2006,365,324,41,0,0,0,0,66,51,34,0,0,0,0,365,0
"Ogden-Clearfield, UT","36260",2006,365,167,165,31,2,0,0,174,97,52,2,142,144,0,70,7
"Ogdensburg-Massena, NY","36300",2006,105,91,14,0,0,0,0,85,55,19,0,0,0,0,105,0
"Oklahoma City, OK","36420",2006,365,195,119,41,10,0,0,174,115,49,0,40,245,0,80,0
"Olympia-Tumwater, WA","36500",2006,365,294,66,5,0,0,0,147,64,35,0,0,118,0,246,1
"Omaha-Council Bluffs, NE-IA","36540",2006,365,140,207,18,0,0,0,134,87,56,0,0,73,17,209,66
"Orlando-Kissimmee-Sanford, FL","36740",2006,365,173,169,21,2,0,0,169,93,51,0,2,200,0,163,0
"Othello, WA","36830",2006,365,339,26,0,0,0,0,90,44,22,0,0,0,0,365,0
"Ottawa-Peru, IL","36860",2006,365,259,69,29,8,0,0,200,101,28,0,0,0,89,91,185
"Owensboro, KY","36980",2006,365,221,127,16,1,0,0,161,84,44,0,26,189,84,66,0
"Oxford, NC","37080",2006,210,105,88,16,1,0,0,177,100,51,0,0,210,0,0,0
"Oxnard-Thousand Oaks-Ventura, CA","37100",2006,365,202,111,38,14,0,0,197,119,48,0,24,305,0,34,2
"Paducah, KY-IL","37140",2006,365,222,133,10,0,0,0,147,77,44,0,54,177,54,80,0
"Pahrump, NV","37220",2006,365,314,48,1,1,0,1,455,53,31,0,0,0,0,0,365
"Palatka, FL","37260",2006,365,342,21,2,0,0,0,105,41,23,0,0,0,43,0,322
"Palm Bay-Melbourne-Titusville, FL","37340",2006,365,270,87,7,1,0,0,156,71,43,0,0,316,0,49,0
"Panama City, FL","37460",2006,365,237,111,17,0,0,0,147,80,44,0,0,306,0,53,6
"Parkersburg-Vienna, WV","37620",2006,365,194,147,23,1,0,0,154,90,48,0,0,126,168,71,0
"Payson, AZ","37740",2006,365,80,157,117,11,0,0,200,130,81,0,0,106,216,8,35
"Pensacola-Ferry Pass-Brent, FL","37860",2006,365,144,180,39,2,0,0,159,102,54,0,0,176,32,157,0
"Peoria, IL","37900",2006,365,209,129,18,9,0,0,200,90,46,13,0,168,129,54,1
"Philadelphia-Camden-Wilmington, PA-NJ-DE-MD","37980",2006,365,76,208,62,17,2,0,210,126,69,0,16,93,84,170,2
"Phoenix-Mesa-Scottsdale, AZ","38060",2006,365,11,87,110,98,22,37,974,306,140,0,10,66,1,6,282
"Pittsburgh, PA","38300",2006,365,43,205,98,19,0,0,200,136,79,0,4,53,162,146,0
"Pittsfield, MA","38340",2006,365,228,129,8,0,0,0,140,77,42,0,0,134,0,231,0
"Platteville, WI","38420",2006,128,78,49,1,0,0,0,115,67,43,0,0,0,0,128,0
"Pocatello, ID","38540",2006,365,209,151,5,0,0,0,146,70,47,0,0,0,133,214,18
"Point Pleasant, WV-OH","38580",2006,346,290,44,12,0,0,0,133,70,20,0,0,0,346,0,0
"Ponca City, OK","38620",2006,365,224,109,29,3,0,0,166,97,46,0,0,226,37,26,76
"Ponce, PR","38660",2006,211,183,28,0,0,0,0,77,52,24,0,0,0,92,32,87
"Port Angeles, WA","38820",2006,364,251,112,1,0,0,0,116,68,38,0,0,126,0,238,0
"Port St. Lucie, FL","38940",2006,364,245,118,1,0,0,0,112,64,43,0,0,138,0,226,0
"Portland-South Portland, ME","38860",2006,365,316,41,8,0,0,0,140,61,34,0,86,235,17,22,5
"Portland-Vancouver-Hillsboro, OR-WA","38900",2006,365,240,111,12,1,1,0,201,81,39,7,3,112,1,242,0
"Portsmouth, OH","39020",2006,365,280,83,2,0,0,0,143,65,31,0,0,0,137,115,113
"Pottsville, PA","39060",2006,359,347,10,2,0,0,0,104,31,11,28,0,0,331,0,0
"Prescott, AZ","39140",2006,124,123,1,0,0,0,0,51,28,14,0,0,0,0,100,24
"Providence-Warwick, RI-MA","39300",2006,365,201,139,21,3,1,0,226,90,48,0,17,133,53,162,0
"Provo-Orem, UT","39340",2006,365,184,147,34,0,0,0,140,100,50,1,99,138,0,124,3
"Pueblo, CO","39380",2006,129,107,22,0,0,0,0,66,54,33,0,0,0,0,101,28
"Pullman, WA","39420",2006,365,332,31,2,0,0,0,116,48,21,0,0,0,0,365,0
"Quincy, IL-MO","39500",2006,362,291,67,4,0,0,0,119,67,37,0,0,307,19,36,0
"Racine, WI","39540",2006,184,153,26,5,0,0,0,133,67,38,0,0,184,0,0,0
"Raleigh, NC","39580",2006,364,139,201,23,1,0,0,164,91,56,0,0,137,0,227,0
"Rapid City, SD","39660",2006,365,212,145,8,0,0,0,126,80,48,0,0,273,0,25,67
"Reading, PA","39740",2006,313,206,89,16,2,0,0,156,87,42,0,51,155,23,81,3
"Red Bluff, CA","39780",2006,340,210,83,40,7,0,0,166,119,41,0,0,325,0,0,15
"Red Wing, MN","39860",2006,154,122,31,1,0,0,0,119,67,44,0,0,154,0,0,0
"Redding, CA","39820",2006,365,252,90,22,1,0,0,151,90,45,0,0,348,0,17,0
"Reno, NV","39900",2006,365,214,136,15,0,0,0,122,87,47,0,65,263,0,21,16
"Richmond, IN","39980",2006,365,292,65,8,0,0,0,130,71,21,0,0,0,365,0,0
"Richmond, VA","40060",2006,365,137,194,25,9,0,0,179,100,57,0,53,109,58,145,0
"Richmond-Berea, KY","40080",2006,125,76,49,0,0,0,0,94,70,44,0,0,0,0,118,7
"Riverside-San Bernardino-Ontario, CA","40140",2006,365,48,153,78,66,20,0,239,185,91,0,46,221,0,82,16
"Riverton, WY","40180",2006,122,103,19,0,0,0,0,77,56,24,0,0,0,0,104,18
"Roanoke, VA","40220",2006,365,232,118,15,0,0,0,143,83,43,5,100,168,8,83,1
"Rochester, MN","40340",2006,363,260,98,5,0,0,0,124,67,42,0,0,155,0,208,0
"Rochester, NY","40380",2006,365,296,62,7,0,0,0,143,61,34,3,0,248,52,62,0
"Rock Springs, WY","40540",2006,365,261,99,4,0,0,1,344,71,42,0,14,233,0,0,118
"Rockford, IL","40420",2006,365,326,39,0,0,0,0,95,53,32,21,0,307,0,37,0
"Rockland, ME","40500",2006,182,154,23,5,0,0,0,133,61,38,0,0,182,0,0,0
"Rocky Mount, NC","40580",2006,265,148,110,7,0,0,0,122,84,48,0,0,181,0,83,1
"Rome, GA","40660",2006,358,231,116,10,1,0,0,155,78,31,0,0,0,252,106,0
"Roseburg, OR","40700",2006,360,293,66,1,0,0,0,107,61,29,0,0,0,0,360,0
"Roswell, NM","40740",2006,126,122,4,0,0,0,0,64,41,24,0,0,0,0,112,14
"Ruidoso, NM","40760",2006,102,101,1,0,0,0,0,59,25,13,0,0,0,0,102,0
"Russellville, AR","40780",2006,116,64,52,0,0,0,0,84,66,48,0,0,0,0,116,0
"Rutland, VT","40860",2006,364,319,45,0,0,0,0,96,55,23,12,177,0,75,99,1
"Sacramento--Roseville--Arden-Arcade, CA","40900",2006,365,86,158,72,44,5,0,210,154,74,0,4,215,0,143,3
"Safford, AZ","40940",2006,57,57,0,0,0,0,0,46,35,19,0,0,0,0,0,57
"Salem, OH","41400",2006,354,284,57,13,0,0,0,133,74,17,0,0,0,313,0,41
"Salem, OR","41420",2006,363,293,63,6,1,0,0,154,64,31,23,0,139,0,201,0
"Salinas, CA","41500",2006,365,345,19,1,0,0,0,126,46,37,0,23,326,0,13,3
"Salisbury, MD-DE","41540",2006,267,140,106,19,2,0,0,159,93,50,0,0,200,0,67,0
"Salt Lake City, UT","41620",2006,365,145,166,49,5,0,0,161,108,57,0,72,159,8,111,15
"San Antonio-New Braunfels, TX","41700",2006,365,198,135,28,4,0,0,169,97,48,0,30,211,0,120,4
"San Diego-Carlsbad, CA","41740",2006,365,84,210,55,16,0,0,187,126,70,0,52,220,0,86,7
"San Francisco-Oakland-Hayward, CA","41860",2006,365,191,145,22,7,0,0,190,90,49,0,41,138,4,181,1
"San Jose-Sunnyvale-Santa Clara, CA","41940",2006,365,184,148,26,7,0,0,200,97,50,0,10,212,0,136,7
"San Juan-Carolina-Caguas, PR","41980",2006,365,279,86,0,0,0,0,90,56,40,21,1,2,24,138,179
"San Luis Obispo-Paso Robles-Arroyo Grande, CA","42020",2006,365,178,122,59,6,0,0,174,119,51,0,3,281,64,12,5
"Sandpoint, ID","41760",2006,351,349,2,0,0,0,0,57,29,14,0,0,0,0,0,351
"Santa Cruz-Watsonville, CA","42100",2006,365,347,17,1,0,0,0,101,45,36,0,3,345,0,12,5
"Santa Fe, NM","42140",2006,365,364,1,0,0,0,0,59,26,15,27,0,0,0,330,8
"Santa Maria-Santa Barbara, CA","42200",2006,365,229,120,15,1,0,0,162,80,48,0,4,346,0,14,1
"Santa Rosa, CA","42220",2006,364,339,24,0,1,0,0,153,47,33,0,42,275,0,46,1
"Sault Ste. Marie, MI","42300",2006,97,78,17,2,0,0,0,132,59,28,0,0,0,0,97,0
"Savannah, GA","42340",2006,365,125,230,10,0,0,0,145,82,57,0,0,31,57,277,0
"Scottsbluff, NE","42420",2006,109,102,7,0,0,0,0,83,39,21,0,0,0,0,109,0
"Scottsboro, AL","42460",2006,365,339,23,3,0,0,0,104,39,7,0,0,0,365,0,0
"Scranton--Wilkes-Barre--Hazleton, PA","42540",2006,365,228,127,10,0,0,0,140,76,44,0,40,125,12,185,3
"Searcy, AR","42620",2006,119,69,50,0,0,0,0,96,67,47,0,0,0,0,119,0
"Seattle-Tacoma-Bellevue, WA","42660",2006,365,193,143,20,7,2,0,206,92,48,0,1,123,0,238,3
"Sebastian-Vero Beach, FL","42680",2006,339,248,83,8,0,0,0,150,74,43,0,0,339,0,0,0
"Sebring, FL","42700",2006,364,290,65,9,0,0,0,136,71,38,0,0,364,0,0,0
"Seneca, SC","42860",2006,363,272,91,0,0,0,0,95,64,43,0,0,309,5,49,0
"Sevierville, TN","42940",2006,362,185,134,38,5,0,0,159,105,50,0,0,359,3,0,0
"Seymour, IN","42980",2006,183,115,60,8,0,0,0,133,84,46,0,0,183,0,0,0
"Sheboygan, WI","43100",2006,217,163,40,11,2,1,0,204,90,41,0,0,188,0,0,29
"Shelton, WA","43220",2006,351,313,38,0,0,0,0,84,51,25,0,0,0,0,351,0
"Sheridan, WY","43260",2006,237,184,53,0,0,0,0,93,60,31,0,0,0,0,86,151
"Show Low, AZ","43320",2006,328,230,92,6,0,0,0,150,74,45,0,0,306,0,15,7
"Shreveport-Bossier City, LA","43340",2006,365,174,155,32,4,0,0,159,100,52,0,0,215,2,147,1
"Sierra Vista-Douglas, AZ","43420",2006,360,252,99,9,0,0,0,119,74,46,0,0,325,0,25,10
"Silver City, NM","43500",2006,360,305,53,2,0,0,0,112,58,42,0,0,343,2,11,4
"Sioux City, IA-NE-SD","43580",2006,122,83,39,0,0,0,0,88,66,38,0,0,0,0,110,12
"Sioux Falls, SD","43620",2006,359,290,68,1,0,0,0,105,64,36,0,20,255,0,62,22
"Somerset, KY","43700",2006,254,206,48,0,0,0,0,87,64,40,0,0,245,0,0,9
"Somerset, PA","43740",2006,348,278,62,8,0,0,0,112,74,37,0,0,348,0,0,0
"Sonora, CA","43760",2006,365,268,81,16,0,0,0,143,84,38,0,0,365,0,0,0
"South Bend-Mishawaka, IN-MI","43780",2006,365,259,98,8,0,0,0,133,71,39,0,127,161,0,77,0
"Spartanburg, SC","43900",2006,355,132,188,32,3,0,0,172,100,58,0,0,143,0,211,1
"Spokane-Spokane Valley, WA","44060",2006,365,181,176,8,0,0,0,122,77,51,4,0,117,0,237,7
"Springfield, IL","44100",2006,365,284,74,7,0,0,0,120,67,37,2,0,275,54,34,0
"Springfield, MA","44140",2006,365,220,124,16,4,1,0,215,88,45,0,7,221,3,134,0
"Springfield, MO","44180",2006,365,182,159,23,1,0,0,151,93,51,3,55,139,124,44,0
"Springfield, OH","44220",2006,365,253,98,13,1,0,0,164,77,42,0,0,180,104,81,0
"St. Cloud, MN","41060",2006,365,304,61,0,0,0,0,87,56,34,24,0,142,0,199,0
"St. George, UT","41100",2006,359,229,123,7,0,0,0,119,84,46,0,0,358,0,1,0
"St. Joseph, MO-KS","41140",2006,163,90,73,0,0,0,0,83,66,45,0,0,0,0,150,13
"St. Louis, MO-IL","41180",2006,365,18,182,125,40,0,0,200,154,96,0,29,63,156,69,48
"St. Marys, PA","41260",2006,355,312,37,6,0,0,0,150,58,35,0,0,355,0,0,0
"State College, PA","44300",2006,365,209,142,14,0,0,0,126,86,47,0,4,198,1,162,0
"Steamboat Springs, CO","44460",2006,352,331,21,0,0,0,0,67,39,19,0,0,0,0,0,352
"Stockton-Lodi, CA","44700",2006,365,227,101,30,7,0,0,195,101,44,0,79,233,0,47,6
"Summerville, GA","44900",2006,263,194,60,9,0,0,0,143,74,44,0,0,243,0,0,20
"Syracuse, NY","45060",2006,365,307,53,5,0,0,0,140,61,36,5,0,333,6,21,0
"Tahlequah, OK","45140",2006,365,262,89,11,2,1,0,206,84,41,0,64,224,3,33,41
"Talladega-Sylacauga, AL","45180",2006,277,157,105,15,0,0,0,150,84,48,0,0,209,0,66,2
"Tallahassee, FL","45220",2006,365,130,226,9,0,0,0,126,84,55,0,0,115,0,250,0
"Tampa-St. Petersburg-Clearwater, FL","45300",2006,365,100,200,61,4,0,0,167,112,61,0,1,135,98,122,9
"Taos, NM","45340",2006,352,326,26,0,0,0,0,68,49,22,0,0,0,0,197,155
"Terre Haute, IN","45460",2006,365,223,118,24,0,0,0,132,90,45,0,0,117,176,72,0
"Texarkana, TX-AR","45500",2006,117,61,54,2,0,0,0,108,67,49,0,0,0,0,117,0
"The Dalles, OR","45520",2006,360,323,35,1,1,0,0,154,52,20,0,0,0,0,360,0
"Toledo, OH","45780",2006,365,219,134,12,0,0,0,136,79,44,0,0,147,77,79,62
"Topeka, KS","45820",2006,159,131,28,0,0,0,0,78,57,33,0,0,47,0,104,8
"Torrington, CT","45860",2006,361,281,59,18,3,0,0,187,77,39,0,18,306,0,37,0
"Traverse City, MI","45900",2006,183,139,34,8,2,0,0,197,80,42,0,0,183,0,0,0
"Trenton, NJ","45940",2006,365,254,81,24,6,0,0,195,93,41,0,59,252,0,53,1
"Troy, AL","45980",2006,20,20,0,0,0,0,0,37,34,21,0,0,0,0,0,20
"Truckee-Grass Valley, CA","46020",2006,365,174,108,59,24,0,0,200,136,53,0,0,284,0,20,61
"Tucson, AZ","46060",2006,365,196,150,19,0,0,0,143,90,50,0,2,285,0,14,64
"Tulsa, OK","46140",2006,365,134,188,37,4,2,0,207,105,56,0,5,177,85,96,2
"Tupelo, MS","46180",2006,365,174,180,11,0,0,0,140,84,51,0,0,105,0,260,0
"Tuscaloosa, AL","46220",2006,277,163,106,7,1,0,0,161,80,47,0,0,188,0,89,0
"Twin Falls, ID","46300",2006,307,272,35,0,0,0,0,79,52,29,0,0,0,0,307,0
"Tyler, TX","46340",2006,365,264,66,33,2,0,0,159,100,42,0,4,361,0,0,0
"Ukiah, CA","46380",2006,365,341,24,0,0,0,0,97,48,34,0,37,307,0,15,6
"Urban Honolulu, HI","46520",2006,365,355,9,1,0,0,0,149,34,21,16,30,137,28,53,101
"Utica-Rome, NY","46540",2006,363,335,26,2,0,0,0,115,48,34,0,0,351,2,10,0
"Valdosta, GA","46660",2006,61,29,32,0,0,0,0,81,65,52,0,0,0,0,61,0
"Vallejo-Fairfield, CA","46700",2006,365,201,144,17,3,0,0,154,85,47,0,15,141,0,209,0
"Vernal, UT","46860",2006,49,49,0,0,0,0,0,17,15,6,0,0,0,0,0,49
"Victoria, TX","47020",2006,345,297,43,5,0,0,0,126,67,34,0,0,345,0,0,0
"Vincennes, IN","47180",2006,362,248,107,7,0,0,0,147,77,39,0,0,283,0,79,0
"Vineland-Bridgeton, NJ","47220",2006,354,196,140,16,2,0,0,177,84,47,0,0,169,1,184,0
"Vineyard Haven, MA","47240",2006,232,181,41,6,2,2,0,207,72,39,0,0,160,0,72,0
"Virginia Beach-Norfolk-Newport News, VA-NC","47260",2006,365,158,186,20,1,0,0,164,90,53,2,0,118,39,206,0
"Visalia-Porterville, CA","47300",2006,365,71,151,74,67,2,0,204,161,88,0,0,213,0,152,0
"Wabash, IN","47340",2006,333,289,43,1,0,0,0,105,58,34,0,0,333,0,0,0
"Walla Walla, WA","47460",2006,365,291,67,6,1,0,0,153,62,30,0,0,0,0,269,96
"Walterboro, SC","47500",2006,349,265,76,8,0,0,0,136,77,40,0,0,349,0,0,0
"Warner Robins, GA","47580",2006,60,18,42,0,0,0,0,87,73,56,0,0,0,0,60,0
"Warren, PA","47620",2006,365,241,56,54,14,0,0,176,115,27,0,0,0,365,0,0
"Washington Court House, OH","47920",2006,356,266,84,6,0,0,0,140,77,37,0,0,356,0,0,0
"Washington, IN","47780",2006,342,273,43,26,0,0,0,147,89,16,0,0,0,342,0,0
"Washington, NC","47820",2006,349,348,1,0,0,0,0,57,17,3,0,0,0,349,0,0
"Washington-Arlington-Alexandria, DC-VA-MD-WV","47900",2006,365,140,169,35,18,3,0,221,115,57,1,46,153,18,145,2
"Waterloo-Cedar Falls, IA","47940",2006,260,203,56,1,0,0,0,102,63,41,0,0,185,0,74,1
"Watertown, SD","47980",2006,340,301,39,0,0,0,0,85,52,22,0,0,0,0,110,230
"Watertown-Fort Atkinson, WI","48020",2006,185,148,34,3,0,0,0,112,64,41,0,0,185,0,0,0
"Watertown-Fort Drum, NY","48060",2006,229,199,25,5,0,0,0,122,58,33,0,0,229,0,0,0
"Wausau, WI","48140",2006,185,146,38,1,0,0,0,105,61,41,0,0,185,0,0,0
"Weirton-Steubenville, WV-OH","48260",2006,365,54,187,118,6,0,0,174,119,80,2,0,48,278,36,1
"Wenatchee, WA","48300",2006,365,266,97,2,0,0,0,104,62,36,0,0,0,0,365,0
"Wheeling, WV-OH","48540",2006,365,94,193,77,1,0,0,161,112,65,0,0,57,174,134,0
"Whitewater-Elkhorn, WI","48580",2006,186,134,46,6,0,0,0,129,74,44,0,0,186,0,0,0
"Wichita Falls, TX","48660",2006,350,297,53,0,0,0,0,69,53,30,0,0,0,0,350,0
"Wichita, KS","48620",2006,365,238,102,24,1,0,0,151,93,44,7,28,282,0,27,21
"Williamsport, PA","48700",2006,361,305,51,5,0,0,0,133,61,31,0,0,199,152,0,10
"Williston, ND","48780",2006,363,350,12,1,0,0,0,119,36,7,0,0,0,363,0,0
"Wilmington, NC","48900",2006,363,198,152,13,0,0,0,145,80,47,0,0,101,105,157,0
"Wilmington, OH","48940",2006,214,121,75,17,1,0,0,161,100,48,0,0,214,0,0,0
"Winchester, VA-WV","49020",2006,240,180,52,7,1,0,0,156,77,43,0,0,208,0,0,32
"Winona, MN","49100",2006,114,101,13,0,0,0,0,79,51,25,0,0,0,0,114,0
"Winston-Salem, NC","49180",2006,365,112,220,28,5,0,0,166,99,61,0,6,87,13,259,0
"Worcester, MA-CT","49340",2006,365,246,102,13,4,0,0,172,82,41,0,13,224,0,128,0
"Yakima, WA","49420",2006,365,241,111,11,2,0,0,158,77,39,0,0,0,0,358,7
"York-Hanover, PA","49620",2006,365,223,124,17,1,0,0,157,89,44,0,118,115,51,76,5
"Youngstown-Warren-Boardman, OH-PA","49660",2006,365,180,165,17,3,0,0,174,90,51,0,0,153,29,183,0
"Yuba City, CA","49700",2006,365,167,151,41,6,0,0,179,108,54,0,23,215,0,125,2
"Yuma, AZ","49740",2006,365,187,164,14,0,0,0,146,74,50,0,14,182,0,0,169
