"CBSA","CBSA Code","Year","Days with AQI","Good Days","Moderate Days","Unhealthy for Sensitive Groups Days","Unhealthy Days","Very Unhealthy Days","Hazardous Days","Max AQI","90th Percentile AQI","Median AQI","Days CO","Days NO2","Days Ozone","Days SO2","Days PM2.5","Days PM10"
"Aberdeen, SD","10100",2013,121,100,21,0,0,0,0,75,55,26,0,0,0,0,107,14
"Aberdeen, WA","10140",2013,365,316,49,0,0,0,0,71,54,21,0,0,0,0,365,0
"Adjuntas, PR","10260",2013,93,91,2,0,0,0,0,54,36,16,0,0,0,0,93,0
"Adrian, MI","10300",2013,245,191,53,1,0,0,0,105,60,42,0,0,162,0,83,0
"Akron, OH","10420",2013,365,292,70,3,0,0,0,146,60,35,14,0,149,109,93,0
"Albany, GA","10500",2013,364,232,127,5,0,0,0,126,64,43,0,0,0,0,364,0
"Albany, OR","10540",2013,365,291,69,5,0,0,0,111,63,23,0,0,0,0,365,0
"Albany-Schenectady-Troy, NY","10580",2013,365,295,70,0,0,0,0,97,58,39,0,0,269,0,96,0
"Albuquerque, NM","10740",2013,365,142,214,9,0,0,0,145,82,54,0,1,222,0,95,47
"Alexandria, LA","10780",2013,362,232,129,1,0,0,0,105,63,44,0,0,0,0,362,0
"Allentown-Bethlehem-Easton, PA-NJ","10900",2013,365,192,159,14,0,0,0,134,80,49,0,5,151,12,197,0
"Altoona, PA","11020",2013,365,218,144,3,0,0,0,115,68,46,0,0,127,6,232,0
"Amarillo, TX","11100",2013,365,272,91,2,0,0,0,122,74,44,0,0,328,1,36,0
"Americus, GA","11140",2013,245,232,13,0,0,0,0,80,48,36,0,0,245,0,0,0
"Ames, IA","11180",2013,214,196,18,0,0,0,0,80,49,41,0,0,214,0,0,0
"Anchorage, AK","11260",2013,365,284,76,4,1,0,0,151,62,29,4,0,0,0,242,119
"Ann Arbor, MI","11460",2013,364,296,67,1,0,0,0,101,58,37,0,0,319,0,45,0
"Appleton, WI","11540",2013,365,264,100,1,0,0,0,105,64,41,0,0,155,0,210,0
"Ardmore, OK","11620",2013,339,211,113,15,0,0,0,150,74,45,0,0,193,0,146,0
"Arkadelphia, AR","11660",2013,318,298,19,1,0,0,0,112,47,33,0,0,318,0,0,0
"Asheville, NC","11700",2013,365,290,75,0,0,0,0,97,58,43,0,0,175,0,190,0
"Ashtabula, OH","11780",2013,365,329,34,2,0,0,0,108,50,30,0,0,211,154,0,0
"Athens, OH","11900",2013,57,49,8,0,0,0,0,65,53,33,0,0,0,0,57,0
"Athens, TN","11940",2013,100,81,19,0,0,0,0,65,57,35,0,0,0,0,100,0
"Athens-Clarke County, GA","12020",2013,365,271,94,0,0,0,0,91,60,40,0,0,94,0,271,0
"Atlanta-Sandy Springs-Roswell, GA","12060",2013,365,168,184,12,1,0,0,177,74,52,0,6,118,0,241,0
"Atlantic City-Hammonton, NJ","12100",2013,363,303,57,2,1,0,0,154,58,39,0,0,305,3,55,0
"Augusta-Richmond County, GA-SC","12260",2013,364,253,109,2,0,0,0,104,63,44,0,0,128,21,215,0
"Augusta-Waterville, ME","12300",2013,361,349,11,1,0,0,0,108,44,30,0,124,222,6,0,9
"Austin-Round Rock, TX","12420",2013,365,249,112,4,0,0,0,129,70,44,0,1,215,0,149,0
"Bakersfield, CA","12540",2013,365,35,194,104,31,1,0,218,148,89,0,0,177,0,185,3
"Baltimore-Columbia-Towson, MD","12580",2013,365,197,158,10,0,0,0,133,80,49,0,16,181,1,167,0
"Bangor, ME","12620",2013,363,323,39,1,0,0,0,119,51,32,0,0,238,0,123,2
"Baraboo, WI","12660",2013,364,295,69,0,0,0,0,90,58,38,0,0,179,0,184,1
"Barnstable Town, MA","12700",2013,315,291,20,4,0,0,0,129,49,36,0,0,296,0,19,0
"Baton Rouge, LA","12940",2013,365,208,148,7,2,0,0,166,74,48,0,5,184,4,172,0
"Bay City, MI","13020",2013,114,94,20,0,0,0,0,67,54,29,0,0,0,0,114,0
"Beaumont-Port Arthur, TX","13140",2013,365,230,126,9,0,0,0,129,71,46,0,0,179,13,173,0
"Beaver Dam, WI","13180",2013,365,258,105,1,0,1,0,214,64,43,0,0,219,0,145,1
"Beckley, WV","13220",2013,120,106,14,0,0,0,0,73,51,30,0,0,0,0,120,0
"Bellingham, WA","13380",2013,348,317,31,0,0,0,0,75,49,28,0,0,105,0,243,0
"Bend-Redmond, OR","13460",2013,365,320,45,0,0,0,0,85,54,34,0,0,118,0,247,0
"Bennington, VT","13540",2013,365,324,40,1,0,0,0,101,51,36,0,0,291,0,74,0
"Berlin, NH-VT","13620",2013,365,279,84,2,0,0,0,119,64,44,0,0,364,0,1,0
"Billings, MT","13740",2013,365,338,25,2,0,0,0,112,46,24,0,0,0,207,158,0
"Birmingham-Hoover, AL","13820",2013,365,189,173,3,0,0,0,129,69,50,0,1,107,3,253,1
"Bishop, CA","13860",2013,365,231,113,10,7,2,2,425,86,46,0,0,286,0,26,53
"Bismarck, ND","13900",2013,365,317,48,0,0,0,0,84,53,39,0,8,284,2,68,3
"Blacksburg-Christiansburg-Radford, VA","13980",2013,356,332,24,0,0,0,0,84,49,38,0,0,356,0,0,0
"Bloomington, IL","14010",2013,355,303,51,1,0,0,0,105,58,37,0,0,355,0,0,0
"Bloomington, IN","14020",2013,360,266,93,1,0,0,0,122,61,42,0,0,133,0,227,0
"Boise City, ID","14260",2013,365,271,79,11,4,0,0,185,73,38,1,74,178,0,53,59
"Boone, NC","14380",2013,122,109,12,0,1,0,0,153,51,26,0,0,0,0,122,0
"Boston-Cambridge-Newton, MA-NH","14460",2013,365,217,139,9,0,0,0,126,73,48,0,10,128,3,223,1
"Boulder, CO","14500",2013,360,238,106,15,1,0,0,151,87,45,0,0,336,0,23,1
"Bowling Green, KY","14540",2013,365,281,83,1,0,0,0,105,61,41,0,0,243,0,122,0
"Bozeman, MT","14580",2013,365,334,31,0,0,0,0,76,48,24,0,7,0,0,358,0
"Brainerd, MN","14660",2013,365,338,27,0,0,0,0,79,49,31,0,0,199,0,166,0
"Branson, MO","14700",2013,264,230,34,0,0,0,0,100,53,38,0,0,192,0,72,0
"Bremerton-Silverdale, WA","14740",2013,349,341,8,0,0,0,0,75,40,17,0,0,0,0,349,0
"Bridgeport-Stamford-Norwalk, CT","14860",2013,365,196,144,19,6,0,0,185,91,48,0,18,124,0,223,0
"Brookings, SD","15100",2013,365,322,43,0,0,0,0,93,54,38,0,0,304,0,41,20
"Brownsville-Harlingen, TX","15180",2013,365,255,110,0,0,0,0,95,67,42,0,0,172,0,193,0
"Brunswick, GA","15260",2013,312,285,27,0,0,0,0,80,50,33,0,0,194,0,118,0
"Buffalo-Cheektowaga-Niagara Falls, NY","15380",2013,365,258,103,4,0,0,0,122,63,43,0,14,191,0,160,0
"Burlington, NC","15500",2013,356,313,43,0,0,0,0,78,52,31,0,0,0,0,356,0
"Burlington-South Burlington, VT","15540",2013,365,305,59,1,0,0,0,133,56,39,0,3,253,0,109,0
"Butte-Silver Bow, MT","15580",2013,365,275,84,5,1,0,0,152,64,29,0,0,0,0,314,51
"Cadillac, MI","15620",2013,365,315,49,1,0,0,0,101,61,38,0,0,346,0,19,0
"Cambridge, MD","15700",2013,365,297,66,2,0,0,0,108,60,40,0,0,291,0,74,0
"Canton-Massillon, OH","15940",2013,365,245,117,3,0,0,0,112,67,45,1,0,107,0,257,0
"Cape Coral-Fort Myers, FL","15980",2013,365,317,48,0,0,0,0,93,53,36,0,0,252,0,113,0
"Carlsbad-Artesia, NM","16100",2013,356,247,107,2,0,0,0,122,74,45,0,0,340,0,16,0
"Carson City, NV","16180",2013,275,180,80,5,9,1,0,220,80,47,0,0,187,0,88,0
"Casper, WY","16220",2013,365,295,68,2,0,0,0,133,58,43,0,14,321,21,9,0
"Ca¤on City, CO","15860",2013,62,60,2,0,0,0,0,78,34,16,0,0,0,0,0,62
"Cedar Rapids, IA","16300",2013,365,246,118,1,0,0,0,122,64,44,0,0,135,0,228,2
"Centralia, WA","16500",2013,330,287,43,0,0,0,0,80,53,23,0,0,0,0,330,0
"Chambersburg-Waynesboro, PA","16540",2013,344,279,61,4,0,0,0,115,61,40,0,0,344,0,0,0
"Champaign-Urbana, IL","16580",2013,364,308,56,0,0,0,0,100,55,37,2,0,309,4,49,0
"Charleston, WV","16620",2013,365,307,56,2,0,0,0,112,56,36,0,0,165,48,95,57
"Charleston-North Charleston, SC","16700",2013,365,302,63,0,0,0,0,84,55,37,0,12,116,1,236,0
"Charlotte-Concord-Gastonia, NC-SC","16740",2013,365,244,118,3,0,0,0,108,65,45,0,4,207,0,153,1
"Charlottesville, VA","16820",2013,364,312,52,0,0,0,0,74,54,36,0,0,155,0,209,0
"Chattanooga, TN-GA","16860",2013,363,227,135,1,0,0,0,101,63,45,0,0,136,0,227,0
"Cheyenne, WY","16940",2013,365,276,86,3,0,0,0,115,67,43,0,9,338,0,15,3
"Chicago-Naperville-Elgin, IL-IN-WI","16980",2013,365,82,263,19,1,0,0,186,89,60,0,31,86,27,200,21
"Chico, CA","17020",2013,365,147,209,8,1,0,0,169,90,54,0,0,221,0,144,0
"Cincinnati, OH-KY-IN","17140",2013,365,85,263,17,0,0,0,129,85,60,0,0,59,40,262,4
"Claremont-Lebanon, NH-VT","17200",2013,365,322,43,0,0,0,0,84,53,36,0,0,268,0,97,0
"Clarksburg, WV","17220",2013,119,93,26,0,0,0,0,69,56,34,0,0,0,0,119,0
"Clarksville, TN-KY","17300",2013,365,262,102,1,0,0,0,115,61,43,0,0,205,7,153,0
"Clearlake, CA","17340",2013,364,355,9,0,0,0,0,80,44,33,0,0,362,0,2,0
"Cleveland, MS","17380",2013,245,208,36,1,0,0,0,108,58,41,0,0,245,0,0,0
"Cleveland-Elyria, OH","17460",2013,365,138,212,14,1,0,0,151,85,56,9,8,80,57,202,9
"Clinton, IA","17540",2013,365,152,210,3,0,0,0,115,70,54,0,0,75,2,288,0
"Coco, PR","17640",2013,347,346,0,1,0,0,0,113,23,11,0,0,0,347,0,0
"Colorado Springs, CO","17820",2013,365,219,134,12,0,0,0,140,87,48,0,0,334,21,7,3
"Columbia, MO","17860",2013,214,178,36,0,0,0,0,97,58,42,0,0,214,0,0,0
"Columbia, SC","17900",2013,365,254,111,0,0,0,0,97,58,43,0,4,131,8,222,0
"Columbus, GA-AL","17980",2013,365,271,93,1,0,0,0,111,62,41,0,0,131,0,234,0
"Columbus, IN","18020",2013,214,175,39,0,0,0,0,93,67,35,0,72,122,20,0,0
"Columbus, OH","18140",2013,365,225,134,6,0,0,0,136,67,46,0,5,153,0,207,0
"Concord, NH","18180",2013,365,327,38,0,0,0,0,97,51,28,0,0,169,122,74,0
"Cookeville, TN","18260",2013,113,96,17,0,0,0,0,66,53,33,0,0,0,0,113,0
"Coos Bay, OR","18300",2013,186,185,1,0,0,0,0,57,23,10,0,0,0,0,186,0
"Corning, NY","18500",2013,364,342,22,0,0,0,0,84,47,32,23,0,296,5,40,0
"Corpus Christi, TX","18580",2013,365,274,91,0,0,0,0,100,64,42,0,0,199,0,164,2
"Corsicana, TX","18620",2013,365,267,93,5,0,0,0,126,69,42,0,3,235,6,121,0
"Corvallis, OR","18700",2013,355,302,52,1,0,0,0,109,58,17,0,0,0,0,355,0
"Craig, CO","18780",2013,357,290,67,0,0,0,0,90,58,44,0,0,357,0,0,0
"Crescent City, CA","18860",2013,126,123,3,0,0,0,0,72,23,13,0,0,0,0,89,37
"Crestview-Fort Walton Beach-Destin, FL","18880",2013,361,344,17,0,0,0,0,87,46,32,0,0,337,0,0,24
"Cullowhee, NC","19000",2013,253,205,47,1,0,0,0,119,55,44,0,0,187,0,66,0
"Dallas-Fort Worth-Arlington, TX","19100",2013,365,140,179,41,5,0,0,187,108,57,0,9,182,0,169,5
"Dalton, GA","19140",2013,281,256,25,0,0,0,0,93,50,38,0,0,228,0,53,0
"Daphne-Fairhope-Foley, AL","19300",2013,273,235,38,0,0,0,0,87,54,36,0,0,200,0,73,0
"Davenport-Moline-Rock Island, IA-IL","19340",2013,365,134,228,3,0,0,0,126,74,55,0,0,55,0,220,90
"Dayton, OH","19380",2013,365,177,179,8,1,0,0,159,73,51,0,0,131,0,234,0
"Decatur, AL","19460",2013,282,237,45,0,0,0,0,87,54,40,0,0,210,0,72,0
"Decatur, IL","19500",2013,365,291,74,0,0,0,0,87,59,41,0,0,216,16,133,0
"Deltona-Daytona Beach-Ormond Beach, FL","19660",2013,365,325,40,0,0,0,0,90,51,38,0,0,247,0,116,2
"Deming, NM","19700",2013,365,241,113,4,4,0,3,556,77,46,0,3,320,0,0,42
"Denver-Aurora-Lakewood, CO","19740",2013,365,100,221,36,8,0,0,169,105,62,0,58,247,6,44,10
"Des Moines-West Des Moines, IA","19780",2013,365,260,105,0,0,0,0,99,61,43,0,9,142,0,214,0
"Detroit-Warren-Dearborn, MI","19820",2013,365,159,194,12,0,0,0,146,82,53,0,12,89,64,180,20
"Dickinson, ND","19860",2013,365,348,17,0,0,0,0,77,49,37,0,0,361,0,4,0
"Dodge City, KS","19980",2013,365,364,1,0,0,0,0,54,13,6,0,0,0,0,0,365
"Dothan, AL","20020",2013,285,259,26,0,0,0,0,84,50,36,0,0,206,0,79,0
"Douglas, GA","20060",2013,59,52,7,0,0,0,0,59,55,32,0,0,0,0,59,0
"Dover, DE","20100",2013,357,275,82,0,0,0,0,100,60,41,0,0,228,0,129,0
"DuBois, PA","20180",2013,347,313,34,0,0,0,0,97,50,36,0,0,347,0,0,0
"Duluth, MN-WI","20260",2013,365,294,71,0,0,0,0,93,55,39,0,0,200,0,161,4
"Durango, CO","20420",2013,365,233,127,4,0,1,0,293,77,47,0,6,357,0,1,1
"Durant, OK","20460",2013,137,113,22,2,0,0,0,126,71,35,0,0,137,0,0,0
"Durham-Chapel Hill, NC","20500",2013,365,301,63,1,0,0,0,105,56,36,0,0,142,1,222,0
"Dyersburg, TN","20540",2013,99,75,24,0,0,0,0,66,58,36,0,0,0,0,99,0
"Eagle Pass, TX","20580",2013,330,279,50,1,0,0,0,105,54,29,0,0,0,0,330,0
"East Stroudsburg, PA","20700",2013,365,269,95,1,0,0,0,101,61,40,0,0,199,0,166,0
"Eau Claire, WI","20740",2013,358,288,70,0,0,0,0,82,57,38,0,0,185,0,165,8
"Effingham, IL","20820",2013,213,184,29,0,0,0,0,97,58,41,0,0,213,0,0,0
"El Centro, CA","20940",2013,365,152,174,35,3,1,0,207,101,56,3,31,198,0,40,93
"El Dorado, AR","20980",2013,357,323,34,0,0,0,0,99,46,4,0,0,0,240,117,0
"El Paso, TX","21340",2013,365,165,186,11,3,0,0,168,84,53,0,38,147,0,164,16
"Elizabethtown-Fort Knox, KY","21060",2013,364,251,113,0,0,0,0,90,61,44,0,0,106,0,258,0
"Elkhart-Goshen, IN","21140",2013,350,198,149,3,0,0,0,126,66,47,0,0,83,0,267,0
"Elko, NV","21220",2013,361,353,8,0,0,0,0,83,37,19,0,0,0,0,14,347
"Ellensburg, WA","21260",2013,348,292,56,0,0,0,0,93,57,18,0,0,0,0,348,0
"Emporia, KS","21380",2013,120,108,12,0,0,0,0,68,52,26,0,0,0,0,120,0
"Erie, PA","21500",2013,365,195,170,0,0,0,0,100,68,48,0,3,126,0,236,0
"Espa¤ola, NM","21580",2013,295,237,56,2,0,0,0,112,61,44,0,0,271,0,24,0
"Eugene, OR","21660",2013,365,237,107,20,1,0,0,161,82,40,0,0,129,0,235,1
"Eureka-Arcata-Fortuna, CA","21700",2013,365,299,65,1,0,0,0,108,58,35,0,1,144,1,218,1
"Evanston, WY","21740",2013,365,312,53,0,0,0,0,93,54,44,0,0,363,0,0,2
"Evansville, IN-KY","21780",2013,365,192,168,5,0,0,0,112,72,50,3,0,143,16,203,0
"Fairbanks, AK","21820",2013,365,197,109,31,28,0,0,194,133,44,0,0,69,1,285,10
"Fairmont, WV","21900",2013,122,94,28,0,0,0,0,75,56,37,0,0,0,0,122,0
"Fallon, NV","21980",2013,210,153,57,0,0,0,0,87,61,46,0,0,210,0,0,0
"Fargo, ND-MN","22020",2013,353,298,55,0,0,0,0,88,54,37,0,11,212,0,120,10
"Farmington, NM","22140",2013,365,238,121,5,1,0,0,156,77,46,0,23,331,1,9,1
"Fayetteville, NC","22180",2013,336,277,58,1,0,0,0,105,56,39,0,0,152,0,184,0
"Fayetteville-Springdale-Rogers, AR-MO","22220",2013,365,287,78,0,0,0,0,97,61,42,0,0,318,0,47,0
"Fernley, NV","22280",2013,208,135,73,0,0,0,0,90,67,47,0,0,208,0,0,0
"Flagstaff, AZ","22380",2013,364,262,99,3,0,0,0,115,71,46,0,0,360,0,4,0
"Flint, MI","22420",2013,238,189,48,1,0,0,0,105,64,41,0,0,170,0,68,0
"Florence, SC","22500",2013,337,264,73,0,0,0,0,93,58,39,0,0,165,0,172,0
"Florence-Muscle Shoals, AL","22520",2013,285,252,33,0,0,0,0,80,51,38,0,0,202,0,83,0
"Fond du Lac, WI","22540",2013,189,167,22,0,0,0,0,90,54,39,0,0,189,0,0,0
"Fort Collins, CO","22660",2013,365,194,143,26,2,0,0,164,93,49,0,0,349,0,14,2
"Fort Madison-Keokuk, IA-IL-MO","22800",2013,110,71,39,0,0,0,0,88,64,40,0,0,0,0,110,0
"Fort Payne, AL","22840",2013,360,319,41,0,0,0,0,93,52,38,0,0,305,0,55,0
"Fort Smith, AR-OK","22900",2013,365,300,64,1,0,0,0,105,58,38,0,49,215,0,62,39
"Fort Wayne, IN","23060",2013,365,209,155,1,0,0,0,104,68,48,4,0,104,1,256,0
"Fresno, CA","23420",2013,365,53,173,114,25,0,0,197,147,87,0,1,215,0,143,6
"Gadsden, AL","23460",2013,281,244,37,0,0,0,0,90,52,37,0,0,197,0,84,0
"Gaffney, SC","23500",2013,242,209,32,1,0,0,0,101,54,40,0,0,242,0,0,0
"Gainesville, FL","23540",2013,359,321,38,0,0,0,0,100,51,35,0,0,220,0,139,0
"Gainesville, GA","23580",2013,342,215,127,0,0,0,0,90,63,42,0,0,0,0,342,0
"Gallup, NM","23700",2013,128,127,1,0,0,0,0,51,31,17,0,0,0,0,0,128
"Gardnerville Ranchos, NV","23820",2013,277,204,53,5,9,6,0,280,85,33,0,0,0,0,277,0
"Georgetown, SC","23860",2013,356,354,2,0,0,0,0,53,25,15,0,0,0,0,0,356
"Gettysburg, PA","23900",2013,365,240,122,3,0,0,0,120,67,44,1,6,198,0,160,0
"Gillette, WY","23940",2013,365,222,142,1,0,0,0,106,64,47,0,31,178,15,24,117
"Glenwood Springs, CO","24060",2013,365,239,125,1,0,0,0,101,74,47,0,3,361,0,0,1
"Goldsboro, NC","24140",2013,359,237,122,0,0,0,0,89,61,40,0,0,0,0,359,0
"Grand Island, NE","24260",2013,114,94,20,0,0,0,0,76,57,27,0,0,0,0,114,0
"Grand Junction, CO","24300",2013,365,227,134,4,0,0,0,117,71,47,0,0,325,0,30,10
"Grand Rapids-Wyoming, MI","24340",2013,365,257,104,4,0,0,0,138,71,41,0,0,205,0,160,0
"Grants Pass, OR","24420",2013,365,231,115,6,8,3,2,350,82,37,0,0,0,0,365,0
"Great Falls, MT","24500",2013,337,311,26,0,0,0,0,71,48,26,0,0,0,0,337,0
"Greeley, CO","24540",2013,365,226,128,11,0,0,0,133,87,46,0,0,335,0,30,0
"Green Bay, WI","24580",2013,365,247,112,6,0,0,0,119,68,41,0,0,160,45,160,0
"Greensboro-High Point, NC","24660",2013,358,278,79,1,0,0,0,105,56,40,0,0,158,0,199,1
"Greenville, NC","24780",2013,262,234,28,0,0,0,0,100,51,35,0,0,188,0,74,0
"Greenville-Anderson-Mauldin, SC","24860",2013,365,278,87,0,0,0,0,97,59,42,0,34,177,0,151,3
"Greenwood, SC","24940",2013,195,190,5,0,0,0,0,80,44,33,0,0,195,0,0,0
"Guayama, PR","25020",2013,123,121,2,0,0,0,0,55,35,18,0,0,0,0,44,79
"Gulfport-Biloxi-Pascagoula, MS","25060",2013,362,293,68,1,0,0,0,105,58,40,0,4,159,5,194,0
"Hagerstown-Martinsburg, MD-WV","25180",2013,363,259,98,6,0,0,0,131,67,44,0,0,160,0,203,0
"Hammond, LA","25220",2013,123,109,14,0,0,0,0,79,53,28,0,0,0,0,123,0
"Hanford-Corcoran, CA","25260",2013,365,76,194,80,15,0,0,189,130,77,0,0,198,0,123,44
"Harrisburg-Carlisle, PA","25420",2013,365,160,193,12,0,0,0,139,79,53,0,0,125,0,240,0
"Harrison, AR","25460",2013,365,319,46,0,0,0,0,90,52,37,0,0,338,0,27,0
"Harrisonburg, VA","25500",2013,365,334,31,0,0,0,0,77,50,34,0,115,186,0,64,0
"Hartford-West Hartford-East Hartford, CT","25540",2013,365,208,143,11,3,0,0,179,80,48,0,15,111,0,239,0
"Hattiesburg, MS","25620",2013,361,279,81,1,0,0,0,107,58,38,0,0,0,0,361,0
"Helena, MT","25740",2013,365,314,51,0,0,0,0,100,57,38,0,0,249,0,116,0
"Hermiston-Pendleton, OR","25840",2013,364,269,89,6,0,0,0,115,67,40,0,0,133,0,231,0
"Hickory-Lenoir-Morganton, NC","25860",2013,365,295,70,0,0,0,0,100,55,40,0,0,139,1,225,0
"Hilo, HI","25900",2013,365,3,58,144,159,1,0,221,200,141,0,0,0,352,13,0
"Hobbs, NM","26020",2013,365,276,87,2,0,0,0,111,71,37,0,16,274,0,72,3
"Holland, MI","26090",2013,240,167,65,7,1,0,0,154,80,43,0,0,171,0,69,0
"Homosassa Springs, FL","26140",2013,132,125,7,0,0,0,0,75,46,26,0,0,0,13,119,0
"Hot Springs, AR","26300",2013,120,92,28,0,0,0,0,72,61,36,0,0,0,0,120,0
"Houghton, MI","26340",2013,122,118,4,0,0,0,0,58,28,9,0,0,0,0,122,0
"Houma-Thibodaux, LA","26380",2013,365,318,46,1,0,0,0,146,52,37,0,0,269,0,96,0
"Houston-The Woodlands-Sugar Land, TX","26420",2013,365,155,185,20,5,0,0,197,87,53,0,19,136,6,200,4
"Huntington, IN","26540",2013,183,177,6,0,0,0,0,77,46,36,0,0,183,0,0,0
"Huntington-Ashland, WV-KY-OH","26580",2013,365,237,125,3,0,0,0,119,64,45,0,5,107,5,242,6
"Huntsville, AL","26620",2013,336,282,54,0,0,0,0,90,54,40,0,0,220,0,63,53
"Idaho Falls, ID","26820",2013,360,325,35,0,0,0,0,89,50,42,0,0,354,0,6,0
"Indiana, PA","26860",2013,355,276,72,6,1,0,0,169,67,39,0,0,288,67,0,0
"Indianapolis-Carmel-Anderson, IN","26900",2013,365,102,248,15,0,0,0,124,86,60,0,1,80,68,216,0
"Iowa City, IA","26980",2013,365,243,121,1,0,0,0,103,63,42,0,0,0,0,363,2
"Ithaca, NY","27060",2013,351,327,24,0,0,0,0,93,48,35,0,0,351,0,0,0
"Jackson, MS","27140",2013,365,249,116,0,0,0,0,93,62,44,0,0,112,1,252,0
"Jackson, TN","27180",2013,114,88,26,0,0,0,0,68,55,33,0,0,0,0,114,0
"Jackson, WY-ID","27220",2013,365,310,55,0,0,0,0,80,58,44,0,0,360,0,4,1
"Jacksonville, FL","27260",2013,365,292,71,2,0,0,0,111,58,40,0,1,190,21,153,0
"Jamestown-Dunkirk-Fredonia, NY","27460",2013,358,321,36,1,0,0,0,119,51,36,0,0,325,12,21,0
"Janesville-Beloit, WI","27500",2013,190,146,43,1,0,0,0,105,67,42,0,0,190,0,0,0
"Jasper, IN","27540",2013,365,276,69,18,2,0,0,195,73,11,0,0,0,265,100,0
"Jefferson City, MO","27620",2013,214,188,26,0,0,0,0,77,51,41,0,0,214,0,0,0
"Johnstown, PA","27780",2013,365,214,148,3,0,0,0,129,70,46,0,4,107,14,236,4
"Joplin, MO","27900",2013,362,303,57,2,0,0,0,105,58,35,0,0,198,0,0,164
"Juneau, AK","27940",2013,346,309,35,2,0,0,0,107,53,19,0,0,0,0,334,12
"Kahului-Wailuku-Lahaina, HI","27980",2013,362,328,34,0,0,0,0,79,50,28,0,0,0,0,362,0
"Kalamazoo-Portage, MI","28020",2013,241,180,60,1,0,0,0,105,64,42,0,0,168,0,73,0
"Kalispell, MT","28060",2013,365,284,77,4,0,0,0,125,59,40,0,0,185,0,140,40
"Kansas City, MO-KS","28140",2013,365,109,206,49,1,0,0,162,105,59,0,2,111,99,149,4
"Kapaa, HI","28180",2013,365,364,1,0,0,0,0,53,33,15,5,63,0,14,283,0
"Keene, NH","28300",2013,365,282,80,3,0,0,0,108,67,38,0,0,244,0,121,0
"Kennewick-Richland, WA","28420",2013,365,304,58,2,0,0,1,515,57,25,0,0,0,0,315,50
"Killeen-Temple, TX","28660",2013,362,294,64,4,0,0,0,115,67,40,0,0,362,0,0,0
"Kingsport-Bristol-Bristol, TN-VA","28700",2013,364,270,87,7,0,0,0,136,65,42,1,92,162,52,57,0
"Kingsville, TX","28780",2013,349,293,55,1,0,0,0,107,55,31,0,0,0,0,349,0
"Kinston, NC","28820",2013,262,232,30,0,0,0,0,100,51,36,0,0,188,0,74,0
"Klamath Falls, OR","28900",2013,364,217,121,22,4,0,0,164,90,38,0,0,0,0,364,0
"Knoxville, TN","28940",2013,365,121,242,2,0,0,0,121,70,55,0,0,104,0,254,7
"La Crosse-Onalaska, WI-MN","29100",2013,361,256,105,0,0,0,0,85,64,42,0,0,128,0,233,0
"La Grande, OR","29260",2013,365,275,85,5,0,0,0,145,70,33,0,0,0,0,365,0
"Laconia, NH","29060",2013,213,205,8,0,0,0,0,84,46,31,0,0,176,0,37,0
"Lafayette, LA","29180",2013,365,220,143,2,0,0,0,119,64,45,0,0,149,0,215,1
"Lafayette-West Lafayette, IN","29200",2013,365,167,198,0,0,0,0,99,72,52,0,0,57,0,308,0
"Lake Charles, LA","29340",2013,365,251,111,3,0,0,0,115,67,43,0,1,185,7,172,0
"Lake City, FL","29380",2013,364,295,69,0,0,0,0,88,57,39,0,0,136,0,228,0
"Lake Havasu City-Kingman, AZ","29420",2013,358,343,14,1,0,0,0,127,36,18,0,0,0,0,42,316
"Lakeland-Winter Haven, FL","29460",2013,365,310,54,1,0,0,0,105,54,37,0,0,222,2,139,2
"Lancaster, PA","29540",2013,365,205,152,8,0,0,0,142,74,47,0,2,170,0,193,0
"Lansing-East Lansing, MI","29620",2013,362,306,55,1,0,0,0,108,58,37,0,16,313,0,33,0
"Laramie, WY","29660",2013,364,238,123,3,0,0,0,122,67,47,0,0,301,0,7,56
"Laredo, TX","29700",2013,365,275,87,3,0,0,0,122,66,40,1,0,153,0,199,12
"Las Cruces, NM","29740",2013,365,151,160,39,8,2,5,458,112,57,0,3,270,0,12,80
"Las Vegas-Henderson-Paradise, NV","29820",2013,365,106,221,34,4,0,0,166,101,61,0,7,248,0,103,7
"Lawrenceburg, TN","29980",2013,110,90,20,0,0,0,0,64,55,33,0,0,0,0,110,0
"Lawton, OK","30020",2013,365,246,113,6,0,0,0,119,71,44,0,0,261,0,104,0
"Lebanon, PA","30140",2013,365,220,134,11,0,0,0,141,74,45,0,0,218,0,147,0
"Lewiston, ID-WA","30300",2013,323,252,71,0,0,0,0,98,62,31,0,0,0,0,323,0
"Lewiston-Auburn, ME","30340",2013,361,310,51,0,0,0,0,95,54,34,0,0,160,0,200,1
"Lexington, NE","30420",2013,60,55,5,0,0,0,0,72,50,19,0,0,0,0,0,60
"Lexington-Fayette, KY","30460",2013,365,250,115,0,0,0,0,81,60,43,0,22,117,2,222,2
"Lima, OH","30620",2013,362,300,60,2,0,0,0,112,58,36,0,0,183,3,176,0
"Lincoln, NE","30700",2013,257,229,28,0,0,0,0,74,52,36,0,0,186,0,71,0
"Little Rock-North Little Rock-Conway, AR","30780",2013,365,198,164,3,0,0,0,108,71,49,0,2,150,0,213,0
"Logan, UT-ID","30860",2013,365,191,130,28,16,0,0,175,114,49,0,21,150,0,193,1
"Longview, TX","30980",2013,364,300,59,5,0,0,0,129,64,36,0,2,341,21,0,0
"Longview, WA","31020",2013,365,317,48,0,0,0,0,82,54,22,0,0,0,0,365,0
"Los Alamos, NM","31060",2013,121,120,1,0,0,0,0,53,25,10,0,0,0,0,121,0
"Los Angeles-Long Beach-Anaheim, CA","31080",2013,365,22,240,78,25,0,0,197,140,77,0,19,176,0,167,3
"Louisville/Jefferson County, KY-IN","31140",2013,365,145,216,4,0,0,0,109,76,54,0,2,86,11,266,0
"Lubbock, TX","31180",2013,334,310,23,0,1,0,0,165,45,26,0,0,0,0,334,0
"Ludington, MI","31220",2013,181,141,38,2,0,0,0,112,67,40,0,0,181,0,0,0
"Lumberton, NC","31300",2013,117,101,16,0,0,0,0,64,53,30,0,0,0,0,117,0
"Lynchburg, VA","31340",2013,118,105,13,0,0,0,0,71,51,28,0,0,0,0,118,0
"Macon, GA","31420",2013,365,253,111,1,0,0,0,105,61,43,0,0,101,0,264,0
"Madera, CA","31460",2013,365,66,225,64,10,0,0,190,119,71,0,0,191,0,167,7
"Madison, WI","31540",2013,365,236,128,1,0,0,0,101,66,44,0,0,157,0,208,0
"Malone, NY","31660",2013,365,357,7,1,0,0,0,129,43,22,0,132,192,41,0,0
"Manchester-Nashua, NH","31700",2013,364,308,55,1,0,0,0,112,54,38,0,0,314,0,50,0
"Manhattan, KS","31740",2013,91,86,5,0,0,0,0,71,44,35,0,0,91,0,0,0
"Manitowoc, WI","31820",2013,209,153,50,6,0,0,0,126,71,41,0,1,208,0,0,0
"Marietta, OH","31930",2013,213,192,20,1,0,0,0,112,50,41,0,0,213,0,0,0
"Marion, NC","32000",2013,347,306,41,0,0,0,0,68,52,30,0,0,0,0,347,0
"Marshall, MN","32140",2013,365,291,72,2,0,0,0,101,61,37,0,0,173,0,192,0
"Marshall, TX","32220",2013,365,263,99,3,0,0,0,108,64,41,0,0,214,0,151,0
"Mason City, IA","32380",2013,334,332,2,0,0,0,0,60,33,18,0,0,0,0,0,334
"Mayaguez, PR","32420",2013,81,80,1,0,0,0,0,55,36,20,0,0,0,0,81,0
"McAlester, OK","32540",2013,363,234,122,7,0,0,0,108,67,45,0,0,212,0,151,0
"McAllen-Edinburg-Mission, TX","32580",2013,365,283,81,1,0,0,0,106,65,38,0,0,152,0,208,5
"Medford, OR","32780",2013,365,198,144,12,9,2,0,238,92,48,0,0,97,0,268,0
"Memphis, TN-MS-AR","32820",2013,365,224,136,5,0,0,0,122,72,45,0,2,177,0,186,0
"Merced, CA","32900",2013,364,139,177,43,5,0,0,164,112,58,0,1,198,0,162,3
"Meridian, MS","32940",2013,242,232,10,0,0,0,0,80,46,33,0,0,242,0,0,0
"Miami, OK","33060",2013,364,276,87,1,0,0,0,108,62,39,0,0,150,0,204,10
"Miami-Fort Lauderdale-West Palm Beach, FL","33100",2013,365,271,89,5,0,0,0,119,64,42,0,4,145,0,216,0
"Michigan City-La Porte, IN","33140",2013,364,288,74,2,0,0,0,126,64,34,0,0,171,124,69,0
"Middlesborough, KY","33180",2013,264,239,25,0,0,0,0,80,50,39,0,0,222,0,42,0
"Milwaukee-Waukesha-West Allis, WI","33340",2013,365,206,155,4,0,0,0,112,74,48,0,4,142,0,218,1
"Minneapolis-St. Paul-Bloomington, MN-WI","33460",2013,365,224,137,4,0,0,0,126,70,46,0,14,161,2,176,12
"Missoula, MT","33540",2013,365,156,185,18,6,0,0,163,89,55,0,0,98,0,267,0
"Mobile, AL","33660",2013,285,248,37,0,0,0,0,90,54,39,0,0,215,0,66,4
"Modesto, CA","33700",2013,365,142,158,54,11,0,0,165,118,61,0,1,218,0,145,1
"Monroe, LA","33740",2013,365,102,262,1,0,0,0,120,73,56,0,0,37,0,328,0
"Monroe, MI","33780",2013,363,333,30,0,0,0,0,69,46,6,0,0,0,249,114,0
"Montgomery, AL","33860",2013,285,240,45,0,0,0,0,87,57,40,0,0,196,0,89,0
"Morehead City, NC","33980",2013,325,311,14,0,0,0,0,93,45,34,0,0,325,0,0,0
"Morgantown, WV","34060",2013,356,319,36,1,0,0,0,115,51,31,0,0,156,108,92,0
"Morristown, TN","34100",2013,242,197,43,2,0,0,0,101,61,43,0,0,242,0,0,0
"Moscow, ID","34140",2013,34,34,0,0,0,0,0,27,17,10,0,0,0,0,34,0
"Moses Lake, WA","34180",2013,337,294,43,0,0,0,0,85,53,24,0,0,0,0,337,0
"Mount Vernon, IL","34500",2013,210,175,35,0,0,0,0,87,61,41,0,0,210,0,0,0
"Mount Vernon, OH","34540",2013,214,182,30,2,0,0,0,108,58,40,0,0,214,0,0,0
"Mount Vernon-Anacortes, WA","34580",2013,365,344,21,0,0,0,0,60,46,32,0,3,173,0,189,0
"Muncie, IN","34620",2013,239,197,42,0,0,0,0,87,57,39,0,0,151,0,88,0
"Muscatine, IA","34700",2013,365,138,169,54,4,0,0,172,113,56,0,0,0,112,253,0
"Muskegon, MI","34740",2013,210,149,55,6,0,0,0,126,74,42,0,0,171,0,39,0
"Muskogee, OK","34780",2013,365,345,20,0,0,0,0,69,41,21,0,0,0,45,0,320
"Napa, CA","34900",2013,365,218,144,3,0,0,0,119,70,44,0,4,129,0,232,0
"Naples-Immokalee-Marco Island, FL","34940",2013,365,318,47,0,0,0,0,74,52,34,0,0,204,0,161,0
"Nashville-Davidson--Murfreesboro--Franklin, TN","34980",2013,365,226,138,1,0,0,0,101,64,47,0,1,150,0,214,0
"New Castle, IN","35220",2013,120,85,35,0,0,0,0,85,59,37,0,0,0,0,120,0
"New Castle, PA","35260",2013,365,333,29,3,0,0,0,136,50,34,0,0,322,11,0,32
"New Haven-Milford, CT","35300",2013,365,182,168,12,3,0,0,159,80,51,0,7,148,0,210,0
"New Orleans-Metairie, LA","35380",2013,365,212,126,23,4,0,0,200,79,47,0,2,159,51,151,2
"New York-Newark-Jersey City, NY-NJ-PA","35620",2013,365,151,193,18,3,0,0,159,90,54,0,45,137,0,183,0
"Niles-Benton Harbor, MI","35660",2013,240,172,63,5,0,0,0,126,77,42,0,0,174,0,66,0
"Nogales, AZ","35700",2013,344,253,86,3,2,0,0,159,64,36,0,0,0,0,122,222
"North Port-Sarasota-Bradenton, FL","35840",2013,365,295,66,4,0,0,0,122,58,40,0,0,224,0,141,0
"Norwich-New London, CT","35980",2013,349,225,117,4,3,0,0,164,64,46,0,0,103,0,246,0
"Ocala, FL","36100",2013,365,306,59,0,0,0,0,90,54,37,0,0,181,0,184,0
"Odessa, TX","36220",2013,365,318,46,1,0,0,0,112,53,30,0,0,0,0,365,0
"Ogden-Clearfield, UT","36260",2013,365,159,162,39,5,0,0,162,109,54,0,14,203,1,145,2
"Oklahoma City, OK","36420",2013,365,201,156,8,0,0,0,147,77,48,0,18,220,0,127,0
"Olympia-Tumwater, WA","36500",2013,364,289,72,3,0,0,0,132,62,32,0,0,141,0,223,0
"Omaha-Council Bluffs, NE-IA","36540",2013,365,186,174,5,0,0,0,128,72,50,0,0,117,18,158,72
"Orlando-Kissimmee-Sanford, FL","36740",2013,365,310,52,3,0,0,0,112,56,39,0,0,256,0,109,0
"Othello, WA","36830",2013,342,333,9,0,0,0,0,59,30,15,0,0,0,0,342,0
"Ottawa-Peru, IL","36860",2013,347,347,0,0,0,0,0,17,6,1,0,0,0,347,0,0
"Owensboro, KY","36980",2013,365,263,100,2,0,0,0,110,64,42,0,21,169,17,158,0
"Oxford, NC","37080",2013,214,191,23,0,0,0,0,93,51,38,0,0,214,0,0,0
"Oxnard-Thousand Oaks-Ventura, CA","37100",2013,365,182,172,10,1,0,0,159,77,51,0,6,234,0,120,5
"Paducah, KY-IL","37140",2013,365,281,83,1,0,0,0,108,60,39,0,25,184,5,149,2
"Pahrump, NV","37220",2013,365,352,12,1,0,0,0,133,34,18,0,0,0,0,0,365
"Palatka, FL","37260",2013,365,363,2,0,0,0,0,55,23,14,0,0,0,32,0,333
"Palm Bay-Melbourne-Titusville, FL","37340",2013,365,327,38,0,0,0,0,93,51,37,0,0,290,0,75,0
"Panama City, FL","37460",2013,364,310,52,2,0,0,0,144,55,38,0,0,199,0,165,0
"Parkersburg-Vienna, WV","37620",2013,364,320,42,2,0,0,0,112,52,34,0,0,184,111,69,0
"Payson, AZ","37740",2013,365,64,191,90,19,1,0,276,131,77,0,0,85,239,0,41
"Pensacola-Ferry Pass-Brent, FL","37860",2013,365,278,86,1,0,0,0,101,58,42,0,0,187,4,174,0
"Peoria, IL","37900",2013,365,199,140,21,5,0,0,183,89,49,0,0,135,78,152,0
"Philadelphia-Camden-Wilmington, PA-NJ-DE-MD","37980",2013,365,103,243,19,0,0,0,143,87,57,0,4,103,0,256,2
"Phoenix-Mesa-Scottsdale, AZ","38060",2013,365,30,230,77,20,5,3,902,138,80,0,14,123,0,67,161
"Pittsburgh, PA","38300",2013,365,116,225,23,1,0,0,190,87,58,0,1,99,25,240,0
"Pittsfield, MA","38340",2013,364,227,133,4,0,0,0,119,69,45,0,0,84,0,280,0
"Platteville, WI","38420",2013,356,287,69,0,0,0,0,76,59,32,0,0,0,0,356,0
"Pocatello, ID","38540",2013,365,288,74,2,1,0,0,200,61,35,0,0,0,109,187,69
"Ponca City, OK","38620",2013,365,218,143,4,0,0,0,115,71,46,0,0,162,7,196,0
"Ponce, PR","38660",2013,362,345,17,0,0,0,0,61,45,26,46,0,0,0,47,269
"Port Angeles, WA","38820",2013,365,323,42,0,0,0,0,83,53,35,0,0,235,0,130,0
"Port St. Lucie, FL","38940",2013,352,323,29,0,0,0,0,76,46,29,0,0,0,0,352,0
"Portland-South Portland, ME","38860",2013,365,280,78,7,0,0,0,147,63,41,0,14,215,0,134,2
"Portland-Vancouver-Hillsboro, OR-WA","38900",2013,365,234,114,13,4,0,0,157,76,41,0,4,174,0,187,0
"Portsmouth, OH","39020",2013,365,342,23,0,0,0,0,75,48,19,0,0,0,19,116,230
"Prescott, AZ","39140",2013,288,226,61,1,0,0,0,101,64,44,0,0,245,0,41,2
"Price, UT","39220",2013,362,252,108,2,0,0,0,115,67,44,0,35,327,0,0,0
"Prineville, OR","39260",2013,365,248,104,11,2,0,0,151,80,35,0,0,0,0,365,0
"Providence-Warwick, RI-MA","39300",2013,365,222,130,12,1,0,0,169,73,47,0,2,168,10,184,1
"Provo-Orem, UT","39340",2013,365,187,137,25,16,0,0,189,105,50,0,61,202,0,99,3
"Pueblo, CO","39380",2013,127,117,10,0,0,0,0,91,43,22,0,0,0,0,100,27
"Pullman, WA","39420",2013,365,334,31,0,0,0,0,72,48,23,0,0,0,0,365,0
"Quincy, IL-MO","39500",2013,303,282,21,0,0,0,0,97,48,37,0,0,303,0,0,0
"Racine, WI","39540",2013,186,156,30,0,0,0,0,93,58,38,0,0,186,0,0,0
"Raleigh, NC","39580",2013,365,246,119,0,0,0,0,97,64,44,0,0,140,0,225,0
"Rapid City, SD","39660",2013,365,236,129,0,0,0,0,94,64,46,0,0,226,0,45,94
"Reading, PA","39740",2013,365,204,149,12,0,0,0,141,77,48,0,0,157,0,208,0
"Red Bluff, CA","39780",2013,365,254,100,11,0,0,0,136,74,43,0,0,297,0,67,1
"Red Wing, MN","39860",2013,213,190,23,0,0,0,0,87,51,40,0,0,213,0,0,0
"Redding, CA","39820",2013,365,297,66,2,0,0,0,105,64,42,0,0,351,0,13,1
"Reno, NV","39900",2013,365,151,179,17,4,0,14,895,99,54,0,1,203,0,107,54
"Richmond, IN","39980",2013,363,363,0,0,0,0,0,39,11,6,0,0,0,363,0,0
"Richmond, VA","40060",2013,365,284,80,1,0,0,0,150,61,41,0,25,199,5,136,0
"Richmond-Berea, KY","40080",2013,114,96,18,0,0,0,0,68,53,33,0,0,0,0,114,0
"Riverside-San Bernardino-Ontario, CA","40140",2013,365,24,183,96,57,3,2,455,164,97,0,7,201,0,113,44
"Riverton, WY","40180",2013,365,268,97,0,0,0,0,100,61,45,0,0,347,0,17,1
"Roanoke, VA","40220",2013,364,312,52,0,0,0,0,80,54,38,0,29,156,0,177,2
"Rochester, MN","40340",2013,365,282,83,0,0,0,0,100,61,39,0,0,169,0,196,0
"Rochester, NY","40380",2013,365,296,69,0,0,0,0,93,58,38,0,0,251,0,114,0
"Rock Springs, WY","40540",2013,365,252,109,3,0,0,1,310,67,45,0,4,309,3,4,45
"Rockford, IL","40420",2013,363,340,23,0,0,0,0,84,48,31,0,0,363,0,0,0
"Rockland, ME","40500",2013,208,188,15,5,0,0,0,140,50,38,0,0,208,0,0,0
"Rocky Mount, NC","40580",2013,361,303,57,1,0,0,0,101,54,36,0,0,146,0,215,0
"Rome, GA","40660",2013,365,166,198,1,0,0,0,106,70,52,0,0,0,3,362,0
"Roseburg, OR","40700",2013,365,302,63,0,0,0,0,92,59,30,0,0,0,0,365,0
"Roswell, NM","40740",2013,110,105,4,1,0,0,0,121,38,22,0,0,0,0,110,0
"Ruidoso, NM","40760",2013,114,112,2,0,0,0,0,52,34,15,0,0,0,0,114,0
"Rutland, VT","40860",2013,361,271,87,3,0,0,0,128,68,34,0,13,0,1,347,0
"Sacramento--Roseville--Arden-Arcade, CA","40900",2013,365,108,207,44,6,0,0,161,110,64,0,2,218,0,142,3
"Salem, OH","41400",2013,351,350,1,0,0,0,0,57,21,6,0,0,0,292,0,59
"Salem, OR","41420",2013,361,279,77,5,0,0,0,123,64,33,0,0,135,0,226,0
"Salinas, CA","41500",2013,365,319,46,0,0,0,0,96,52,38,0,4,219,0,111,31
"Salisbury, MD-DE","41540",2013,365,290,71,4,0,0,0,136,59,40,0,0,282,0,83,0
"Salt Lake City, UT","41620",2013,365,185,130,42,8,0,0,160,122,50,0,39,220,3,100,3
"San Antonio-New Braunfels, TX","41700",2013,365,221,127,15,2,0,0,154,77,47,0,2,229,1,133,0
"San Diego-Carlsbad, CA","41740",2013,365,56,272,35,1,0,1,617,101,66,8,20,152,0,157,28
"San Francisco-Oakland-Hayward, CA","41860",2013,365,160,196,9,0,0,0,133,80,53,0,17,62,0,286,0
"San Jose-Sunnyvale-Santa Clara, CA","41940",2013,365,189,164,11,1,0,0,152,84,50,0,0,191,0,173,1
"San Juan-Carolina-Caguas, PR","41980",2013,365,329,26,5,5,0,0,200,50,29,34,0,30,26,37,238
"San Luis Obispo-Paso Robles-Arroyo Grande, CA","42020",2013,365,103,247,15,0,0,0,136,90,59,0,0,174,3,155,33
"Sandpoint, ID","41760",2013,273,271,2,0,0,0,0,79,21,12,0,0,0,0,0,273
"Sanford, NC","41820",2013,56,56,0,0,0,0,0,41,37,31,0,0,56,0,0,0
"Santa Cruz-Watsonville, CA","42100",2013,365,280,63,22,0,0,0,149,83,38,0,0,242,0,123,0
"Santa Fe, NM","42140",2013,365,267,98,0,0,0,0,100,67,44,0,0,351,0,14,0
"Santa Maria-Santa Barbara, CA","42200",2013,365,237,124,4,0,0,0,122,64,46,0,2,254,4,101,4
"Santa Rosa, CA","42220",2013,365,291,74,0,0,0,0,85,61,36,0,3,218,0,142,2
"Sault Ste. Marie, MI","42300",2013,284,258,26,0,0,0,0,84,49,30,0,0,141,0,143,0
"Savannah, GA","42340",2013,365,244,111,10,0,0,0,131,69,42,0,0,87,89,189,0
"Sayre, PA","42380",2013,306,304,2,0,0,0,0,64,44,31,0,5,301,0,0,0
"Scottsbluff, NE","42420",2013,89,87,2,0,0,0,0,56,40,20,0,0,0,0,89,0
"Scranton--Wilkes-Barre--Hazleton, PA","42540",2013,365,271,92,2,0,0,0,108,64,42,0,10,226,0,128,1
"Seattle-Tacoma-Bellevue, WA","42660",2013,365,192,165,8,0,0,0,149,79,50,0,0,109,0,256,0
"Sebastian-Vero Beach, FL","42680",2013,330,302,28,0,0,0,0,93,50,37,0,0,330,0,0,0
"Sebring, FL","42700",2013,360,336,24,0,0,0,0,84,47,31,0,0,360,0,0,0
"Seneca, SC","42860",2013,320,319,1,0,0,0,0,67,41,1,0,0,145,175,0,0
"Sevierville, TN","42940",2013,364,299,65,0,0,0,0,100,58,44,0,0,364,0,0,0
"Seymour, IN","42980",2013,183,158,24,1,0,0,0,105,58,43,0,0,183,0,0,0
"Shawnee, OK","43060",2013,230,203,26,1,0,0,0,126,58,39,0,0,230,0,0,0
"Sheboygan, WI","43100",2013,187,125,52,10,0,0,0,140,87,43,0,0,187,0,0,0
"Shelton, WA","43220",2013,336,271,65,0,0,0,0,75,57,25,0,0,0,0,336,0
"Sheridan, WY","43260",2013,365,338,27,0,0,0,0,77,49,39,0,0,246,0,46,73
"Show Low, AZ","43320",2013,365,246,119,0,0,0,0,100,74,46,0,0,351,0,0,14
"Shreveport-Bossier City, LA","43340",2013,365,246,115,4,0,0,0,119,68,44,0,0,196,0,169,0
"Sierra Vista-Douglas, AZ","43420",2013,365,219,139,7,0,0,0,149,77,48,0,0,286,0,12,67
"Silver City, NM","43500",2013,360,346,14,0,0,0,0,71,48,40,0,0,332,25,0,3
"Sioux City, IA-NE-SD","43580",2013,365,250,114,1,0,0,0,121,64,43,0,6,132,0,216,11
"Sioux Falls, SD","43620",2013,364,258,106,0,0,0,0,99,65,43,0,1,232,0,129,2
"Somerset, KY","43700",2013,285,252,33,0,0,0,0,80,51,40,0,0,207,0,78,0
"Somerset, PA","43740",2013,318,294,23,1,0,0,0,105,49,35,0,0,318,0,0,0
"Sonora, CA","43760",2013,364,284,78,2,0,0,0,119,64,43,0,0,364,0,0,0
"South Bend-Mishawaka, IN-MI","43780",2013,361,167,188,5,1,0,0,154,74,52,0,17,80,0,264,0
"Spartanburg, SC","43900",2013,356,262,93,1,0,0,0,105,59,41,0,0,132,0,224,0
"Spokane-Spokane Valley, WA","44060",2013,365,210,152,2,1,0,0,175,71,46,0,0,136,0,209,20
"Springfield, IL","44100",2013,365,326,39,0,0,0,0,100,51,35,0,0,365,0,0,0
"Springfield, MA","44140",2013,365,253,106,6,0,0,0,140,67,41,0,8,185,1,171,0
"Springfield, MO","44180",2013,365,278,87,0,0,0,0,97,58,41,0,0,157,32,175,1
"Springfield, OH","44220",2013,365,235,124,6,0,0,0,112,67,46,0,0,142,4,219,0
"St. Cloud, MN","41060",2013,359,312,47,0,0,0,0,83,55,36,0,0,192,0,167,0
"St. George, UT","41100",2013,365,276,87,2,0,0,0,112,67,44,0,0,357,0,8,0
"St. Joseph, MO-KS","41140",2013,360,208,149,3,0,0,0,115,70,47,0,0,111,0,244,5
"St. Louis, MO-IL","41180",2013,365,107,213,41,4,0,0,178,102,60,0,8,104,79,164,10
"St. Marys, PA","41260",2013,361,332,28,1,0,0,0,105,49,36,0,0,361,0,0,0
"State College, PA","44300",2013,365,278,85,2,0,0,0,112,62,42,0,2,230,1,132,0
"Steamboat Springs, CO","44460",2013,349,336,13,0,0,0,0,64,31,15,0,0,0,0,0,349
"Stockton-Lodi, CA","44700",2013,365,122,210,24,9,0,0,157,99,57,0,0,88,0,261,16
"Summerville, GA","44900",2013,244,233,11,0,0,0,0,77,46,37,0,0,244,0,0,0
"Syracuse, NY","45060",2013,365,338,27,0,0,0,0,93,48,34,0,0,341,0,24,0
"Tahlequah, OK","45140",2013,289,245,43,1,0,0,0,101,64,40,0,0,289,0,0,0
"Talladega-Sylacauga, AL","45180",2013,114,88,26,0,0,0,0,63,55,38,0,0,0,0,114,0
"Tallahassee, FL","45220",2013,365,296,66,2,0,1,0,222,58,38,0,0,221,0,144,0
"Tampa-St. Petersburg-Clearwater, FL","45300",2013,365,242,117,6,0,0,0,122,69,45,0,0,178,22,165,0
"Taos, NM","45340",2013,359,354,5,0,0,0,0,59,34,15,0,0,0,0,348,11
"Terre Haute, IN","45460",2013,365,179,171,15,0,0,0,135,81,51,0,0,90,68,207,0
"Texarkana, TX-AR","45500",2013,57,43,14,0,0,0,0,94,67,38,0,0,0,0,57,0
"The Dalles, OR","45520",2013,361,322,35,3,1,0,0,174,52,26,0,0,0,0,361,0
"Toledo, OH","45780",2013,365,251,113,1,0,0,0,108,62,43,0,0,123,6,236,0
"Topeka, KS","45820",2013,364,310,54,0,0,0,0,93,56,39,0,0,315,0,45,4
"Torrington, CT","45860",2013,365,285,77,3,0,0,0,150,59,41,0,1,243,1,120,0
"Traverse City, MI","45900",2013,183,140,42,1,0,0,0,119,71,40,0,0,183,0,0,0
"Trenton, NJ","45940",2013,365,242,120,3,0,0,0,122,68,43,0,0,222,0,143,0
"Truckee-Grass Valley, CA","46020",2013,362,207,134,21,0,0,0,140,91,48,0,0,337,0,25,0
"Tucson, AZ","46060",2013,365,208,149,5,0,2,1,312,80,49,0,3,269,0,25,68
"Tulsa, OK","46140",2013,365,185,169,11,0,0,0,136,79,50,0,0,176,25,164,0
"Tupelo, MS","46180",2013,242,223,18,1,0,0,0,101,49,38,0,0,242,0,0,0
"Tuscaloosa, AL","46220",2013,362,333,29,0,0,0,0,71,49,32,0,0,194,81,87,0
"Twin Falls, ID","46300",2013,305,292,13,0,0,0,0,86,37,13,0,0,0,0,305,0
"Tyler, TX","46340",2013,357,306,47,4,0,0,0,126,61,38,0,3,354,0,0,0
"Ukiah, CA","46380",2013,331,275,56,0,0,0,0,79,59,28,0,0,54,0,113,164
"Urban Honolulu, HI","46520",2013,365,347,18,0,0,0,0,67,46,30,0,0,141,0,221,3
"Utica-Rome, NY","46540",2013,365,310,55,0,0,0,0,93,55,37,0,0,257,1,107,0
"Valdosta, GA","46660",2013,363,286,74,3,0,0,0,118,58,36,0,0,0,0,363,0
"Vallejo-Fairfield, CA","46700",2013,365,230,124,11,0,0,0,132,73,44,0,3,180,0,182,0
"Vernal, UT","46860",2013,365,134,167,22,23,19,0,238,164,58,0,3,346,0,16,0
"Victoria, TX","47020",2013,336,320,16,0,0,0,0,80,46,31,0,0,336,0,0,0
"Vincennes, IN","47180",2013,350,318,32,0,0,0,0,90,50,36,0,0,350,0,0,0
"Vineland-Bridgeton, NJ","47220",2013,303,285,18,0,0,0,0,90,49,34,0,0,303,0,0,0
"Vineyard Haven, MA","47240",2013,317,290,25,2,0,0,0,129,49,36,0,0,291,0,26,0
"Virginia Beach-Norfolk-Newport News, VA-NC","47260",2013,365,284,78,3,0,0,0,115,58,40,0,25,153,34,153,0
"Visalia-Porterville, CA","47300",2013,365,61,166,111,26,1,0,201,143,84,0,0,220,0,145,0
"Wabash, IN","47340",2013,353,309,42,2,0,0,0,105,54,35,0,0,353,0,0,0
"Waco, TX","47380",2013,360,271,85,4,0,0,0,115,65,41,1,3,251,0,105,0
"Walla Walla, WA","47460",2013,365,317,46,2,0,0,0,104,54,23,0,0,0,0,365,0
"Walterboro, SC","47500",2013,334,291,43,0,0,0,0,100,53,33,0,0,122,0,212,0
"Warner Robins, GA","47580",2013,351,251,100,0,0,0,0,87,59,38,0,0,0,0,351,0
"Warren, PA","47620",2013,364,310,43,11,0,0,0,136,62,14,0,0,0,364,0,0
"Washington Court House, OH","47920",2013,332,304,26,2,0,0,0,108,49,35,0,0,332,0,0,0
"Washington, IN","47780",2013,342,307,17,17,1,0,0,158,51,7,0,0,0,342,0,0
"Washington, NC","47820",2013,362,362,0,0,0,0,0,46,13,3,0,0,0,362,0,0
"Washington-Arlington-Alexandria, DC-VA-MD-WV","47900",2013,365,179,174,12,0,0,0,122,77,51,0,39,156,0,170,0
"Waterloo-Cedar Falls, IA","47940",2013,365,235,127,3,0,0,0,124,62,44,0,0,146,0,216,3
"Watertown, SD","47980",2013,361,278,83,0,0,0,0,82,59,36,0,0,0,0,310,51
"Watertown-Fort Atkinson, WI","48020",2013,193,155,35,3,0,0,0,112,64,41,0,0,193,0,0,0
"Watertown-Fort Drum, NY","48060",2013,361,339,22,0,0,0,0,93,47,34,0,0,361,0,0,0
"Wausau, WI","48140",2013,203,173,30,0,0,0,0,84,54,39,0,0,203,0,0,0
"Weirton-Steubenville, WV-OH","48260",2013,365,192,167,6,0,0,0,147,75,48,0,0,104,46,213,2
"Wenatchee, WA","48300",2013,365,275,90,0,0,0,0,99,65,27,0,0,0,0,365,0
"Wheeling, WV-OH","48540",2013,365,203,160,2,0,0,0,112,67,48,0,0,74,19,272,0
"Whitewater-Elkhorn, WI","48580",2013,195,166,28,1,0,0,0,115,61,39,0,0,195,0,0,0
"Wichita Falls, TX","48660",2013,345,308,37,0,0,0,0,88,52,26,0,0,0,0,345,0
"Wichita, KS","48620",2013,365,271,86,8,0,0,0,115,71,43,0,26,279,0,47,13
"Williamsport, PA","48700",2013,361,330,31,0,0,0,0,97,48,34,0,0,358,0,0,3
"Williston, ND","48780",2013,365,235,111,11,8,0,0,200,73,45,0,0,120,72,139,34
"Wilmington, NC","48900",2013,363,270,93,0,0,0,0,97,60,40,0,0,123,23,217,0
"Wilmington, OH","48940",2013,213,184,28,1,0,0,0,122,54,41,0,0,213,0,0,0
"Winchester, VA-WV","49020",2013,365,282,82,1,0,0,0,115,58,39,0,0,139,0,226,0
"Winona, MN","49100",2013,120,113,7,0,0,0,0,57,45,22,0,0,0,0,120,0
"Winston-Salem, NC","49180",2013,365,237,126,2,0,0,0,122,68,45,0,6,135,0,224,0
"Worcester, MA-CT","49340",2013,365,276,85,4,0,0,0,119,61,41,0,9,234,0,119,3
"Yakima, WA","49420",2013,365,232,115,14,4,0,0,156,80,40,0,0,0,0,335,30
"York-Hanover, PA","49620",2013,365,223,136,6,0,0,0,143,74,47,0,3,215,1,146,0
"Youngstown-Warren-Boardman, OH-PA","49660",2013,365,195,166,4,0,0,0,147,71,49,0,0,124,4,237,0
"Yuba City, CA","49700",2013,365,205,151,9,0,0,0,126,84,48,0,5,233,0,126,1
"Yuma, AZ","49740",2013,365,243,112,9,0,0,1,536,77,44,0,0,178,0,30,157
