"CBSA","CBSA Code","Year","Days with AQI","Good Days","Moderate Days","Unhealthy for Sensitive Groups Days","Unhealthy Days","Very Unhealthy Days","Hazardous Days","Max AQI","90th Percentile AQI","Median AQI","Days CO","Days NO2","Days Ozone","Days SO2","Days PM2.5","Days PM10"
"Aberdeen, SD","10100",2011,122,104,18,0,0,0,0,70,54,25,0,0,0,0,117,5
"Aberdeen, WA","10140",2011,363,352,11,0,0,0,0,59,35,16,0,0,0,0,363,0
"Adjuntas, PR","10260",2011,14,13,1,0,0,0,0,53,15,10,0,0,0,0,14,0
"Adrian, MI","10300",2011,241,160,70,10,1,0,0,154,76,44,0,0,166,0,75,0
"Akron, OH","10420",2011,365,221,137,7,0,0,0,150,72,44,7,0,165,46,147,0
"Albany, GA","10500",2011,361,152,203,6,0,0,0,115,74,54,0,0,0,0,361,0
"Albany, OR","10540",2011,363,270,87,3,3,0,0,193,63,25,0,0,0,0,363,0
"Albany-Schenectady-Troy, NY","10580",2011,365,257,105,3,0,0,0,140,65,42,0,0,205,0,160,0
"Albuquerque, NM","10740",2011,365,73,264,25,2,1,0,293,100,63,0,3,182,0,137,43
"Alexandria, LA","10780",2011,283,95,187,1,0,0,0,102,70,55,0,0,0,0,283,0
"Allentown-Bethlehem-Easton, PA-NJ","10900",2011,365,153,173,36,3,0,0,154,101,56,0,13,88,49,213,2
"Altoona, PA","11020",2011,365,208,148,8,1,0,0,159,74,46,0,0,145,8,212,0
"Amarillo, TX","11100",2011,361,240,113,8,0,0,0,140,80,44,0,0,299,0,62,0
"Americus, GA","11140",2011,232,171,61,0,0,0,0,100,71,44,0,0,232,0,0,0
"Ames, IA","11180",2011,214,198,16,0,0,0,0,87,49,36,0,0,214,0,0,0
"Anchorage, AK","11260",2011,365,280,82,2,0,1,0,241,59,36,12,0,87,0,202,64
"Ann Arbor, MI","11460",2011,357,279,71,6,1,0,0,154,71,38,0,0,311,0,46,0
"Appleton, WI","11540",2011,303,235,64,4,0,0,0,119,63,39,0,0,170,0,133,0
"Ardmore, OK","11620",2011,333,153,143,34,3,0,0,177,105,52,0,0,210,0,123,0
"Arkadelphia, AR","11660",2011,270,249,21,0,0,0,0,100,49,35,0,0,270,0,0,0
"Asheville, NC","11700",2011,364,228,132,4,0,0,0,122,71,47,0,0,179,0,185,0
"Ashtabula, OH","11780",2011,365,307,50,7,1,0,0,154,74,30,0,0,211,154,0,0
"Athens, OH","11900",2011,347,280,63,4,0,0,0,115,63,33,0,94,168,50,35,0
"Athens, TN","11940",2011,358,342,13,3,0,0,0,124,37,18,0,270,0,43,0,45
"Athens-Clarke County, GA","12020",2011,365,212,139,14,0,0,0,126,81,48,0,0,160,0,205,0
"Atlanta-Sandy Springs-Roswell, GA","12060",2011,365,114,184,62,5,0,0,172,119,58,0,4,167,2,192,0
"Atlantic City-Hammonton, NJ","12100",2011,360,281,74,5,0,0,0,136,63,39,0,0,230,1,129,0
"Augusta-Richmond County, GA-SC","12260",2011,363,182,166,15,0,0,0,126,87,50,0,0,172,0,191,0
"Augusta-Waterville, ME","12300",2011,211,195,16,0,0,0,0,97,49,31,0,0,182,0,0,29
"Austin-Round Rock, TX","12420",2011,365,218,133,13,1,0,0,151,84,45,0,2,234,0,129,0
"Bakersfield, CA","12540",2011,365,65,160,100,40,0,0,200,151,84,0,1,216,0,141,7
"Baltimore-Columbia-Towson, MD","12580",2011,365,150,178,24,10,3,0,209,101,55,0,17,156,0,192,0
"Bangor, ME","12620",2011,365,321,44,0,0,0,0,80,54,35,0,0,244,0,121,0
"Baraboo, WI","12660",2011,284,240,44,0,0,0,0,91,54,38,0,0,209,0,74,1
"Barnstable Town, MA","12700",2011,275,253,19,3,0,0,0,112,46,35,0,0,227,0,48,0
"Baton Rouge, LA","12940",2011,365,117,208,34,6,0,0,192,101,57,0,4,141,5,215,0
"Bay City, MI","13020",2011,118,98,20,0,0,0,0,76,60,24,0,0,0,0,118,0
"Beaumont-Port Arthur, TX","13140",2011,365,201,130,29,5,0,0,200,93,48,0,0,193,37,135,0
"Beaver Dam, WI","13180",2011,365,258,101,6,0,0,0,115,68,42,0,0,206,1,158,0
"Beckley, WV","13220",2011,116,91,25,0,0,0,0,83,61,34,0,0,0,0,116,0
"Bellingham, WA","13380",2011,354,344,10,0,0,0,0,62,38,25,0,0,120,0,234,0
"Bend-Redmond, OR","13460",2011,365,323,38,3,1,0,0,170,51,32,0,0,126,0,239,0
"Bennington, VT","13540",2011,361,292,68,1,0,0,0,140,57,38,0,0,198,0,163,0
"Berlin, NH-VT","13620",2011,356,267,87,2,0,0,0,101,67,44,0,0,351,0,5,0
"Billings, MT","13740",2011,365,313,49,3,0,0,0,131,55,27,3,0,0,174,188,0
"Birmingham-Hoover, AL","13820",2011,365,118,208,33,6,0,0,182,105,58,2,0,120,3,224,16
"Bishop, CA","13860",2011,365,173,146,33,5,2,6,13276,105,51,0,0,280,0,33,52
"Bismarck, ND","13900",2011,365,327,35,3,0,0,0,124,51,37,0,5,283,12,63,2
"Blacksburg-Christiansburg-Radford, VA","13980",2011,325,264,60,1,0,0,0,101,64,42,0,0,325,0,0,0
"Bloomington, IL","14010",2011,359,311,46,2,0,0,0,147,58,34,0,0,359,0,0,0
"Bloomington, IN","14020",2011,334,190,135,8,1,0,0,159,74,46,0,0,112,0,222,0
"Boise City, ID","14260",2011,365,277,83,5,0,0,0,115,64,43,7,9,229,0,44,76
"Boone, NC","14380",2011,117,94,23,0,0,0,0,71,56,31,0,0,0,0,117,0
"Boston-Cambridge-Newton, MA-NH","14460",2011,365,181,177,6,1,0,0,151,75,51,0,17,113,3,232,0
"Boulder, CO","14500",2011,365,221,128,16,0,0,0,140,84,48,2,0,335,0,26,2
"Bowling Green, KY","14540",2011,365,220,141,4,0,0,0,108,74,46,0,0,242,0,123,0
"Bozeman, MT","14580",2011,365,280,84,1,0,0,0,103,57,35,0,6,0,0,359,0
"Brainerd, MN","14660",2011,350,300,48,2,0,0,0,112,55,36,0,0,175,0,175,0
"Branson, MO","14700",2011,283,213,65,5,0,0,0,126,61,44,0,0,222,0,61,0
"Breckenridge, CO","14720",2011,318,314,4,0,0,0,0,66,27,12,0,0,0,0,0,318
"Bremerton-Silverdale, WA","14740",2011,361,321,39,1,0,0,0,110,52,20,0,0,0,0,361,0
"Bridgeport-Stamford-Norwalk, CT","14860",2011,365,273,72,12,8,0,0,190,80,39,33,88,165,12,67,0
"Brookings, SD","15100",2011,365,338,26,1,0,0,0,104,49,37,0,0,312,0,41,12
"Brownsville-Harlingen, TX","15180",2011,364,248,115,1,0,0,0,104,68,43,0,0,116,0,248,0
"Brunswick, GA","15260",2011,358,311,46,1,0,0,0,108,54,33,0,0,209,92,46,11
"Buffalo-Cheektowaga-Niagara Falls, NY","15380",2011,365,212,146,7,0,0,0,150,76,48,0,10,156,2,197,0
"Burley, ID","15420",2011,193,165,28,0,0,0,0,74,51,45,0,0,193,0,0,0
"Burlington, NC","15500",2011,365,242,121,2,0,0,0,108,62,43,0,0,0,0,365,0
"Burlington-South Burlington, VT","15540",2011,365,294,69,2,0,0,0,105,57,38,1,3,232,0,129,0
"Butte-Silver Bow, MT","15580",2011,364,272,87,5,0,0,0,135,69,31,0,0,0,0,240,124
"Cadillac, MI","15620",2011,364,326,36,2,0,0,0,147,51,36,0,0,343,0,21,0
"Cambridge, MD","15700",2011,318,246,52,19,1,0,0,156,84,40,0,0,318,0,0,0
"Canton-Massillon, OH","15940",2011,365,169,184,10,2,0,0,154,79,52,0,0,114,0,251,0
"Cape Coral-Fort Myers, FL","15980",2011,365,308,57,0,0,0,0,90,54,38,0,0,237,0,128,0
"Carlsbad-Artesia, NM","16100",2011,365,224,134,7,0,0,0,119,84,46,0,0,343,0,22,0
"Carson City, NV","16180",2011,195,152,43,0,0,0,0,97,61,44,0,0,195,0,0,0
"Casper, WY","16220",2011,212,180,32,0,0,0,0,77,55,31,0,40,86,4,71,11
"Ca¤on City, CO","15860",2011,57,55,2,0,0,0,0,59,27,15,0,0,0,0,0,57
"Cedar Rapids, IA","16300",2011,365,222,143,0,0,0,0,100,67,45,0,0,134,2,228,1
"Centralia, WA","16500",2011,364,344,20,0,0,0,0,75,44,21,0,0,0,0,364,0
"Chambersburg-Waynesboro, PA","16540",2011,180,150,29,1,0,0,0,112,64,41,0,0,180,0,0,0
"Champaign-Urbana, IL","16580",2011,348,273,68,6,1,0,0,156,64,39,0,0,301,0,47,0
"Charleston, WV","16620",2011,365,259,95,8,3,0,0,164,71,39,0,0,160,48,92,65
"Charleston-North Charleston, SC","16700",2011,365,221,140,3,1,0,0,153,69,46,0,5,133,0,227,0
"Charlotte-Concord-Gastonia, NC-SC","16740",2011,365,153,167,37,8,0,0,169,105,54,0,4,206,0,155,0
"Charlottesville, VA","16820",2011,364,278,85,1,0,0,0,105,61,40,0,0,149,0,215,0
"Chattanooga, TN-GA","16860",2011,359,134,215,10,0,0,0,129,80,56,0,0,124,0,235,0
"Cheyenne, WY","16940",2011,364,264,99,1,0,0,0,101,67,44,0,5,332,0,27,0
"Chicago-Naperville-Elgin, IL-IN-WI","16980",2011,365,66,267,23,9,0,0,177,99,64,0,21,68,46,219,11
"Chico, CA","17020",2011,365,149,192,24,0,0,0,149,90,55,0,0,180,0,185,0
"Cincinnati, OH-KY-IN","17140",2011,365,111,197,49,8,0,0,179,112,59,0,1,129,60,175,0
"Claremont-Lebanon, NH-VT","17200",2011,365,298,67,0,0,0,0,92,55,38,0,0,241,0,124,0
"Clarksburg, WV","17220",2011,83,69,14,0,0,0,0,77,59,38,0,0,0,0,83,0
"Clarksville, TN-KY","17300",2011,365,215,147,3,0,0,0,141,77,47,0,0,255,57,53,0
"Clearlake, CA","17340",2011,365,359,6,0,0,0,0,54,44,34,0,0,364,0,1,0
"Cleveland, MS","17380",2011,341,212,123,6,0,0,0,122,66,46,0,0,134,0,207,0
"Cleveland, TN","17420",2011,362,351,11,0,0,0,0,92,31,14,0,231,0,85,0,46
"Cleveland-Elyria, OH","17460",2011,365,66,215,80,4,0,0,161,114,70,2,2,56,108,188,9
"Clinton, IA","17540",2011,365,147,218,0,0,0,0,100,76,55,0,0,54,0,311,0
"Coco, PR","17640",2011,347,347,0,0,0,0,0,31,9,4,0,0,0,347,0,0
"Coeur d'Alene, ID","17660",2011,181,169,12,0,0,0,0,67,49,41,0,0,181,0,0,0
"Coffeyville, KS","17700",2011,99,99,0,0,0,0,0,41,14,6,0,0,0,99,0,0
"Colorado Springs, CO","17820",2011,365,227,128,10,0,0,0,143,84,47,0,0,358,0,7,0
"Columbia, MO","17860",2011,245,200,42,3,0,0,0,112,61,43,0,0,245,0,0,0
"Columbia, SC","17900",2011,365,154,189,22,0,0,0,150,90,53,0,3,155,17,186,4
"Columbus, GA-AL","17980",2011,365,190,170,5,0,0,0,126,80,49,0,0,107,0,258,0
"Columbus, OH","18140",2011,365,186,158,17,4,0,0,156,80,50,0,0,127,0,237,1
"Concord, NH","18180",2011,365,228,79,51,7,0,0,183,116,41,0,0,96,223,46,0
"Coos Bay, OR","18300",2011,45,44,1,0,0,0,0,53,36,24,0,0,0,0,45,0
"Corning, NY","18500",2011,357,309,46,1,1,0,0,157,54,40,2,3,312,2,38,0
"Corpus Christi, TX","18580",2011,365,264,90,10,1,0,0,154,69,40,0,0,222,0,139,4
"Corsicana, TX","18620",2011,365,209,142,14,0,0,0,147,80,46,0,6,220,6,133,0
"Corvallis, OR","18700",2011,361,323,38,0,0,0,0,85,52,15,0,0,0,0,361,0
"Craig, CO","18780",2011,135,119,16,0,0,0,0,84,54,40,0,0,135,0,0,0
"Crescent City, CA","18860",2011,120,119,1,0,0,0,0,54,30,13,0,0,0,0,83,37
"Crestview-Fort Walton Beach-Destin, FL","18880",2011,363,322,39,2,0,0,0,112,51,35,0,0,363,0,0,0
"Cullowhee, NC","19000",2011,265,156,105,4,0,0,0,126,74,48,0,0,199,0,66,0
"Dallas-Fort Worth-Arlington, TX","19100",2011,365,133,166,46,20,0,0,195,119,58,0,24,204,1,134,2
"Dalton, GA","19140",2011,267,174,86,7,0,0,0,133,77,45,0,0,223,0,44,0
"Daphne-Fairhope-Foley, AL","19300",2011,282,204,69,9,0,0,0,126,74,42,0,0,209,0,73,0
"Davenport-Moline-Rock Island, IA-IL","19340",2011,365,127,237,1,0,0,0,105,77,54,0,0,69,0,221,75
"Dayton, OH","19380",2011,365,166,178,20,1,0,0,172,87,52,0,0,164,1,200,0
"Decatur, AL","19460",2011,280,192,86,2,0,0,0,115,76,44,0,0,203,0,77,0
"Decatur, IL","19500",2011,365,213,147,4,1,0,0,161,67,48,0,0,132,7,226,0
"Deltona-Daytona Beach-Ormond Beach, FL","19660",2011,365,283,80,1,1,0,0,153,58,40,0,0,236,0,129,0
"Deming, NM","19700",2011,365,299,57,5,1,0,3,610,58,41,0,16,291,0,0,58
"Denver-Aurora-Lakewood, CO","19740",2011,365,103,205,51,6,0,0,197,108,63,0,71,244,3,34,13
"Des Moines-West Des Moines, IA","19780",2011,365,249,116,0,0,0,0,98,64,44,0,5,121,0,238,1
"Detroit-Warren-Dearborn, MI","19820",2011,365,174,165,23,3,0,0,159,91,53,0,22,99,36,205,3
"Dickinson, ND","19860",2011,364,352,12,0,0,0,0,64,47,37,0,0,300,41,23,0
"Dodge City, KS","19980",2011,350,344,6,0,0,0,0,63,34,14,0,0,0,0,0,350
"Dothan, AL","20020",2011,283,207,76,0,0,0,0,100,67,44,0,0,207,0,76,0
"Douglas, GA","20060",2011,59,37,22,0,0,0,0,92,64,40,0,0,0,0,59,0
"Dover, DE","20100",2011,365,293,67,3,2,0,0,172,64,40,0,0,319,0,46,0
"DuBois, PA","20180",2011,291,248,37,6,0,0,0,143,61,39,0,0,291,0,0,0
"Duluth, MN-WI","20260",2011,365,301,63,1,0,0,0,101,57,39,0,0,275,0,85,5
"Durango, CO","20420",2011,365,211,144,10,0,0,0,150,84,48,0,11,352,0,2,0
"Durham-Chapel Hill, NC","20500",2011,365,243,115,7,0,0,0,143,77,44,0,0,161,2,202,0
"Eagle Pass, TX","20580",2011,334,253,80,1,0,0,0,136,63,35,0,0,0,0,334,0
"East Stroudsburg, PA","20700",2011,359,306,53,0,0,0,0,84,56,36,0,0,239,0,120,0
"Eau Claire, WI","20740",2011,227,201,26,0,0,0,0,100,53,38,0,0,192,0,32,3
"Effingham, IL","20820",2011,211,175,35,1,0,0,0,108,64,43,0,0,211,0,0,0
"El Centro, CA","20940",2011,365,192,140,32,1,0,0,164,93,49,8,61,233,0,56,7
"El Dorado, AR","20980",2011,365,315,50,0,0,0,0,87,54,6,0,0,0,251,114,0
"El Paso, TX","21340",2011,365,99,246,17,3,0,0,186,93,60,0,23,140,0,187,15
"Elizabethtown-Fort Knox, KY","21060",2011,339,244,94,1,0,0,0,112,71,43,0,0,187,0,152,0
"Elkhart-Goshen, IN","21140",2011,353,180,167,6,0,0,0,147,74,50,0,0,80,0,273,0
"Elko, NV","21220",2011,326,317,9,0,0,0,0,85,40,19,0,0,0,0,34,292
"Ellensburg, WA","21260",2011,354,302,45,6,1,0,0,152,57,18,0,0,0,0,354,0
"Elmira, NY","21300",2011,357,322,34,1,0,0,0,105,50,35,0,0,347,10,0,0
"Emporia, KS","21380",2011,117,98,19,0,0,0,0,94,56,26,0,0,0,0,117,0
"Erie, PA","21500",2011,365,219,142,4,0,0,0,136,69,44,0,11,122,0,232,0
"Espa¤ola, NM","21580",2011,112,108,4,0,0,0,0,84,25,9,0,0,0,0,112,0
"Eugene, OR","21660",2011,365,245,104,15,1,0,0,151,78,39,0,0,124,0,241,0
"Eureka-Arcata-Fortuna, CA","21700",2011,362,303,59,0,0,0,0,78,55,35,0,4,214,0,142,2
"Evanston, WY","21740",2011,365,322,43,0,0,0,0,90,51,43,0,0,359,0,0,6
"Evansville, IN-KY","21780",2011,365,167,182,15,1,0,0,159,87,53,28,3,144,30,160,0
"Fairbanks, AK","21820",2011,365,211,122,27,5,0,0,161,95,38,0,0,33,0,294,38
"Fairmont, WV","21900",2011,121,77,44,0,0,0,0,92,64,42,0,0,0,0,121,0
"Fallon, NV","21980",2011,210,208,2,0,0,0,0,77,45,33,0,0,210,0,0,0
"Fargo, ND-MN","22020",2011,348,298,50,0,0,0,0,75,55,36,0,6,178,0,142,22
"Farmington, NM","22140",2011,365,231,116,18,0,0,0,143,84,47,0,30,315,10,8,2
"Fayetteville, NC","22180",2011,365,207,148,10,0,0,0,143,80,48,0,0,157,0,208,0
"Fayetteville-Springdale-Rogers, AR-MO","22220",2011,365,259,101,5,0,0,0,140,71,43,0,0,301,0,64,0
"Fernley, NV","22280",2011,198,159,35,4,0,0,0,133,61,44,0,0,198,0,0,0
"Findlay, OH","22300",2011,15,15,0,0,0,0,0,43,39,21,0,0,0,0,0,15
"Flagstaff, AZ","22380",2011,365,229,126,10,0,0,0,129,77,47,0,0,337,0,13,15
"Flint, MI","22420",2011,242,177,57,8,0,0,0,150,69,41,0,0,177,0,65,0
"Florence, SC","22500",2011,292,178,111,3,0,0,0,122,74,46,0,0,224,0,68,0
"Florence-Muscle Shoals, AL","22520",2011,279,214,64,1,0,0,0,101,61,42,0,0,197,0,82,0
"Fond du Lac, WI","22540",2011,198,176,15,7,0,0,0,140,54,40,0,0,198,0,0,0
"Fort Collins, CO","22660",2011,365,149,183,32,1,0,0,151,100,58,0,0,360,0,5,0
"Fort Madison-Keokuk, IA-IL-MO","22800",2011,117,72,45,0,0,0,0,81,68,40,0,0,0,0,117,0
"Fort Payne, AL","22840",2011,336,257,78,1,0,0,0,101,63,40,0,0,271,0,65,0
"Fort Smith, AR-OK","22900",2011,361,250,103,8,0,0,0,119,71,43,0,43,234,0,66,18
"Fort Wayne, IN","23060",2011,364,177,179,8,0,0,0,122,75,51,0,0,109,0,255,0
"Frankfort, KY","23180",2011,100,67,33,0,0,0,0,98,62,42,0,0,0,0,100,0
"Fredericksburg, TX","23240",2011,183,134,45,4,0,0,0,115,74,44,0,0,183,0,0,0
"Fresno, CA","23420",2011,365,68,174,83,40,0,0,197,152,80,0,0,192,0,173,0
"Gadsden, AL","23460",2011,275,208,67,0,0,0,0,99,62,41,0,0,188,0,87,0
"Gaffney, SC","23500",2011,259,182,69,7,1,0,0,159,74,46,0,0,259,0,0,0
"Gainesville, FL","23540",2011,356,252,102,2,0,0,0,109,62,41,0,0,184,0,172,0
"Gainesville, GA","23580",2011,351,169,182,0,0,0,0,99,70,52,0,0,0,0,351,0
"Gallup, NM","23700",2011,280,280,0,0,0,0,0,47,24,14,0,0,0,0,0,280
"Gardnerville Ranchos, NV","23820",2011,337,333,4,0,0,0,0,61,17,10,331,0,0,0,6,0
"Georgetown, SC","23860",2011,365,348,17,0,0,0,0,79,38,20,0,0,0,0,0,365
"Gettysburg, PA","23900",2011,362,192,165,5,0,0,0,140,72,48,1,1,154,0,206,0
"Gillette, WY","23940",2011,365,201,159,4,1,0,0,164,74,49,0,3,190,12,18,142
"Glenwood Springs, CO","24060",2011,365,119,214,32,0,0,0,133,100,61,0,0,365,0,0,0
"Goldsboro, NC","24140",2011,346,237,107,1,1,0,0,154,60,39,0,0,0,0,346,0
"Grand Island, NE","24260",2011,119,106,13,0,0,0,0,66,52,28,0,0,0,0,119,0
"Grand Junction, CO","24300",2011,365,203,152,10,0,0,0,119,80,49,0,0,334,0,19,12
"Grand Rapids-Wyoming, MI","24340",2011,365,257,100,5,3,0,0,156,69,41,0,0,203,0,162,0
"Grants Pass, OR","24420",2011,365,303,61,1,0,0,0,106,60,21,0,0,0,0,365,0
"Great Falls, MT","24500",2011,347,287,60,0,0,0,0,82,54,33,13,0,0,0,334,0
"Greeley, CO","24540",2011,365,216,137,12,0,0,0,136,84,46,12,0,322,0,30,1
"Green Bay, WI","24580",2011,365,178,176,10,1,0,0,195,83,51,0,0,97,26,242,0
"Greensboro-High Point, NC","24660",2011,365,217,137,11,0,0,0,140,84,47,0,0,175,4,186,0
"Greenville, NC","24780",2011,259,174,78,7,0,0,0,136,87,44,0,0,199,0,60,0
"Greenville-Anderson-Mauldin, SC","24860",2011,365,168,179,18,0,0,0,150,87,52,0,11,179,1,174,0
"Greenwood, SC","24940",2011,243,223,20,0,0,0,0,87,50,40,0,0,243,0,0,0
"Grenada, MS","24980",2011,106,81,25,0,0,0,0,75,55,35,0,0,0,0,106,0
"Guayama, PR","25020",2011,354,348,6,0,0,0,0,91,24,1,0,0,0,242,38,74
"Gulfport-Biloxi-Pascagoula, MS","25060",2011,365,242,112,11,0,0,0,129,77,45,0,6,140,1,218,0
"Hagerstown-Martinsburg, MD-WV","25180",2011,354,203,145,6,0,0,0,147,77,48,0,0,122,0,232,0
"Hammond, LA","25220",2011,121,89,32,0,0,0,0,86,56,35,0,0,0,0,121,0
"Hanford-Corcoran, CA","25260",2011,365,109,174,67,15,0,0,185,129,71,0,0,200,0,159,6
"Harrisburg-Carlisle, PA","25420",2011,365,154,195,16,0,0,0,150,84,55,0,8,120,0,236,1
"Harrison, AR","25460",2011,365,285,78,2,0,0,0,108,64,41,0,0,329,0,36,0
"Harrisonburg, VA","25500",2011,365,297,66,2,0,0,0,112,61,36,0,113,190,1,61,0
"Hartford-West Hartford-East Hartford, CT","25540",2011,365,266,90,5,4,0,0,166,69,42,10,55,155,0,145,0
"Hattiesburg, MS","25620",2011,298,167,131,0,0,0,0,89,64,47,0,0,0,0,298,0
"Helena, MT","25740",2011,365,298,65,2,0,0,0,115,56,43,0,0,255,0,110,0
"Helena-West Helena, AR","25760",2011,119,85,34,0,0,0,0,83,63,42,0,0,0,0,119,0
"Hermiston-Pendleton, OR","25840",2011,362,296,65,1,0,0,0,104,63,36,0,0,147,0,215,0
"Hickory-Lenoir-Morganton, NC","25860",2011,365,206,156,3,0,0,0,105,67,48,0,0,135,0,230,0
"Hilo, HI","25900",2011,365,13,81,136,135,0,0,200,200,127,0,0,0,349,16,0
"Hobbs, NM","26020",2011,360,257,96,7,0,0,0,120,71,43,0,23,261,0,73,3
"Holland, MI","26090",2011,242,181,52,6,3,0,0,179,77,40,0,0,177,0,65,0
"Homosassa Springs, FL","26140",2011,116,110,6,0,0,0,0,84,45,27,0,0,0,0,116,0
"Hot Springs, AR","26300",2011,122,79,43,0,0,0,0,83,62,45,0,0,0,0,122,0
"Houghton, MI","26340",2011,121,118,3,0,0,0,0,87,35,13,0,0,0,0,121,0
"Houma-Thibodaux, LA","26380",2011,365,286,73,6,0,0,0,133,67,40,0,0,250,0,115,0
"Houston-The Woodlands-Sugar Land, TX","26420",2011,365,103,205,44,11,2,0,207,122,58,0,14,138,10,190,13
"Huntington, IN","26540",2011,183,151,30,2,0,0,0,115,64,43,0,0,183,0,0,0
"Huntington-Ashland, WV-KY-OH","26580",2011,365,177,173,14,1,0,0,151,86,51,0,4,79,11,269,2
"Huntsville, AL","26620",2011,331,222,105,4,0,0,0,126,77,44,0,0,202,0,76,53
"Idaho Falls, ID","26820",2011,363,298,65,0,0,0,0,93,58,45,0,0,360,0,3,0
"Indiana, PA","26860",2011,363,288,66,9,0,0,0,140,71,39,0,0,269,94,0,0
"Indianapolis-Carmel-Anderson, IN","26900",2011,365,62,261,41,1,0,0,159,101,63,0,0,61,37,267,0
"Iowa City, IA","26980",2011,364,189,175,0,0,0,0,96,71,49,0,0,0,0,361,3
"Ithaca, NY","27060",2011,289,269,20,0,0,0,0,90,49,35,0,0,289,0,0,0
"Jackson, MS","27140",2011,365,154,204,7,0,0,0,150,72,53,0,0,97,0,268,0
"Jackson, TN","27180",2011,54,54,0,0,0,0,0,33,23,14,0,0,0,0,0,54
"Jackson, WY-ID","27220",2011,364,274,90,0,0,0,0,90,64,44,4,0,349,0,10,1
"Jacksonville, FL","27260",2011,365,230,114,17,4,0,0,176,84,45,0,1,218,72,74,0
"Jamestown-Dunkirk-Fredonia, NY","27460",2011,365,297,62,5,1,0,0,159,64,39,0,0,343,4,18,0
"Janesville-Beloit, WI","27500",2011,192,152,37,3,0,0,0,108,74,41,0,0,192,0,0,0
"Jasper, IN","27540",2011,360,246,95,18,1,0,0,156,80,27,0,0,0,259,101,0
"Jefferson City, MO","27620",2011,245,205,40,0,0,0,0,100,58,43,0,0,245,0,0,0
"Johnstown, PA","27780",2011,361,187,168,6,0,0,0,122,77,50,0,13,108,6,233,1
"Joplin, MO","27900",2011,365,237,107,18,3,0,0,172,90,43,0,0,211,0,0,154
"Juneau, AK","27940",2011,353,299,54,0,0,0,0,88,57,23,0,0,0,0,344,9
"Kahului-Wailuku-Lahaina, HI","27980",2011,320,311,9,0,0,0,0,60,40,22,0,0,0,0,320,0
"Kalamazoo-Portage, MI","28020",2011,231,166,57,8,0,0,0,133,68,41,0,0,152,0,79,0
"Kalispell, MT","28060",2011,365,273,92,0,0,0,0,88,61,42,0,0,213,0,148,4
"Kansas City, MO-KS","28140",2011,365,96,202,61,6,0,0,172,119,64,0,8,141,69,146,1
"Kapaa, HI","28180",2011,274,244,29,1,0,0,0,101,52,19,5,28,0,66,175,0
"Keene, NH","28300",2011,365,251,110,4,0,0,0,134,73,42,0,0,207,0,158,0
"Kennewick-Richland, WA","28420",2011,363,323,39,1,0,0,0,102,52,22,0,0,0,0,303,60
"Killeen-Temple, TX","28660",2011,362,279,71,12,0,0,0,136,77,42,0,0,362,0,0,0
"Kingsport-Bristol-Bristol, TN-VA","28700",2011,365,163,140,58,4,0,0,198,109,57,0,43,137,162,23,0
"Kingston, NY","28740",2011,362,332,26,4,0,0,0,122,50,38,0,0,360,2,0,0
"Kingsville, TX","28780",2011,237,167,69,1,0,0,0,109,61,41,0,0,0,0,237,0
"Kinston, NC","28820",2011,259,185,69,4,1,0,0,159,74,44,0,0,189,0,70,0
"Klamath Falls, OR","28900",2011,360,249,97,14,0,0,0,130,80,27,0,0,0,0,359,1
"Knoxville, TN","28940",2011,365,96,229,38,2,0,0,163,101,59,0,0,188,0,163,14
"Kokomo, IN","29020",2011,110,64,46,0,0,0,0,83,67,44,0,0,0,0,110,0
"La Crosse-Onalaska, WI-MN","29100",2011,316,229,87,0,0,0,0,100,64,40,0,0,176,0,140,0
"La Grande, OR","29260",2011,363,296,62,4,1,0,0,152,58,22,0,0,0,0,360,3
"Laconia, NH","29060",2011,211,196,15,0,0,0,0,93,48,33,0,0,175,0,36,0
"Lafayette, LA","29180",2011,365,202,158,5,0,0,0,133,71,47,0,0,151,0,213,1
"Lafayette-West Lafayette, IN","29200",2011,357,182,173,2,0,0,0,122,73,50,0,0,70,0,287,0
"Lake Charles, LA","29340",2011,365,243,113,9,0,0,0,133,76,44,0,2,202,16,145,0
"Lake City, FL","29380",2011,365,250,114,1,0,0,0,112,64,43,0,0,166,0,199,0
"Lake Havasu City-Kingman, AZ","29420",2011,108,107,1,0,0,0,0,89,28,15,0,0,0,0,73,35
"Lakeland-Winter Haven, FL","29460",2011,362,270,89,2,1,0,0,151,63,41,0,0,224,0,138,0
"Lancaster, PA","29540",2011,365,152,193,17,3,0,0,161,90,55,0,10,117,0,238,0
"Lansing-East Lansing, MI","29620",2011,364,300,61,3,0,0,0,122,61,36,0,16,305,0,43,0
"Laramie, WY","29660",2011,365,233,128,4,0,0,0,108,71,47,0,0,279,0,9,77
"Laredo, TX","29700",2011,350,236,111,3,0,0,0,104,67,43,0,0,61,0,272,17
"Las Cruces, NM","29740",2011,365,124,211,22,3,1,4,786,95,58,0,13,195,0,24,133
"Las Vegas-Henderson-Paradise, NV","29820",2011,365,139,177,47,2,0,0,161,105,54,0,2,278,0,79,6
"Laurel, MS","29860",2011,118,64,54,0,0,0,0,90,68,49,0,0,0,0,118,0
"Lawrenceburg, TN","29980",2011,254,176,76,2,0,0,0,115,67,45,0,0,215,0,39,0
"Lawton, OK","30020",2011,365,193,150,21,1,0,0,154,90,50,0,0,241,0,124,0
"Lebanon, PA","30140",2011,306,176,116,13,1,0,0,151,84,47,0,0,178,0,128,0
"Lewiston, ID-WA","30300",2011,365,333,32,0,0,0,0,71,49,21,0,0,0,0,365,0
"Lewiston-Auburn, ME","30340",2011,365,292,73,0,0,0,0,93,59,35,0,0,129,0,236,0
"Lexington, NE","30420",2011,60,54,6,0,0,0,0,93,51,21,0,0,0,0,0,60
"Lexington-Fayette, KY","30460",2011,365,214,143,8,0,0,0,140,72,46,0,14,124,2,225,0
"Lima, OH","30620",2011,364,283,72,9,0,0,0,119,73,36,0,0,194,6,163,1
"Lincoln, NE","30700",2011,365,344,21,0,0,0,0,87,44,28,111,0,176,0,78,0
"Little Rock-North Little Rock-Conway, AR","30780",2011,365,144,203,18,0,0,0,147,82,54,0,4,118,0,243,0
"Logan, UT-ID","30860",2011,365,212,143,4,6,0,0,169,72,47,0,16,196,0,153,0
"Longview, TX","30980",2011,347,250,74,21,2,0,0,159,90,40,0,9,325,13,0,0
"Longview, WA","31020",2011,363,344,19,0,0,0,0,78,43,13,0,0,0,0,363,0
"Los Alamos, NM","31060",2011,110,104,6,0,0,0,0,92,24,10,0,0,0,0,110,0
"Los Angeles-Long Beach-Anaheim, CA","31080",2011,365,13,231,82,36,3,0,218,151,80,0,20,161,0,183,1
"Louisville/Jefferson County, KY-IN","31140",2011,365,87,229,41,8,0,0,187,112,61,0,0,105,45,215,0
"Lubbock, TX","31180",2011,320,268,49,3,0,0,0,136,58,31,0,0,0,0,320,0
"Ludington, MI","31220",2011,183,159,20,3,1,0,0,172,61,38,0,0,183,0,0,0
"Lumberton, NC","31300",2011,121,85,36,0,0,0,0,100,61,39,0,0,0,0,121,0
"Lynchburg, VA","31340",2011,112,89,23,0,0,0,0,70,55,33,0,0,0,0,112,0
"Macon, GA","31420",2011,364,174,176,13,1,0,0,151,87,52,0,0,101,3,260,0
"Madera, CA","31460",2011,365,62,225,63,15,0,0,179,133,71,0,0,143,0,216,6
"Madison, WI","31540",2011,359,236,121,2,0,0,0,106,71,43,0,0,147,0,212,0
"Malone, NY","31660",2011,365,358,6,1,0,0,0,104,25,12,0,187,160,18,0,0
"Manchester-Nashua, NH","31700",2011,365,311,50,3,1,0,0,161,58,39,5,0,317,12,31,0
"Manhattan, KS","31740",2011,302,233,64,5,0,0,0,129,74,41,0,0,302,0,0,0
"Manitowoc, WI","31820",2011,194,168,19,5,2,0,0,187,61,37,0,0,194,0,0,0
"Marietta, OH","31930",2011,211,158,49,4,0,0,0,143,74,42,0,0,211,0,0,0
"Marion, NC","32000",2011,357,239,118,0,0,0,0,83,62,40,0,0,0,0,357,0
"Marshall, MN","32140",2011,356,297,58,1,0,0,0,101,57,38,0,0,175,0,181,0
"Marshall, TX","32220",2011,365,216,131,17,1,0,0,195,84,47,0,0,214,0,151,0
"Mason City, IA","32380",2011,358,347,11,0,0,0,0,62,34,19,0,0,0,0,0,358
"Mayaguez, PR","32420",2011,67,64,3,0,0,0,0,56,39,20,0,0,0,0,67,0
"McAlester, OK","32540",2011,365,174,167,22,2,0,0,155,90,51,0,0,215,0,150,0
"McAllen-Edinburg-Mission, TX","32580",2011,365,240,124,1,0,0,0,101,67,43,0,0,119,0,246,0
"Medford, OR","32780",2011,363,259,101,3,0,0,0,121,75,40,0,0,149,0,213,1
"Memphis, TN-MS-AR","32820",2011,365,170,160,29,6,0,0,174,97,52,0,19,176,0,170,0
"Merced, CA","32900",2011,362,123,179,58,2,0,0,155,115,64,0,1,179,0,182,0
"Meridian, MS","32940",2011,363,233,130,0,0,0,0,100,64,44,0,0,73,0,290,0
"Miami, OK","33060",2011,365,229,120,16,0,0,0,143,80,45,0,0,156,0,208,1
"Miami-Fort Lauderdale-West Palm Beach, FL","33100",2011,365,242,114,8,1,0,0,170,65,45,0,2,134,0,229,0
"Michigan City-La Porte, IN","33140",2011,362,288,59,13,2,0,0,174,66,31,0,0,174,128,60,0
"Middlesborough, KY","33180",2011,263,200,63,0,0,0,0,97,63,44,0,0,229,0,34,0
"Milwaukee-Waukesha-West Allis, WI","33340",2011,365,203,151,10,1,0,0,195,76,47,0,14,155,0,196,0
"Minneapolis-St. Paul-Bloomington, MN-WI","33460",2011,365,194,168,3,0,0,0,133,73,48,0,6,111,0,240,8
"Missoula, MT","33540",2011,365,142,166,49,8,0,0,157,113,58,0,0,50,0,314,1
"Mobile, AL","33660",2011,304,215,82,7,0,0,0,122,80,42,0,0,209,0,74,21
"Modesto, CA","33700",2011,365,124,170,57,14,0,0,169,122,64,0,0,194,0,171,0
"Monroe, LA","33740",2011,365,219,146,0,0,0,0,100,64,46,0,0,127,0,238,0
"Monroe, MI","33780",2011,127,83,44,0,0,0,0,80,67,37,0,0,0,0,127,0
"Montgomery, AL","33860",2011,283,179,101,3,0,0,0,108,77,45,0,0,202,0,81,0
"Morehead City, NC","33980",2011,272,239,33,0,0,0,0,87,51,39,0,0,272,0,0,0
"Morgantown, WV","34060",2011,358,293,64,1,0,0,0,119,61,35,0,0,160,106,92,0
"Morristown, TN","34100",2011,245,162,75,8,0,0,0,147,80,46,0,0,245,0,0,0
"Moscow, ID","34140",2011,365,354,11,0,0,0,0,70,28,11,0,0,0,0,365,0
"Moses Lake, WA","34180",2011,345,318,27,0,0,0,0,79,47,20,0,0,0,0,345,0
"Mount Vernon, IL","34500",2011,212,143,64,5,0,0,0,126,74,45,0,0,212,0,0,0
"Mount Vernon, OH","34540",2011,214,166,41,7,0,0,0,147,67,42,0,0,214,0,0,0
"Mount Vernon-Anacortes, WA","34580",2011,365,359,6,0,0,0,0,86,35,27,0,32,210,0,123,0
"Muncie, IN","34620",2011,242,172,67,3,0,0,0,112,67,44,0,0,165,0,77,0
"Muscatine, IA","34700",2011,365,153,173,26,13,0,0,200,110,54,0,0,0,63,302,0
"Muskegon, MI","34740",2011,241,188,45,5,3,0,0,197,67,39,0,0,171,0,70,0
"Muskogee, OK","34780",2011,365,284,76,5,0,0,0,123,62,31,0,0,0,38,5,322
"Myrtle Beach-Conway-North Myrtle Beach, SC-NC","34820",2011,259,225,34,0,0,0,0,90,58,41,0,0,259,0,0,0
"Napa, CA","34900",2011,365,243,120,2,0,0,0,120,66,42,1,10,154,0,198,2
"Naples-Immokalee-Marco Island, FL","34940",2011,365,306,57,2,0,0,0,110,54,38,0,0,178,0,187,0
"Nashville-Davidson--Murfreesboro--Franklin, TN","34980",2011,365,192,153,19,1,0,0,151,90,48,0,26,174,0,165,0
"Natchez, MS-LA","35020",2011,174,139,34,1,0,0,0,101,67,41,0,0,174,0,0,0
"New Castle, IN","35220",2011,120,77,43,0,0,0,0,92,66,40,0,0,0,0,120,0
"New Castle, PA","35260",2011,365,308,53,4,0,0,0,129,58,33,2,0,256,26,0,81
"New Haven-Milford, CT","35300",2011,365,237,113,9,6,0,0,195,77,44,0,49,162,1,153,0
"New Orleans-Metairie, LA","35380",2011,365,100,166,70,29,0,0,200,143,62,0,1,129,111,124,0
"New Philadelphia-Dover, OH","35420",2011,365,354,11,0,0,0,0,91,31,13,0,0,0,365,0,0
"New York-Newark-Jersey City, NY-NJ-PA","35620",2011,365,98,234,23,9,1,0,209,98,61,0,33,107,4,217,4
"Niles-Benton Harbor, MI","35660",2011,243,176,55,9,3,0,0,177,80,42,0,0,173,0,70,0
"Nogales, AZ","35700",2011,352,214,136,2,0,0,0,104,73,44,0,0,0,0,16,336
"North Port-Sarasota-Bradenton, FL","35840",2011,365,266,92,7,0,0,0,143,64,44,0,0,182,0,183,0
"Norwich-New London, CT","35980",2011,238,185,42,10,1,0,0,156,72,41,0,0,167,0,71,0
"Ocala, FL","36100",2011,365,266,95,4,0,0,0,119,64,41,0,0,216,0,149,0
"Odessa, TX","36220",2011,365,268,93,4,0,0,0,130,63,38,0,0,0,0,365,0
"Ogden-Clearfield, UT","36260",2011,365,188,154,18,5,0,0,158,92,50,0,20,257,0,86,2
"Oklahoma City, OK","36420",2011,365,134,187,42,2,0,0,156,108,58,0,23,209,0,131,2
"Olympia-Tumwater, WA","36500",2011,363,322,40,1,0,0,0,104,51,29,0,0,152,0,211,0
"Omaha-Council Bluffs, NE-IA","36540",2011,365,131,228,6,0,0,0,112,81,57,0,0,85,21,172,87
"Orlando-Kissimmee-Sanford, FL","36740",2011,365,240,113,12,0,0,0,136,71,45,0,2,204,0,159,0
"Othello, WA","36830",2011,363,351,12,0,0,0,0,59,35,18,0,0,0,0,363,0
"Ottawa-Peru, IL","36860",2011,350,350,0,0,0,0,0,13,6,1,0,0,0,350,0,0
"Owensboro, KY","36980",2011,365,215,134,16,0,0,0,147,84,48,0,22,177,9,157,0
"Oxford, NC","37080",2011,212,130,78,3,1,0,0,156,90,49,0,0,212,0,0,0
"Oxnard-Thousand Oaks-Ventura, CA","37100",2011,365,222,127,14,2,0,0,151,84,47,0,6,333,0,26,0
"Paducah, KY-IL","37140",2011,365,234,125,5,1,0,0,159,71,44,0,21,155,7,182,0
"Pahrump, NV","37220",2011,365,346,18,1,0,0,0,120,32,20,0,0,0,0,0,365
"Palatka, FL","37260",2011,365,360,5,0,0,0,0,77,31,17,0,0,0,40,0,325
"Palm Bay-Melbourne-Titusville, FL","37340",2011,365,288,75,2,0,0,0,105,58,41,0,0,241,0,124,0
"Panama City, FL","37460",2011,364,265,96,3,0,0,0,105,64,42,0,0,193,0,171,0
"Parkersburg-Vienna, WV","37620",2011,341,254,83,4,0,0,0,147,63,40,0,0,156,107,78,0
"Payson, AZ","37740",2011,365,97,173,91,4,0,0,169,117,74,0,0,87,215,2,61
"Pensacola-Ferry Pass-Brent, FL","37860",2011,365,219,127,19,0,0,0,147,77,45,0,0,214,2,149,0
"Peoria, IL","37900",2011,365,152,178,31,4,0,0,183,99,54,0,0,83,77,205,0
"Philadelphia-Camden-Wilmington, PA-NJ-DE-MD","37980",2011,365,98,236,19,12,0,0,192,98,61,0,11,123,0,228,3
"Phoenix-Mesa-Scottsdale, AZ","38060",2011,365,20,212,86,22,12,13,2212,166,87,0,8,78,0,61,218
"Pittsburgh, PA","38300",2011,365,78,227,54,6,0,0,200,110,64,0,4,74,46,241,0
"Pittsfield, MA","38340",2011,363,238,121,3,1,0,0,156,72,43,0,0,98,0,265,0
"Platteville, WI","38420",2011,149,107,42,0,0,0,0,84,64,36,0,0,0,0,149,0
"Pocatello, ID","38540",2011,365,247,115,3,0,0,0,114,72,39,0,0,0,167,78,120
"Ponca City, OK","38620",2011,344,237,84,23,0,0,0,143,84,43,0,0,255,65,24,0
"Ponce, PR","38660",2011,174,162,12,0,0,0,0,60,45,24,24,0,0,0,30,120
"Port Angeles, WA","38820",2011,365,319,46,0,0,0,0,76,52,39,0,0,252,0,113,0
"Port St. Lucie, FL","38940",2011,365,291,74,0,0,0,0,100,56,40,0,0,231,0,134,0
"Portland-South Portland, ME","38860",2011,365,293,67,4,1,0,0,161,63,38,0,16,247,1,100,1
"Portland-Vancouver-Hillsboro, OR-WA","38900",2011,365,256,92,14,3,0,0,152,76,38,0,2,198,0,165,0
"Portsmouth, OH","39020",2011,365,324,40,1,0,0,0,105,52,25,0,0,0,72,112,181
"Prescott, AZ","39140",2011,243,170,70,3,0,0,0,126,74,44,0,0,181,0,58,4
"Price, UT","39220",2011,272,158,113,1,0,0,0,108,77,49,0,3,269,0,0,0
"Prineville, OR","39260",2011,356,268,82,6,0,0,0,143,69,21,0,0,0,0,356,0
"Providence-Warwick, RI-MA","39300",2011,365,192,157,16,0,0,0,150,80,50,0,4,167,23,171,0
"Provo-Orem, UT","39340",2011,365,209,147,9,0,0,0,137,77,48,0,55,207,0,103,0
"Pueblo, CO","39380",2011,126,121,5,0,0,0,0,82,38,21,0,0,0,0,80,46
"Pullman, WA","39420",2011,363,344,19,0,0,0,0,70,41,18,0,0,0,0,363,0
"Quincy, IL-MO","39500",2011,365,337,28,0,0,0,0,100,49,37,0,0,365,0,0,0
"Racine, WI","39540",2011,192,150,35,5,2,0,0,190,67,40,0,0,192,0,0,0
"Raleigh, NC","39580",2011,365,202,139,22,2,0,0,156,87,47,0,0,209,0,156,0
"Rapid City, SD","39660",2011,365,289,76,0,0,0,0,94,57,43,0,4,254,0,19,88
"Reading, PA","39740",2011,365,195,159,11,0,0,0,143,78,48,1,6,125,0,233,0
"Red Bluff, CA","39780",2011,365,195,155,15,0,0,0,122,84,48,0,0,220,0,144,1
"Red Wing, MN","39860",2011,186,173,11,2,0,0,0,112,49,39,0,0,186,0,0,0
"Redding, CA","39820",2011,365,266,93,5,1,0,0,152,71,44,0,0,353,0,11,1
"Reno, NV","39900",2011,365,220,141,4,0,0,0,136,74,48,0,52,245,0,49,19
"Richmond, IN","39980",2011,361,327,30,4,0,0,0,109,49,4,0,0,0,361,0,0
"Richmond, VA","40060",2011,365,231,112,20,2,0,0,197,80,45,1,58,159,12,134,1
"Richmond-Berea, KY","40080",2011,117,90,27,0,0,0,0,74,58,35,0,0,0,0,117,0
"Riverside-San Bernardino-Ontario, CA","40140",2011,365,14,177,98,67,8,1,320,172,96,0,2,182,2,137,42
"Riverton, WY","40180",2011,365,210,153,2,0,0,0,136,77,49,0,0,328,0,29,8
"Roanoke, VA","40220",2011,365,215,149,1,0,0,0,112,71,46,0,22,129,1,210,3
"Rochester, MN","40340",2011,360,252,108,0,0,0,0,99,66,41,0,0,117,0,243,0
"Rochester, NY","40380",2011,353,304,48,1,0,0,0,112,56,34,1,13,214,5,120,0
"Rock Springs, WY","40540",2011,365,227,133,5,0,0,0,108,71,48,0,4,312,4,5,40
"Rockford, IL","40420",2011,363,327,35,1,0,0,0,115,50,32,16,0,347,0,0,0
"Rockland, ME","40500",2011,181,166,12,3,0,0,0,115,49,34,0,0,181,0,0,0
"Rocky Mount, NC","40580",2011,298,200,91,7,0,0,0,122,77,43,0,0,125,0,173,0
"Rome, GA","40660",2011,361,175,179,6,1,0,0,160,71,51,0,0,0,14,347,0
"Roseburg, OR","40700",2011,360,314,46,0,0,0,0,94,53,20,0,0,0,0,360,0
"Roswell, NM","40740",2011,119,104,15,0,0,0,0,98,54,26,0,0,0,0,113,6
"Ruidoso, NM","40760",2011,105,99,6,0,0,0,0,79,47,16,0,0,0,0,105,0
"Russellville, AR","40780",2011,119,65,54,0,0,0,0,83,65,48,0,0,0,0,119,0
"Rutland, VT","40860",2011,365,231,128,6,0,0,0,116,72,42,5,8,0,8,344,0
"Sacramento--Roseville--Arden-Arcade, CA","40900",2011,365,118,169,56,22,0,0,182,136,64,0,2,215,0,147,1
"Salem, OH","41400",2011,364,363,1,0,0,0,0,51,24,9,0,0,0,307,0,57
"Salem, OR","41420",2011,365,298,67,0,0,0,0,95,61,31,0,0,141,0,224,0
"Salinas, CA","41500",2011,365,335,30,0,0,0,0,77,49,37,0,6,262,0,70,27
"Salisbury, MD-DE","41540",2011,365,277,72,15,1,0,0,172,80,41,0,0,335,0,30,0
"Salt Lake City, UT","41620",2011,365,183,152,27,3,0,0,158,99,50,0,58,210,1,82,14
"San Antonio-New Braunfels, TX","41700",2011,365,209,134,20,2,0,0,154,84,47,0,0,212,0,152,1
"San Diego-Carlsbad, CA","41740",2011,364,55,275,30,4,0,0,169,100,63,0,28,137,0,192,7
"San Francisco-Oakland-Hayward, CA","41860",2011,365,180,173,12,0,0,0,147,81,51,0,49,122,1,193,0
"San Jose-Sunnyvale-Santa Clara, CA","41940",2011,365,177,181,7,0,0,0,138,76,51,0,1,139,0,222,3
"San Juan-Carolina-Caguas, PR","41980",2011,365,336,29,0,0,0,0,66,46,29,38,0,117,12,41,157
"San Luis Obispo-Paso Robles-Arroyo Grande, CA","42020",2011,365,138,208,19,0,0,0,133,93,56,0,0,197,0,155,13
"Sandpoint, ID","41760",2011,340,340,0,0,0,0,0,37,17,9,0,0,0,0,0,340
"Santa Cruz-Watsonville, CA","42100",2011,365,340,25,0,0,0,0,80,47,36,0,0,244,0,121,0
"Santa Fe, NM","42140",2011,365,295,69,1,0,0,0,109,61,44,0,0,343,0,22,0
"Santa Maria-Santa Barbara, CA","42200",2011,365,206,156,2,1,0,0,161,63,49,0,3,182,1,176,3
"Santa Rosa, CA","42220",2011,365,294,71,0,0,0,0,95,60,35,0,7,174,0,183,1
"Sault Ste. Marie, MI","42300",2011,231,218,13,0,0,0,0,97,47,31,0,0,165,0,66,0
"Savannah, GA","42340",2011,365,176,176,11,2,0,0,160,81,52,0,0,75,91,199,0
"Scottsbluff, NE","42420",2011,189,148,41,0,0,0,0,87,61,45,0,0,135,0,54,0
"Scranton--Wilkes-Barre--Hazleton, PA","42540",2011,365,265,95,5,0,0,0,109,65,41,0,18,184,0,162,1
"Searcy, AR","42620",2011,116,71,45,0,0,0,0,78,67,45,0,0,0,0,116,0
"Seattle-Tacoma-Bellevue, WA","42660",2011,365,237,115,12,1,0,0,152,74,45,0,0,177,2,186,0
"Sebastian-Vero Beach, FL","42680",2011,346,316,30,0,0,0,0,87,49,38,0,0,346,0,0,0
"Sebring, FL","42700",2011,358,330,28,0,0,0,0,90,50,34,0,0,358,0,0,0
"Seneca, SC","42860",2011,356,294,60,2,0,0,0,110,59,36,0,0,196,84,76,0
"Sevierville, TN","42940",2011,363,192,148,22,1,0,0,151,93,50,0,0,363,0,0,0
"Seymour, IN","42980",2011,183,154,29,0,0,0,0,100,58,42,0,0,183,0,0,0
"Sheboygan, WI","43100",2011,189,150,26,11,1,1,0,206,77,41,0,0,189,0,0,0
"Shelton, WA","43220",2011,360,313,47,0,0,0,0,81,53,25,0,0,0,0,360,0
"Sheridan, WY","43260",2011,362,339,23,0,0,0,0,89,43,19,0,0,0,0,110,252
"Show Low, AZ","43320",2011,365,247,117,1,0,0,0,105,74,46,0,0,362,0,0,3
"Shreveport-Bossier City, LA","43340",2011,365,208,125,28,4,0,0,159,93,48,0,0,232,0,132,1
"Sierra Vista-Douglas, AZ","43420",2011,352,215,126,11,0,0,0,119,80,47,0,0,322,0,17,13
"Silver City, NM","43500",2011,363,309,51,3,0,0,0,126,54,43,0,0,333,15,10,5
"Sioux City, IA-NE-SD","43580",2011,365,269,96,0,0,0,0,100,64,42,0,0,151,0,207,7
"Sioux Falls, SD","43620",2011,365,281,83,1,0,0,0,105,61,40,0,11,217,0,137,0
"Somerset, KY","43700",2011,304,190,110,4,0,0,0,144,74,47,0,0,195,0,109,0
"Somerset, PA","43740",2011,342,310,31,1,0,0,0,115,49,36,0,0,342,0,0,0
"Sonora, CA","43760",2011,355,259,84,12,0,0,0,126,84,41,0,0,355,0,0,0
"South Bend-Mishawaka, IN-MI","43780",2011,363,189,161,12,1,0,0,161,76,49,0,13,87,0,263,0
"Spartanburg, SC","43900",2011,365,176,176,12,1,0,0,156,84,51,0,0,171,0,194,0
"Spokane-Spokane Valley, WA","44060",2011,365,230,129,1,5,0,0,153,72,44,0,0,134,0,206,25
"Springfield, IL","44100",2011,365,305,56,3,1,0,0,154,67,32,62,0,270,33,0,0
"Springfield, MA","44140",2011,365,230,122,11,2,0,0,159,78,45,0,11,185,2,167,0
"Springfield, MO","44180",2011,365,204,148,13,0,0,0,143,84,47,0,0,166,76,122,1
"Springfield, OH","44220",2011,365,199,151,15,0,0,0,140,80,48,0,0,143,1,221,0
"St. Cloud, MN","41060",2011,355,268,85,2,0,0,0,101,60,38,0,0,148,0,207,0
"St. George, UT","41100",2011,363,237,121,5,0,0,0,108,77,46,0,0,359,0,4,0
"St. Joseph, MO-KS","41140",2011,344,195,141,8,0,0,0,147,72,47,0,0,158,0,172,14
"St. Louis, MO-IL","41180",2011,365,62,215,75,13,0,0,192,126,68,0,3,100,86,134,42
"St. Marys, PA","41260",2011,358,327,30,1,0,0,0,112,50,35,0,0,358,0,0,0
"State College, PA","44300",2011,365,238,118,9,0,0,0,143,73,44,0,2,197,0,166,0
"Steamboat Springs, CO","44460",2011,343,331,12,0,0,0,0,91,32,15,0,0,0,0,0,343
"Stockton-Lodi, CA","44700",2011,365,173,149,36,7,0,0,156,103,53,0,5,206,0,150,4
"Summerville, GA","44900",2011,256,202,51,3,0,0,0,115,61,39,0,0,237,0,0,19
"Syracuse, NY","45060",2011,365,330,33,2,0,0,0,126,50,37,0,0,334,1,30,0
"Tahlequah, OK","45140",2011,292,206,69,17,0,0,0,143,84,43,0,0,292,0,0,0
"Talladega-Sylacauga, AL","45180",2011,110,61,49,0,0,0,0,94,67,47,0,0,0,0,110,0
"Tallahassee, FL","45220",2011,365,212,146,6,1,0,0,157,77,48,0,0,150,0,215,0
"Tampa-St. Petersburg-Clearwater, FL","45300",2011,365,209,134,22,0,0,0,143,87,48,0,0,184,34,145,2
"Taos, NM","45340",2011,364,345,19,0,0,0,0,85,38,14,0,0,0,0,334,30
"Terre Haute, IN","45460",2011,365,145,195,23,2,0,0,160,91,55,0,0,55,57,253,0
"Texarkana, TX-AR","45500",2011,61,39,22,0,0,0,0,76,62,42,0,0,0,0,61,0
"The Dalles, OR","45520",2011,365,332,33,0,0,0,0,85,48,18,0,0,0,0,365,0
"Toledo, OH","45780",2011,365,225,129,11,0,0,0,147,77,44,0,0,109,0,245,11
"Topeka, KS","45820",2011,365,264,92,9,0,0,0,147,71,41,0,0,316,0,39,10
"Torrington, CT","45860",2011,355,318,34,3,0,0,0,150,51,37,2,7,329,0,17,0
"Traverse City, MI","45900",2011,179,154,20,5,0,0,0,147,61,39,0,0,179,0,0,0
"Trenton, NJ","45940",2011,365,237,115,10,3,0,0,159,74,43,0,0,196,0,169,0
"Truckee-Grass Valley, CA","46020",2011,365,251,93,20,1,0,0,154,87,43,0,0,342,0,23,0
"Tucson, AZ","46060",2011,365,183,162,20,0,0,0,144,90,50,0,12,256,0,26,71
"Tulsa, OK","46140",2011,365,99,220,39,7,0,0,179,112,63,0,0,163,41,157,4
"Tupelo, MS","46180",2011,362,235,127,0,0,0,0,87,62,44,0,0,119,0,243,0
"Tuscaloosa, AL","46220",2011,279,234,44,1,0,0,0,103,56,38,0,0,184,0,95,0
"Twin Falls, ID","46300",2011,350,335,15,0,0,0,0,66,39,23,0,0,0,0,350,0
"Tyler, TX","46340",2011,363,268,76,19,0,0,0,150,87,42,0,9,354,0,0,0
"Ukiah, CA","46380",2011,361,291,70,0,0,0,0,80,56,39,0,0,31,0,309,21
"Urban Honolulu, HI","46520",2011,365,266,98,1,0,0,0,101,56,37,0,0,130,1,228,6
"Utica-Rome, NY","46540",2011,365,286,79,0,0,0,0,93,59,40,0,0,245,0,120,0
"Valdosta, GA","46660",2011,339,102,227,9,1,0,0,154,82,57,0,0,0,0,339,0
"Vallejo-Fairfield, CA","46700",2011,365,243,113,9,0,0,0,147,74,43,0,5,212,0,148,0
"Vernal, UT","46860",2011,365,196,137,13,14,5,0,236,97,50,0,0,343,0,22,0
"Victoria, TX","47020",2011,327,286,37,4,0,0,0,133,54,32,0,0,327,0,0,0
"Vincennes, IN","47180",2011,353,253,94,4,2,0,0,154,67,43,0,0,292,0,61,0
"Vineland-Bridgeton, NJ","47220",2011,359,277,80,2,0,0,0,122,63,39,0,0,219,0,140,0
"Vineyard Haven, MA","47240",2011,286,245,32,7,1,1,0,208,58,40,0,0,242,0,44,0
"Virginia Beach-Norfolk-Newport News, VA-NC","47260",2011,365,228,121,16,0,0,0,144,77,45,0,21,143,36,165,0
"Visalia-Porterville, CA","47300",2011,365,68,149,93,55,0,0,195,159,84,0,1,208,0,156,0
"Wabash, IN","47340",2011,336,278,51,7,0,0,0,129,67,37,0,0,336,0,0,0
"Waco, TX","47380",2011,365,239,107,19,0,0,0,147,84,44,0,3,251,0,111,0
"Walla Walla, WA","47460",2011,363,319,44,0,0,0,0,84,52,23,0,0,0,0,249,114
"Walterboro, SC","47500",2011,349,248,98,2,1,0,0,160,64,43,0,0,153,0,196,0
"Warner Robins, GA","47580",2011,363,169,194,0,0,0,0,95,73,52,0,0,0,0,363,0
"Warren, PA","47620",2011,336,295,35,6,0,0,0,146,60,6,0,0,0,336,0,0
"Washington Court House, OH","47920",2011,340,280,51,9,0,0,0,140,67,37,0,0,340,0,0,0
"Washington, IN","47780",2011,338,292,38,8,0,0,0,125,61,10,0,0,0,338,0,0
"Washington, NC","47820",2011,352,352,0,0,0,0,0,46,16,3,0,0,0,352,0,0
"Washington-Arlington-Alexandria, DC-VA-MD-WV","47900",2011,365,117,209,29,10,0,0,187,105,57,0,20,135,2,208,0
"Waterloo-Cedar Falls, IA","47940",2011,364,210,154,0,0,0,0,100,66,45,0,0,128,0,235,1
"Watertown, SD","47980",2011,356,328,27,1,0,0,0,102,48,19,0,0,0,0,96,260
"Watertown-Fort Atkinson, WI","48020",2011,193,157,34,2,0,0,0,112,64,40,0,0,193,0,0,0
"Watertown-Fort Drum, NY","48060",2011,361,343,15,3,0,0,0,129,45,33,0,0,361,0,0,0
"Wausau, WI","48140",2011,198,174,24,0,0,0,0,100,51,39,0,0,198,0,0,0
"Weirton-Steubenville, WV-OH","48260",2011,365,135,196,29,5,0,0,200,100,58,0,0,74,125,166,0
"Wenatchee, WA","48300",2011,363,265,91,6,1,0,0,152,71,25,0,0,0,0,363,0
"Wheeling, WV-OH","48540",2011,365,175,178,12,0,0,0,126,83,51,0,0,106,57,202,0
"Whitewater-Elkhorn, WI","48580",2011,185,151,32,2,0,0,0,112,77,41,0,0,185,0,0,0
"Wichita Falls, TX","48660",2011,345,302,43,0,0,0,0,75,54,29,0,0,0,0,345,0
"Wichita, KS","48620",2011,365,200,142,23,0,0,0,150,93,49,0,67,251,0,37,10
"Williamsport, PA","48700",2011,314,291,22,1,0,0,0,101,47,33,0,0,302,0,0,12
"Williston, ND","48780",2011,361,317,39,5,0,0,0,125,55,6,0,0,0,361,0,0
"Wilmington, NC","48900",2011,362,277,82,3,0,0,0,120,62,38,0,0,132,22,208,0
"Wilmington, OH","48940",2011,214,131,61,19,3,0,0,161,101,47,0,0,214,0,0,0
"Winchester, VA-WV","49020",2011,365,249,115,1,0,0,0,101,67,43,0,0,108,0,257,0
"Winona, MN","49100",2011,120,104,16,0,0,0,0,70,54,22,0,0,0,0,120,0
"Winston-Salem, NC","49180",2011,365,179,170,16,0,0,0,147,81,51,0,3,150,0,212,0
"Worcester, MA-CT","49340",2011,365,253,106,5,1,0,0,159,67,43,0,37,179,0,149,0
"Yakima, WA","49420",2011,364,264,90,8,2,0,0,156,72,27,0,0,0,0,364,0
"York-Hanover, PA","49620",2011,365,159,193,13,0,0,0,147,80,54,0,12,111,0,241,1
"Youngstown-Warren-Boardman, OH-PA","49660",2011,365,178,176,11,0,0,0,150,78,51,0,0,131,10,223,1
"Yuba City, CA","49700",2011,365,153,191,20,1,0,0,152,88,54,0,5,144,0,216,0
"Yuma, AZ","49740",2011,363,259,90,14,0,0,0,140,80,40,0,0,176,0,23,164
