"CBSA","CBSA Code","Year","Days with AQI","Good Days","Moderate Days","Unhealthy for Sensitive Groups Days","Unhealthy Days","Very Unhealthy Days","Hazardous Days","Max AQI","90th Percentile AQI","Median AQI","Days CO","Days NO2","Days Ozone","Days SO2","Days PM2.5","Days PM10"
"Aberdeen, SD","10100",2012,123,104,19,0,0,0,0,77,53,28,0,0,0,0,109,14
"Aberdeen, WA","10140",2012,366,348,18,0,0,0,0,81,42,20,0,0,0,0,366,0
"Adjuntas, PR","10260",2012,77,74,3,0,0,0,0,66,36,18,0,0,0,0,77,0
"Adrian, MI","10300",2012,243,142,76,21,4,0,0,187,101,48,0,0,174,0,69,0
"Akron, OH","10420",2012,366,177,182,6,1,0,0,164,78,52,24,0,89,78,175,0
"Albany, GA","10500",2012,360,254,104,2,0,0,0,124,63,38,0,0,0,0,359,1
"Albany, OR","10540",2012,366,319,47,0,0,0,0,91,53,23,0,0,0,0,366,0
"Albany-Schenectady-Troy, NY","10580",2012,366,294,64,8,0,0,0,143,60,39,0,0,272,1,93,0
"Albuquerque, NM","10740",2012,366,100,241,23,1,1,0,291,96,60,0,2,228,0,105,31
"Alexandria, LA","10780",2012,362,177,185,0,0,0,0,88,66,52,0,0,0,0,362,0
"Allentown-Bethlehem-Easton, PA-NJ","10900",2012,366,164,184,17,1,0,0,151,84,53,0,6,125,8,226,1
"Altoona, PA","11020",2012,365,206,145,12,2,0,0,161,76,46,0,0,156,8,199,2
"Amarillo, TX","11100",2012,366,234,119,13,0,0,0,136,80,45,0,0,324,0,42,0
"Americus, GA","11140",2012,233,204,29,0,0,0,0,97,54,40,0,0,233,0,0,0
"Ames, IA","11180",2012,214,175,39,0,0,0,0,87,64,43,0,0,214,0,0,0
"Anchorage, AK","11260",2012,366,255,106,5,0,0,0,127,78,35,5,0,146,0,156,59
"Ann Arbor, MI","11460",2012,364,266,76,20,2,0,0,164,87,40,0,0,324,0,40,0
"Appleton, WI","11540",2012,366,246,108,11,1,0,0,182,75,43,0,0,173,0,193,0
"Ardmore, OK","11620",2012,348,179,151,18,0,0,0,147,87,49,0,0,175,0,173,0
"Arkadelphia, AR","11660",2012,309,274,34,1,0,0,0,133,54,35,0,0,309,0,0,0
"Asheville, NC","11700",2012,366,236,126,4,0,0,0,150,74,46,0,0,188,0,178,0
"Ashtabula, OH","11780",2012,366,301,56,7,2,0,0,179,77,31,0,0,209,157,0,0
"Athens, OH","11900",2012,55,44,11,0,0,0,0,68,56,34,0,0,0,0,55,0
"Athens, TN","11940",2012,225,225,0,0,0,0,0,44,29,14,0,195,0,0,0,30
"Athens-Clarke County, GA","12020",2012,366,247,113,5,1,0,0,153,67,43,0,0,140,0,226,0
"Atlanta-Sandy Springs-Roswell, GA","12060",2012,366,106,232,19,8,1,0,218,97,61,0,1,142,0,223,0
"Atlantic City-Hammonton, NJ","12100",2012,357,283,65,7,2,0,0,154,61,38,0,0,277,1,79,0
"Augusta-Richmond County, GA-SC","12260",2012,366,224,136,5,1,0,0,151,69,45,0,0,134,0,232,0
"Augusta-Waterville, ME","12300",2012,309,298,11,0,0,0,0,90,44,29,0,84,196,12,0,17
"Austin-Round Rock, TX","12420",2012,366,249,109,6,2,0,0,172,75,44,0,3,235,0,128,0
"Bakersfield, CA","12540",2012,366,64,160,92,49,1,0,202,154,84,0,0,218,0,143,5
"Baltimore-Columbia-Towson, MD","12580",2012,366,156,175,27,7,1,0,204,100,55,0,8,191,0,167,0
"Bangor, ME","12620",2012,366,337,29,0,0,0,0,87,48,34,0,0,250,0,114,2
"Baraboo, WI","12660",2012,365,264,95,5,1,0,0,151,72,41,0,0,178,0,180,7
"Barnstable Town, MA","12700",2012,258,228,23,6,1,0,0,156,54,36,0,0,208,0,50,0
"Baton Rouge, LA","12940",2012,366,166,172,25,3,0,0,159,97,52,0,3,172,7,181,3
"Bay City, MI","13020",2012,119,97,22,0,0,0,0,85,56,27,0,0,0,0,119,0
"Beaumont-Port Arthur, TX","13140",2012,366,226,118,19,2,1,0,207,87,46,0,0,204,18,144,0
"Beaver Dam, WI","13180",2012,366,240,113,12,1,0,0,179,77,44,0,0,226,0,139,1
"Beckley, WV","13220",2012,121,102,19,0,0,0,0,64,54,33,0,0,0,0,121,0
"Bellingham, WA","13380",2012,351,345,6,0,0,0,0,97,37,22,0,0,121,0,230,0
"Bend-Redmond, OR","13460",2012,366,303,45,1,12,1,4,546,61,35,0,0,127,0,239,0
"Bennington, VT","13540",2012,366,327,38,1,0,0,0,108,51,35,0,0,279,0,87,0
"Berlin, NH-VT","13620",2012,365,267,94,4,0,0,0,108,67,45,0,0,365,0,0,0
"Billings, MT","13740",2012,366,307,56,3,0,0,0,125,56,27,0,0,0,186,180,0
"Birmingham-Hoover, AL","13820",2012,366,146,200,16,4,0,0,172,87,53,0,0,143,7,213,3
"Bishop, CA","13860",2012,366,204,133,15,4,2,8,3812,93,48,0,0,280,0,10,76
"Bismarck, ND","13900",2012,366,309,57,0,0,0,0,82,54,40,0,8,237,14,98,9
"Blacksburg-Christiansburg-Radford, VA","13980",2012,342,280,60,2,0,0,0,115,58,41,0,0,342,0,0,0
"Bloomington, IL","14010",2012,359,271,71,17,0,0,0,133,87,38,0,0,359,0,0,0
"Bloomington, IN","14020",2012,358,239,100,18,1,0,0,151,84,44,0,0,152,0,206,0
"Boise City, ID","14260",2012,366,264,91,8,2,1,0,215,67,40,5,19,207,1,56,78
"Boone, NC","14380",2012,120,111,9,0,0,0,0,66,47,32,0,0,0,0,120,0
"Boston-Cambridge-Newton, MA-NH","14460",2012,366,217,136,11,2,0,0,164,74,47,0,14,146,2,203,1
"Boulder, CO","14500",2012,359,191,133,31,4,0,0,172,100,48,0,0,337,0,19,3
"Bowling Green, KY","14540",2012,366,251,98,16,1,0,0,161,77,44,0,0,290,0,76,0
"Bozeman, MT","14580",2012,366,305,53,8,0,0,0,138,62,25,1,30,0,0,335,0
"Brainerd, MN","14660",2012,360,307,53,0,0,0,0,98,54,35,0,0,195,0,165,0
"Branson, MO","14700",2012,265,196,64,5,0,0,0,122,71,42,0,0,205,0,60,0
"Breckenridge, CO","14720",2012,123,119,4,0,0,0,0,64,31,12,0,0,0,0,0,123
"Bremerton-Silverdale, WA","14740",2012,317,300,17,0,0,0,0,68,41,19,0,0,0,0,317,0
"Bridgeport-Stamford-Norwalk, CT","14860",2012,366,236,101,19,10,0,0,179,90,44,0,19,173,0,173,1
"Brookings, SD","15100",2012,366,284,81,1,0,0,0,112,64,38,0,0,279,0,51,36
"Brownsville-Harlingen, TX","15180",2012,366,263,103,0,0,0,0,85,61,43,0,0,140,0,217,9
"Brunswick, GA","15260",2012,359,347,12,0,0,0,0,87,45,30,0,0,215,99,38,7
"Buffalo-Cheektowaga-Niagara Falls, NY","15380",2012,366,219,133,13,1,0,0,169,75,47,0,2,167,0,197,0
"Burlington, NC","15500",2012,361,294,67,0,0,0,0,88,55,37,0,0,0,0,361,0
"Burlington-South Burlington, VT","15540",2012,366,323,43,0,0,0,0,100,52,36,1,13,311,0,41,0
"Butte-Silver Bow, MT","15580",2012,363,257,93,8,5,0,0,174,78,31,0,0,0,0,285,78
"Cadillac, MI","15620",2012,366,292,56,18,0,0,0,147,71,38,0,0,347,0,19,0
"Cambridge, MD","15700",2012,365,281,66,14,3,1,0,208,71,39,5,0,310,0,50,0
"Canton-Massillon, OH","15940",2012,366,176,169,20,1,0,0,192,84,52,0,0,156,0,210,0
"Cape Coral-Fort Myers, FL","15980",2012,366,315,51,0,0,0,0,97,52,38,0,0,256,0,108,2
"Carlsbad-Artesia, NM","16100",2012,349,235,104,9,1,0,0,155,77,44,0,2,331,0,16,0
"Carson City, NV","16180",2012,207,122,78,7,0,0,0,112,80,48,0,0,207,0,0,0
"Casper, WY","16220",2012,365,313,51,1,0,0,0,103,54,31,0,87,177,52,42,7
"Ca¤on City, CO","15860",2012,57,56,1,0,0,0,0,54,30,15,0,0,0,0,0,57
"Cedar Rapids, IA","16300",2012,366,214,148,4,0,0,0,122,76,47,0,0,158,3,204,1
"Centralia, WA","16500",2012,366,338,27,1,0,0,0,106,44,21,0,0,0,0,366,0
"Chambersburg-Waynesboro, PA","16540",2012,273,213,59,1,0,0,0,115,67,40,0,0,273,0,0,0
"Champaign-Urbana, IL","16580",2012,366,281,77,8,0,0,0,136,76,39,0,0,332,1,33,0
"Charleston, WV","16620",2012,366,258,95,13,0,0,0,140,80,41,0,0,165,79,83,39
"Charleston-North Charleston, SC","16700",2012,366,248,117,1,0,0,0,134,62,43,0,8,90,0,267,1
"Charlotte-Concord-Gastonia, NC-SC","16740",2012,366,193,147,22,3,1,0,206,93,49,0,0,211,0,155,0
"Charlottesville, VA","16820",2012,366,296,68,2,0,0,0,119,61,38,0,0,170,0,196,0
"Chattanooga, TN-GA","16860",2012,352,176,165,9,2,0,0,161,77,51,0,0,157,0,195,0
"Cheyenne, WY","16940",2012,366,241,123,2,0,0,0,108,74,45,0,7,321,0,37,1
"Chicago-Naperville-Elgin, IL-IN-WI","16980",2012,366,64,243,47,11,1,0,206,115,64,0,33,88,36,188,21
"Chico, CA","17020",2012,366,170,165,23,8,0,0,186,97,53,0,0,230,0,136,0
"Cincinnati, OH-KY-IN","17140",2012,366,88,219,50,8,1,0,202,115,62,0,0,121,46,192,7
"Claremont-Lebanon, NH-VT","17200",2012,366,325,41,0,0,0,0,97,52,35,0,0,283,0,83,0
"Clarksburg, WV","17220",2012,115,85,30,0,0,0,0,85,56,38,0,0,0,0,115,0
"Clarksville, TN-KY","17300",2012,366,225,127,13,1,0,0,159,80,45,0,0,287,37,42,0
"Clearlake, CA","17340",2012,362,336,23,3,0,0,0,143,47,35,0,0,360,0,2,0
"Cleveland, MS","17380",2012,360,233,120,7,0,0,0,129,70,43,0,0,139,0,221,0
"Cleveland, TN","17420",2012,238,238,0,0,0,0,0,35,23,12,0,184,0,0,0,54
"Cleveland-Elyria, OH","17460",2012,366,82,217,54,12,1,0,203,119,68,6,2,99,73,177,9
"Clinton, IA","17540",2012,366,139,216,11,0,0,0,126,80,55,0,0,88,5,273,0
"Coco, PR","17640",2012,338,338,0,0,0,0,0,26,11,4,0,0,0,338,0,0
"Colorado Springs, CO","17820",2012,366,210,136,20,0,0,0,129,90,48,0,0,363,0,2,1
"Columbia, MO","17860",2012,212,138,61,13,0,0,0,150,93,45,0,0,212,0,0,0
"Columbia, SC","17900",2012,366,228,135,3,0,0,0,119,67,46,0,6,140,5,206,9
"Columbus, GA-AL","17980",2012,366,239,124,3,0,0,0,104,69,44,0,0,136,0,229,1
"Columbus, OH","18140",2012,366,194,143,26,2,1,0,201,97,49,0,0,168,0,195,3
"Concord, NH","18180",2012,366,320,44,2,0,0,0,102,54,30,0,0,149,126,91,0
"Coos Bay, OR","18300",2012,278,274,3,1,0,0,0,143,31,17,0,0,0,0,278,0
"Corning, NY","18500",2012,364,325,39,0,0,0,0,100,51,34,1,0,323,1,39,0
"Corpus Christi, TX","18580",2012,366,259,101,6,0,0,0,147,67,42,0,0,206,3,157,0
"Corsicana, TX","18620",2012,366,271,92,2,1,0,0,159,71,42,0,0,246,6,114,0
"Corvallis, OR","18700",2012,355,333,22,0,0,0,0,65,44,16,0,0,0,0,355,0
"Craig, CO","18780",2012,361,266,94,1,0,0,0,105,64,44,0,0,361,0,0,0
"Crescent City, CA","18860",2012,119,119,0,0,0,0,0,45,26,10,0,0,0,0,79,40
"Crestview-Fort Walton Beach-Destin, FL","18880",2012,366,334,32,0,0,0,0,87,50,33,0,0,366,0,0,0
"Cullowhee, NC","19000",2012,253,175,74,4,0,0,0,143,74,45,0,0,189,0,64,0
"Dallas-Fort Worth-Arlington, TX","19100",2012,366,133,171,49,10,3,0,205,119,56,0,13,196,0,157,0
"Dalton, GA","19140",2012,278,233,43,2,0,0,0,119,64,42,0,0,232,0,46,0
"Daphne-Fairhope-Foley, AL","19300",2012,284,226,56,2,0,0,0,112,61,38,0,0,210,0,74,0
"Davenport-Moline-Rock Island, IA-IL","19340",2012,366,140,218,8,0,0,0,134,78,55,0,0,91,0,203,72
"Dayton, OH","19380",2012,366,156,185,24,1,0,0,177,90,54,0,0,164,1,201,0
"Decatur, AL","19460",2012,283,217,60,6,0,0,0,129,71,42,0,0,208,0,75,0
"Decatur, IL","19500",2012,366,218,138,10,0,0,0,126,74,45,0,0,192,7,167,0
"Deltona-Daytona Beach-Ormond Beach, FL","19660",2012,366,302,62,2,0,0,0,112,56,39,0,0,222,0,144,0
"Deming, NM","19700",2012,364,224,129,7,0,1,3,994,77,46,0,3,324,0,0,37
"Denver-Aurora-Lakewood, CO","19740",2012,366,110,186,63,7,0,0,190,115,63,0,73,254,5,26,8
"Des Moines-West Des Moines, IA","19780",2012,366,238,126,2,0,0,0,108,71,45,0,8,156,0,201,1
"Detroit-Warren-Dearborn, MI","19820",2012,366,122,199,40,4,1,0,208,106,59,0,12,93,90,131,40
"Dickinson, ND","19860",2012,365,347,18,0,0,0,0,67,47,34,0,0,341,11,13,0
"Dodge City, KS","19980",2012,366,365,1,0,0,0,0,94,23,12,0,0,0,0,0,366
"Dothan, AL","20020",2012,284,238,46,0,0,0,0,97,58,38,0,0,211,0,73,0
"Douglas, GA","20060",2012,60,48,12,0,0,0,0,60,58,35,0,0,0,0,60,0
"Dover, DE","20100",2012,342,243,78,17,4,0,0,182,80,41,0,0,258,0,84,0
"DuBois, PA","20180",2012,342,290,46,5,1,0,0,164,61,35,0,0,342,0,0,0
"Duluth, MN-WI","20260",2012,366,309,56,1,0,0,0,122,58,36,0,0,285,0,77,4
"Durango, CO","20420",2012,366,218,146,2,0,0,0,108,80,48,0,2,361,0,1,2
"Durham-Chapel Hill, NC","20500",2012,365,280,77,7,1,0,0,151,67,40,0,0,169,0,196,0
"Eagle Pass, TX","20580",2012,266,214,52,0,0,0,0,84,58,33,0,0,0,0,266,0
"East Stroudsburg, PA","20700",2012,365,274,89,2,0,0,0,108,63,39,0,0,232,0,133,0
"Eau Claire, WI","20740",2012,304,230,72,2,0,0,0,115,64,41,0,0,207,0,95,2
"Effingham, IL","20820",2012,192,125,58,8,1,0,0,166,90,46,0,0,192,0,0,0
"El Centro, CA","20940",2012,366,173,154,34,4,1,0,274,101,52,2,62,229,0,57,16
"El Dorado, AR","20980",2012,366,325,39,1,1,0,0,200,52,6,0,0,0,254,112,0
"El Paso, TX","21340",2012,366,113,229,19,2,1,2,643,92,58,0,21,154,0,173,18
"Elizabethtown-Fort Knox, KY","21060",2012,307,208,92,5,2,0,0,161,74,44,0,0,157,0,150,0
"Elkhart-Goshen, IN","21140",2012,362,195,155,11,0,1,0,206,80,48,0,0,124,0,238,0
"Elko, NV","21220",2012,359,331,28,0,0,0,0,89,47,22,0,0,0,0,15,344
"Ellensburg, WA","21260",2012,361,291,53,11,5,1,0,278,66,21,0,0,0,0,361,0
"Elmira, NY","21300",2012,359,325,30,4,0,0,0,115,49,33,0,0,352,7,0,0
"Emporia, KS","21380",2012,117,107,10,0,0,0,0,88,50,26,0,0,0,0,117,0
"Erie, PA","21500",2012,366,216,131,16,3,0,0,185,80,47,0,0,192,0,174,0
"Espa¤ola, NM","21580",2012,101,101,0,0,0,0,0,35,21,12,0,0,0,0,101,0
"Eugene, OR","21660",2012,366,263,95,8,0,0,0,149,67,38,0,0,114,0,252,0
"Eureka-Arcata-Fortuna, CA","21700",2012,366,316,50,0,0,0,0,72,52,36,0,0,205,0,161,0
"Evanston, WY","21740",2012,366,254,111,1,0,0,0,115,71,44,0,0,352,0,0,14
"Evansville, IN-KY","21780",2012,366,153,176,33,4,0,0,164,101,54,2,1,155,17,191,0
"Fairbanks, AK","21820",2012,366,239,85,15,25,2,0,222,115,39,1,0,136,7,205,17
"Fairmont, WV","21900",2012,122,80,42,0,0,0,0,84,59,40,0,0,0,0,122,0
"Fallon, NV","21980",2012,206,205,1,0,0,0,0,51,41,32,0,0,206,0,0,0
"Fargo, ND-MN","22020",2012,366,293,73,0,0,0,0,91,58,39,0,5,212,0,127,22
"Farmington, NM","22140",2012,366,207,147,12,0,0,0,112,87,48,0,16,342,1,4,3
"Fayetteville, NC","22180",2012,366,275,87,4,0,0,0,147,63,42,0,0,163,3,200,0
"Fayetteville-Springdale-Rogers, AR-MO","22220",2012,366,261,88,16,1,0,0,151,80,43,0,0,333,0,33,0
"Fernley, NV","22280",2012,212,130,77,5,0,0,0,119,80,47,0,0,212,0,0,0
"Flagstaff, AZ","22380",2012,366,238,113,15,0,0,0,133,80,46,0,0,354,0,12,0
"Flint, MI","22420",2012,242,169,52,18,3,0,0,172,90,44,0,0,177,0,65,0
"Florence, SC","22500",2012,284,232,49,3,0,0,0,147,58,40,0,0,218,0,66,0
"Florence-Muscle Shoals, AL","22520",2012,283,222,55,6,0,0,0,136,62,40,0,0,209,0,74,0
"Fond du Lac, WI","22540",2012,207,151,41,14,1,0,0,192,90,42,0,0,207,0,0,0
"Fort Collins, CO","22660",2012,366,166,150,45,5,0,0,172,105,54,0,0,356,0,8,2
"Fort Madison-Keokuk, IA-IL-MO","22800",2012,111,72,39,0,0,0,0,81,67,40,0,0,0,0,111,0
"Fort Payne, AL","22840",2012,361,282,74,5,0,0,0,115,64,40,0,0,320,0,41,0
"Fort Smith, AR-OK","22900",2012,363,261,86,14,2,0,0,156,77,41,0,44,238,0,58,23
"Fort Wayne, IN","23060",2012,366,124,226,15,1,0,0,179,84,56,6,0,81,0,279,0
"Fresno, CA","23420",2012,366,77,155,92,41,1,0,212,151,80,0,1,222,0,143,0
"Gadsden, AL","23460",2012,277,229,48,0,0,0,0,87,55,40,0,0,191,0,86,0
"Gaffney, SC","23500",2012,195,127,62,6,0,0,0,122,80,47,0,0,195,0,0,0
"Gainesville, FL","23540",2012,363,317,43,1,2,0,0,157,51,36,0,0,262,0,101,0
"Gainesville, GA","23580",2012,328,210,118,0,0,0,0,75,60,45,0,0,0,0,328,0
"Gallup, NM","23700",2012,263,263,0,0,0,0,0,39,23,14,0,0,0,0,0,263
"Gardnerville Ranchos, NV","23820",2012,115,104,11,0,0,0,0,77,47,14,92,0,0,0,23,0
"Georgetown, SC","23860",2012,343,343,0,0,0,0,0,47,31,17,0,0,0,0,0,343
"Gettysburg, PA","23900",2012,365,213,141,11,0,0,0,146,80,46,1,1,195,0,168,0
"Gillette, WY","23940",2012,366,130,221,13,2,0,0,156,90,57,0,6,161,7,12,180
"Glenwood Springs, CO","24060",2012,366,142,171,53,0,0,0,150,105,61,0,0,365,0,0,1
"Goldsboro, NC","24140",2012,341,277,64,0,0,0,0,80,57,37,0,0,0,0,341,0
"Grand Island, NE","24260",2012,119,103,16,0,0,0,0,71,53,30,0,0,0,0,119,0
"Grand Junction, CO","24300",2012,366,200,155,11,0,0,0,122,87,48,0,0,340,0,17,9
"Grand Rapids-Wyoming, MI","24340",2012,366,235,107,22,2,0,0,161,87,44,0,0,215,0,151,0
"Grants Pass, OR","24420",2012,366,317,49,0,0,0,0,77,53,23,0,0,0,0,366,0
"Great Falls, MT","24500",2012,360,299,58,3,0,0,0,132,57,32,0,0,0,0,360,0
"Greeley, CO","24540",2012,366,204,142,18,2,0,0,161,90,48,2,0,336,0,26,2
"Green Bay, WI","24580",2012,366,249,96,17,4,0,0,179,89,43,0,0,167,31,168,0
"Greensboro-High Point, NC","24660",2012,364,254,100,9,1,0,0,154,68,43,0,0,183,0,181,0
"Greenville, NC","24780",2012,254,208,42,3,1,0,0,177,61,39,0,0,193,0,61,0
"Greenville-Anderson-Mauldin, SC","24860",2012,366,236,125,4,1,0,0,161,71,45,4,20,181,0,139,22
"Greenwood, SC","24940",2012,211,175,35,1,0,0,0,150,58,41,0,0,211,0,0,0
"Guayama, PR","25020",2012,314,300,14,0,0,0,0,70,33,3,0,0,0,192,45,77
"Gulfport-Biloxi-Pascagoula, MS","25060",2012,362,260,93,9,0,0,0,136,67,40,0,1,171,1,189,0
"Hagerstown-Martinsburg, MD-WV","25180",2012,363,202,150,10,1,0,0,151,80,48,0,0,160,0,203,0
"Hammond, LA","25220",2012,114,94,20,0,0,0,0,74,54,34,0,0,0,0,114,0
"Hanford-Corcoran, CA","25260",2012,366,117,183,60,6,0,0,172,114,66,0,0,210,0,137,19
"Harrisburg-Carlisle, PA","25420",2012,366,171,182,13,0,0,0,129,85,52,0,0,151,0,215,0
"Harrison, AR","25460",2012,366,283,81,2,0,0,0,136,71,42,0,0,349,0,17,0
"Harrisonburg, VA","25500",2012,353,278,73,2,0,0,0,115,61,35,0,106,172,7,68,0
"Hartford-West Hartford-East Hartford, CT","25540",2012,366,221,123,19,3,0,0,182,84,45,0,6,148,0,212,0
"Hattiesburg, MS","25620",2012,282,199,83,0,0,0,0,73,58,41,0,0,0,0,282,0
"Helena, MT","25740",2012,366,271,88,7,0,0,0,148,67,40,0,0,208,0,158,0
"Helena-West Helena, AR","25760",2012,59,46,13,0,0,0,0,63,56,36,0,0,0,0,59,0
"Hermiston-Pendleton, OR","25840",2012,365,285,78,2,0,0,0,108,63,39,0,0,138,0,227,0
"Hickory-Lenoir-Morganton, NC","25860",2012,365,248,115,2,0,0,0,129,61,45,0,0,159,0,206,0
"Hilo, HI","25900",2012,366,0,27,114,221,3,1,322,200,171,0,0,0,358,8,0
"Hobbs, NM","26020",2012,363,316,46,1,0,0,0,117,53,37,0,21,228,0,113,1
"Holland, MI","26090",2012,240,150,54,25,11,0,0,195,122,44,0,0,175,0,65,0
"Homosassa Springs, FL","26140",2012,121,115,6,0,0,0,0,85,44,27,0,0,0,0,121,0
"Hot Springs, AR","26300",2012,122,87,35,0,0,0,0,74,61,43,0,0,0,0,122,0
"Houghton, MI","26340",2012,121,120,1,0,0,0,0,51,33,11,0,0,0,0,121,0
"Houma-Thibodaux, LA","26380",2012,359,280,75,4,0,0,0,133,65,39,0,0,267,0,92,0
"Houston-The Woodlands-Sugar Land, TX","26420",2012,366,130,188,37,9,2,0,233,112,55,0,14,137,0,202,13
"Huntington, IN","26540",2012,180,140,38,2,0,0,0,126,71,42,0,0,180,0,0,0
"Huntington-Ashland, WV-KY-OH","26580",2012,366,208,145,12,1,0,0,161,80,48,0,2,159,1,199,5
"Huntsville, AL","26620",2012,338,242,82,14,0,0,0,147,74,43,0,0,218,0,66,54
"Idaho Falls, ID","26820",2012,358,288,67,2,1,0,0,154,61,42,0,0,345,0,13,0
"Indiana, PA","26860",2012,366,262,85,17,2,0,0,156,82,41,0,0,293,73,0,0
"Indianapolis-Carmel-Anderson, IN","26900",2012,366,83,245,34,4,0,0,169,105,62,0,1,105,42,218,0
"Iowa City, IA","26980",2012,366,204,162,0,0,0,0,90,64,46,0,0,0,0,366,0
"Ithaca, NY","27060",2012,350,305,39,6,0,0,0,115,54,37,0,0,350,0,0,0
"Jackson, MS","27140",2012,366,241,122,2,1,0,0,156,63,44,0,0,117,0,249,0
"Jackson, WY-ID","27220",2012,366,258,105,3,0,0,0,110,67,44,1,0,351,0,12,2
"Jacksonville, FL","27260",2012,366,285,76,4,1,0,0,165,58,40,0,1,225,36,102,2
"Jamestown-Dunkirk-Fredonia, NY","27460",2012,366,288,61,15,2,0,0,197,80,40,0,0,338,5,23,0
"Janesville-Beloit, WI","27500",2012,191,123,57,11,0,0,0,143,93,45,0,0,191,0,0,0
"Jasper, IN","27540",2012,347,268,62,15,2,0,0,161,67,17,0,0,0,236,111,0
"Jefferson City, MO","27620",2012,214,139,64,11,0,0,0,143,87,45,0,0,214,0,0,0
"Johnstown, PA","27780",2012,366,202,157,6,1,0,0,159,74,47,0,3,133,18,206,6
"Joplin, MO","27900",2012,327,221,82,22,2,0,0,154,93,41,0,0,200,0,0,127
"Juneau, AK","27940",2012,362,322,39,1,0,0,0,117,52,21,0,0,0,0,355,7
"Kahului-Wailuku-Lahaina, HI","27980",2012,349,334,15,0,0,0,0,64,40,25,0,0,0,0,349,0
"Kalamazoo-Portage, MI","28020",2012,243,150,73,18,2,0,0,192,97,45,0,0,172,0,71,0
"Kalispell, MT","28060",2012,366,297,69,0,0,0,0,94,60,38,0,0,220,0,118,28
"Kansas City, MO-KS","28140",2012,366,76,203,74,13,0,0,180,124,66,0,4,135,77,146,4
"Kapaa, HI","28180",2012,363,337,25,1,0,0,0,107,47,27,13,6,0,34,310,0
"Keene, NH","28300",2012,366,282,82,2,0,0,0,112,64,36,0,0,246,0,120,0
"Kennewick-Richland, WA","28420",2012,366,317,48,1,0,0,0,104,52,23,0,0,0,0,315,51
"Killeen-Temple, TX","28660",2012,363,290,64,8,1,0,0,154,71,40,0,0,363,0,0,0
"Kingsport-Bristol-Bristol, TN-VA","28700",2012,366,204,107,51,4,0,0,190,107,48,1,52,164,126,23,0
"Kingston, NY","28740",2012,359,320,38,1,0,0,0,101,51,36,0,0,354,5,0,0
"Kingsville, TX","28780",2012,328,262,66,0,0,0,0,88,59,35,0,0,0,0,328,0
"Kinston, NC","28820",2012,276,233,42,1,0,0,0,143,54,38,0,0,215,0,61,0
"Klamath Falls, OR","28900",2012,360,253,98,8,1,0,0,152,78,30,0,0,0,0,360,0
"Knoxville, TN","28940",2012,366,110,231,22,2,1,0,217,90,55,0,0,148,0,210,8
"Kokomo, IN","29020",2012,11,8,3,0,0,0,0,58,56,33,0,0,0,0,11,0
"La Crosse-Onalaska, WI-MN","29100",2012,316,224,90,2,0,0,0,105,67,42,0,0,170,0,146,0
"La Grande, OR","29260",2012,365,309,54,2,0,0,0,147,57,26,0,0,0,0,363,2
"Laconia, NH","29060",2012,210,188,22,0,0,0,0,97,51,37,0,0,178,0,32,0
"Lafayette, LA","29180",2012,366,229,134,3,0,0,0,129,67,45,0,0,168,0,196,2
"Lafayette-West Lafayette, IN","29200",2012,364,127,226,10,1,0,0,156,81,55,0,0,74,0,290,0
"Lake Charles, LA","29340",2012,366,260,100,6,0,0,0,136,64,42,0,0,203,16,147,0
"Lake City, FL","29380",2012,365,316,47,1,1,0,0,153,54,36,0,0,271,0,94,0
"Lake Havasu City-Kingman, AZ","29420",2012,240,235,4,1,0,0,0,116,35,19,0,0,0,0,48,192
"Lakeland-Winter Haven, FL","29460",2012,366,283,78,4,1,0,0,154,61,41,0,0,198,0,168,0
"Lancaster, PA","29540",2012,366,153,193,19,1,0,0,179,85,55,0,4,142,0,220,0
"Lansing-East Lansing, MI","29620",2012,361,277,70,12,2,0,0,166,84,37,0,25,293,1,42,0
"Laramie, WY","29660",2012,365,179,179,7,0,0,0,125,77,51,0,0,272,0,7,86
"Laredo, TX","29700",2012,346,242,103,1,0,0,0,103,62,42,0,0,50,0,290,6
"Las Cruces, NM","29740",2012,366,149,186,23,1,1,6,1635,97,54,0,8,228,0,11,119
"Las Vegas-Henderson-Paradise, NV","29820",2012,366,102,211,47,6,0,0,180,112,64,0,8,270,0,81,7
"Laurel, MS","29860",2012,58,41,17,0,0,0,0,91,62,40,0,0,0,0,58,0
"Lawrenceburg, TN","29980",2012,59,44,15,0,0,0,0,65,55,36,0,0,0,0,59,0
"Lawton, OK","30020",2012,366,203,151,10,2,0,0,151,80,48,0,0,228,0,138,0
"Lebanon, PA","30140",2012,366,173,181,12,0,0,0,129,85,51,0,0,145,0,221,0
"Lewiston, ID-WA","30300",2012,366,274,82,5,5,0,0,188,62,30,0,0,0,0,366,0
"Lewiston-Auburn, ME","30340",2012,363,321,42,0,0,0,0,97,53,33,0,0,133,0,228,2
"Lexington, NE","30420",2012,61,50,11,0,0,0,0,73,56,26,0,0,0,0,0,61
"Lexington-Fayette, KY","30460",2012,366,222,125,18,1,0,0,151,80,45,0,12,156,1,196,1
"Lima, OH","30620",2012,366,262,81,22,1,0,0,169,90,39,0,0,203,3,160,0
"Lincoln, NE","30700",2012,286,248,38,0,0,0,0,80,54,39,24,0,193,0,69,0
"Little Rock-North Little Rock-Conway, AR","30780",2012,366,147,202,17,0,0,0,150,84,53,0,13,126,0,227,0
"Logan, UT-ID","30860",2012,366,219,139,8,0,0,0,125,71,47,0,29,197,0,140,0
"Longview, TX","30980",2012,363,291,67,5,0,0,0,143,67,37,0,5,345,13,0,0
"Longview, WA","31020",2012,351,332,19,0,0,0,0,70,42,20,0,0,0,0,351,0
"Los Alamos, NM","31060",2012,115,115,0,0,0,0,0,36,25,14,0,0,0,0,115,0
"Los Angeles-Long Beach-Anaheim, CA","31080",2012,366,32,202,95,35,2,0,207,151,84,0,19,176,0,169,2
"Louisville/Jefferson County, KY-IN","31140",2012,366,121,189,46,8,2,0,204,112,58,0,0,129,49,188,0
"Lubbock, TX","31180",2012,278,231,45,2,0,0,0,113,54,35,0,0,0,0,278,0
"Ludington, MI","31220",2012,182,131,29,19,3,0,0,156,105,42,0,0,182,0,0,0
"Lumberton, NC","31300",2012,122,102,20,0,0,0,0,77,54,34,0,0,0,0,122,0
"Lynchburg, VA","31340",2012,115,102,13,0,0,0,0,65,52,30,0,0,0,0,115,0
"Macon, GA","31420",2012,366,214,148,4,0,0,0,147,69,47,0,0,105,2,259,0
"Madera, CA","31460",2012,366,102,183,70,11,0,0,200,129,64,0,0,210,0,149,7
"Madison, WI","31540",2012,355,212,130,11,2,0,0,154,80,46,0,0,191,0,164,0
"Malone, NY","31660",2012,365,363,2,0,0,0,0,72,25,10,0,143,159,63,0,0
"Manchester-Nashua, NH","31700",2012,366,308,52,6,0,0,0,150,61,38,1,0,339,0,26,0
"Manhattan, KS","31740",2012,330,255,60,14,1,0,0,154,84,39,0,0,330,0,0,0
"Manitowoc, WI","31820",2012,192,142,29,16,5,0,0,177,101,39,0,0,192,0,0,0
"Marietta, OH","31930",2012,214,134,73,7,0,0,0,150,90,47,0,0,214,0,0,0
"Marion, NC","32000",2012,355,299,56,0,0,0,0,73,53,37,0,0,0,0,355,0
"Marshall, MN","32140",2012,364,275,87,2,0,0,0,101,64,39,0,0,176,0,188,0
"Marshall, TX","32220",2012,366,237,122,7,0,0,0,133,67,44,0,0,197,0,169,0
"Mason City, IA","32380",2012,356,344,12,0,0,0,0,66,39,19,0,0,0,0,0,356
"Mayaguez, PR","32420",2012,115,103,12,0,0,0,0,72,51,20,0,0,0,0,115,0
"McAlester, OK","32540",2012,366,186,169,11,0,0,0,147,77,50,0,0,199,0,167,0
"McAllen-Edinburg-Mission, TX","32580",2012,366,258,108,0,0,0,0,84,63,42,0,0,128,0,237,1
"Medford, OR","32780",2012,366,230,133,3,0,0,0,110,71,44,0,0,150,0,216,0
"Memphis, TN-MS-AR","32820",2012,366,198,131,29,7,1,0,220,101,49,0,1,188,0,177,0
"Merced, CA","32900",2012,366,164,168,33,1,0,0,151,97,53,0,0,236,0,127,3
"Meridian, MS","32940",2012,366,257,109,0,0,0,0,90,58,43,0,0,73,0,293,0
"Miami, OK","33060",2012,363,230,116,15,2,0,0,161,77,45,0,0,161,0,197,5
"Miami-Fort Lauderdale-West Palm Beach, FL","33100",2012,366,242,120,4,0,0,0,147,68,44,0,3,149,0,214,0
"Michigan City-La Porte, IN","33140",2012,366,277,64,18,4,3,0,214,87,35,0,0,172,128,66,0
"Middlesborough, KY","33180",2012,259,163,92,4,0,0,0,133,74,46,0,0,229,0,30,0
"Milwaukee-Waukesha-West Allis, WI","33340",2012,366,164,170,23,9,0,0,192,95,53,0,5,156,0,205,0
"Minneapolis-St. Paul-Bloomington, MN-WI","33460",2012,366,203,155,7,1,0,0,185,72,47,0,16,153,1,179,17
"Missoula, MT","33540",2012,366,99,220,32,15,0,0,178,117,61,0,0,56,0,308,2
"Mobile, AL","33660",2012,284,229,52,3,0,0,0,126,61,38,0,0,219,0,62,3
"Modesto, CA","33700",2012,366,123,164,67,11,1,0,201,125,63,0,1,202,0,162,1
"Monroe, LA","33740",2012,366,173,193,0,0,0,0,91,65,51,0,0,44,0,322,0
"Monroe, MI","33780",2012,124,87,36,1,0,0,0,105,60,41,0,0,0,0,124,0
"Montgomery, AL","33860",2012,280,206,73,1,0,0,0,102,62,43,0,0,196,0,84,0
"Morehead City, NC","33980",2012,252,241,11,0,0,0,0,84,45,35,0,0,252,0,0,0
"Morgantown, WV","34060",2012,361,287,68,6,0,0,0,150,68,35,0,0,191,100,70,0
"Morristown, TN","34100",2012,245,152,84,6,2,1,0,206,80,46,0,0,245,0,0,0
"Moscow, ID","34140",2012,347,314,27,2,4,0,0,173,49,12,0,0,0,0,347,0
"Moses Lake, WA","34180",2012,365,331,34,0,0,0,0,95,49,22,0,0,0,0,365,0
"Mount Vernon, IL","34500",2012,214,118,71,22,3,0,0,164,105,49,0,0,214,0,0,0
"Mount Vernon, OH","34540",2012,214,135,71,7,1,0,0,182,87,45,0,0,214,0,0,0
"Mount Vernon-Anacortes, WA","34580",2012,366,363,3,0,0,0,0,71,40,29,0,66,225,0,75,0
"Muncie, IN","34620",2012,240,151,81,8,0,0,0,136,84,45,0,0,169,0,71,0
"Muscatine, IA","34700",2012,366,171,162,26,7,0,0,200,99,52,0,0,0,77,288,1
"Muskegon, MI","34740",2012,242,165,42,26,9,0,0,195,115,43,0,0,177,0,65,0
"Muskogee, OK","34780",2012,333,303,29,1,0,0,0,103,49,27,0,0,0,52,0,281
"Napa, CA","34900",2012,364,271,93,0,0,0,0,84,62,38,0,7,198,0,159,0
"Naples-Immokalee-Marco Island, FL","34940",2012,365,319,46,0,0,0,0,84,54,37,0,0,214,0,151,0
"Nashville-Davidson--Murfreesboro--Franklin, TN","34980",2012,366,194,141,27,4,0,0,187,97,49,0,8,170,0,188,0
"New Castle, IN","35220",2012,119,88,31,0,0,0,0,73,60,35,0,0,0,0,119,0
"New Castle, PA","35260",2012,366,305,51,9,1,0,0,154,71,34,2,0,311,8,0,45
"New Haven-Milford, CT","35300",2012,366,209,131,19,7,0,0,187,80,48,0,3,147,1,215,0
"New Orleans-Metairie, LA","35380",2012,366,133,183,43,7,0,0,174,110,58,0,3,143,81,139,0
"New Philadelphia-Dover, OH","35420",2012,292,288,4,0,0,0,0,81,27,11,0,0,0,292,0,0
"New York-Newark-Jersey City, NY-NJ-PA","35620",2012,366,116,211,33,6,0,0,174,101,58,0,35,139,3,187,2
"Niles-Benton Harbor, MI","35660",2012,244,157,57,26,3,1,0,208,112,44,0,0,176,0,68,0
"Nogales, AZ","35700",2012,337,229,107,1,0,0,0,107,62,41,0,0,0,0,24,313
"North Port-Sarasota-Bradenton, FL","35840",2012,366,254,109,3,0,0,0,119,67,44,0,0,194,0,172,0
"Norwich-New London, CT","35980",2012,339,227,98,10,4,0,0,197,67,43,0,0,144,0,195,0
"Ocala, FL","36100",2012,366,297,69,0,0,0,0,84,56,39,0,0,187,0,179,0
"Odessa, TX","36220",2012,366,307,59,0,0,0,0,79,54,37,0,0,0,0,366,0
"Ogden-Clearfield, UT","36260",2012,366,182,161,22,1,0,0,163,90,51,0,26,225,0,111,4
"Oklahoma City, OK","36420",2012,366,154,173,36,3,0,0,164,101,54,0,19,200,0,145,2
"Olympia-Tumwater, WA","36500",2012,361,301,56,3,1,0,0,153,59,31,0,0,134,0,227,0
"Omaha-Council Bluffs, NE-IA","36540",2012,366,120,223,23,0,0,0,140,95,58,0,0,105,25,101,135
"Orlando-Kissimmee-Sanford, FL","36740",2012,366,300,59,7,0,0,0,140,61,41,0,0,237,0,128,1
"Othello, WA","36830",2012,366,350,16,0,0,0,0,88,38,16,0,0,0,0,366,0
"Ottawa-Peru, IL","36860",2012,360,360,0,0,0,0,0,37,6,1,0,0,0,360,0,0
"Owensboro, KY","36980",2012,366,241,99,22,4,0,0,190,90,44,0,17,200,8,141,0
"Oxford, NC","37080",2012,214,166,43,4,1,0,0,154,71,42,0,0,214,0,0,0
"Oxnard-Thousand Oaks-Ventura, CA","37100",2012,366,156,178,31,1,0,0,154,97,54,0,4,247,0,114,1
"Paducah, KY-IL","37140",2012,366,236,101,24,4,1,0,202,93,44,0,17,218,5,125,1
"Pahrump, NV","37220",2012,366,341,24,1,0,0,0,107,39,19,0,0,0,0,0,366
"Palatka, FL","37260",2012,364,360,4,0,0,0,0,72,27,17,0,0,0,31,0,333
"Palm Bay-Melbourne-Titusville, FL","37340",2012,366,298,65,3,0,0,0,122,58,40,0,0,239,0,127,0
"Panama City, FL","37460",2012,366,302,64,0,0,0,0,100,60,38,0,0,239,0,127,0
"Parkersburg-Vienna, WV","37620",2012,363,276,81,6,0,0,0,147,74,38,0,0,187,110,66,0
"Payson, AZ","37740",2012,366,53,154,134,25,0,0,200,132,92,0,0,81,251,1,33
"Pensacola-Ferry Pass-Brent, FL","37860",2012,366,263,99,4,0,0,0,115,71,43,0,0,208,1,157,0
"Peoria, IL","37900",2012,366,171,151,40,4,0,0,200,105,52,0,0,160,73,133,0
"Philadelphia-Camden-Wilmington, PA-NJ-DE-MD","37980",2012,366,93,230,34,9,0,0,179,105,60,0,5,138,1,221,1
"Phoenix-Mesa-Scottsdale, AZ","38060",2012,366,23,232,92,11,4,4,594,133,84,0,10,133,0,41,182
"Pittsburgh, PA","38300",2012,366,77,222,58,9,0,0,200,118,64,0,2,99,57,207,1
"Pittsfield, MA","38340",2012,348,229,112,7,0,0,0,112,73,44,0,0,130,0,218,0
"Platteville, WI","38420",2012,362,292,70,0,0,0,0,92,57,32,0,0,0,0,362,0
"Pocatello, ID","38540",2012,366,231,126,6,3,0,0,172,78,43,0,0,0,142,177,47
"Ponca City, OK","38620",2012,361,209,133,18,1,0,0,159,87,47,0,0,188,57,116,0
"Ponce, PR","38660",2012,356,328,28,0,0,0,0,72,46,22,86,0,0,0,29,241
"Port Angeles, WA","38820",2012,366,308,58,0,0,0,0,81,56,38,0,0,177,0,189,0
"Port St. Lucie, FL","38940",2012,366,301,64,1,0,0,0,122,57,40,0,0,242,0,124,0
"Portland-South Portland, ME","38860",2012,366,307,54,5,0,0,0,140,57,37,0,33,249,1,80,3
"Portland-Vancouver-Hillsboro, OR-WA","38900",2012,366,272,91,3,0,0,0,117,67,38,0,2,194,0,170,0
"Portsmouth, OH","39020",2012,366,332,34,0,0,0,0,69,49,20,0,0,0,22,114,230
"Prescott, AZ","39140",2012,283,206,68,9,0,0,0,112,74,45,0,0,239,0,43,1
"Price, UT","39220",2012,365,231,126,8,0,0,0,119,84,45,0,8,357,0,0,0
"Prineville, OR","39260",2012,360,282,76,2,0,0,0,105,62,25,0,0,0,0,360,0
"Providence-Warwick, RI-MA","39300",2012,366,223,123,17,3,0,0,179,77,47,0,3,199,22,142,0
"Provo-Orem, UT","39340",2012,366,185,169,11,1,0,0,156,87,50,0,62,221,0,76,7
"Pueblo, CO","39380",2012,133,127,6,0,0,0,0,80,44,24,0,0,0,0,88,45
"Pullman, WA","39420",2012,366,331,31,2,2,0,0,155,49,19,0,0,0,0,366,0
"Quincy, IL-MO","39500",2012,364,322,37,4,1,0,0,151,54,35,0,0,364,0,0,0
"Racine, WI","39540",2012,187,126,34,22,5,0,0,177,122,42,0,0,187,0,0,0
"Raleigh, NC","39580",2012,366,240,117,8,1,0,0,177,67,45,0,0,186,0,180,0
"Rapid City, SD","39660",2012,366,228,135,3,0,0,0,112,69,46,0,2,266,0,25,73
"Reading, PA","39740",2012,366,178,175,13,0,0,0,147,83,52,0,1,164,0,201,0
"Red Bluff, CA","39780",2012,366,209,138,19,0,0,0,150,93,47,0,0,282,0,84,0
"Red Wing, MN","39860",2012,223,191,32,0,0,0,0,90,58,38,0,0,223,0,0,0
"Redding, CA","39820",2012,366,262,98,5,1,0,0,172,77,44,0,0,356,0,10,0
"Reno, NV","39900",2012,366,144,202,12,0,0,8,895,88,56,0,21,244,0,79,22
"Richmond, IN","39980",2012,359,358,1,0,0,0,0,91,11,6,0,0,0,359,0,0
"Richmond, VA","40060",2012,366,257,90,15,4,0,0,179,74,44,0,53,189,3,121,0
"Richmond-Berea, KY","40080",2012,119,96,23,0,0,0,0,67,54,33,0,0,0,0,119,0
"Riverside-San Bernardino-Ontario, CA","40140",2012,366,16,168,110,63,9,0,233,172,100,0,4,193,0,134,35
"Riverton, WY","40180",2012,366,219,142,5,0,0,0,117,74,47,0,2,338,0,18,8
"Roanoke, VA","40220",2012,366,261,102,3,0,0,0,122,65,43,0,13,163,0,190,0
"Rochester, MN","40340",2012,359,254,102,3,0,0,0,112,67,41,0,0,180,0,179,0
"Rochester, NY","40380",2012,366,293,61,11,1,0,0,151,64,38,0,0,244,0,122,0
"Rock Springs, WY","40540",2012,366,213,145,7,0,1,0,284,77,47,0,2,296,9,12,47
"Rockford, IL","40420",2012,366,313,47,6,0,0,0,115,61,33,2,0,364,0,0,0
"Rockland, ME","40500",2012,177,165,12,0,0,0,0,97,48,34,0,0,177,0,0,0
"Rocky Mount, NC","40580",2012,359,288,67,3,1,0,0,161,58,39,0,0,141,0,218,0
"Rome, GA","40660",2012,366,48,315,3,0,0,0,139,82,64,0,0,0,9,357,0
"Roseburg, OR","40700",2012,362,341,21,0,0,0,0,69,43,19,0,0,0,0,362,0
"Roswell, NM","40740",2012,110,108,2,0,0,0,0,56,42,25,0,0,0,0,110,0
"Ruidoso, NM","40760",2012,114,111,3,0,0,0,0,84,31,15,0,0,0,0,114,0
"Russellville, AR","40780",2012,57,49,8,0,0,0,0,66,56,34,0,0,0,0,57,0
"Rutland, VT","40860",2012,366,258,104,4,0,0,0,108,66,38,2,26,0,1,337,0
"Sacramento--Roseville--Arden-Arcade, CA","40900",2012,366,128,159,66,12,1,0,201,126,63,0,4,252,0,109,1
"Salem, OH","41400",2012,365,364,1,0,0,0,0,67,21,6,0,0,0,309,0,56
"Salem, OR","41420",2012,364,310,54,0,0,0,0,93,55,29,0,0,132,0,232,0
"Salinas, CA","41500",2012,365,331,34,0,0,0,0,84,50,37,0,5,246,0,91,23
"Salisbury, MD-DE","41540",2012,366,282,66,14,4,0,0,200,74,40,0,2,336,0,28,0
"Salt Lake City, UT","41620",2012,366,177,172,16,1,0,0,169,90,51,0,47,211,0,92,16
"San Antonio-New Braunfels, TX","41700",2012,366,222,128,12,4,0,0,161,80,47,0,1,215,0,150,0
"San Diego-Carlsbad, CA","41740",2012,366,71,259,35,1,0,0,165,100,64,0,17,147,0,171,31
"San Francisco-Oakland-Hayward, CA","41860",2012,366,221,138,6,1,0,0,161,74,46,0,33,175,1,157,0
"San Jose-Sunnyvale-Santa Clara, CA","41940",2012,366,217,137,12,0,0,0,133,77,47,0,6,227,0,132,1
"San Juan-Carolina-Caguas, PR","41980",2012,366,285,81,0,0,0,0,83,57,38,7,156,47,9,24,123
"San Luis Obispo-Paso Robles-Arroyo Grande, CA","42020",2012,366,166,163,35,2,0,0,154,101,53,0,0,245,0,93,28
"Sandpoint, ID","41760",2012,356,356,0,0,0,0,0,36,19,8,0,0,0,0,0,356
"Santa Cruz-Watsonville, CA","42100",2012,365,357,7,1,0,0,0,101,44,34,0,0,293,0,72,0
"Santa Fe, NM","42140",2012,366,251,114,1,0,0,0,108,71,45,0,0,358,0,8,0
"Santa Maria-Santa Barbara, CA","42200",2012,366,225,138,3,0,0,0,136,67,47,0,0,274,4,88,0
"Santa Rosa, CA","42220",2012,366,306,60,0,0,0,0,80,56,37,0,7,205,0,154,0
"Sault Ste. Marie, MI","42300",2012,270,218,43,9,0,0,0,147,61,35,0,0,154,0,116,0
"Savannah, GA","42340",2012,366,232,126,8,0,0,0,124,68,44,0,0,89,76,201,0
"Scottsbluff, NE","42420",2012,237,149,86,1,1,0,0,161,71,47,0,0,178,0,59,0
"Scranton--Wilkes-Barre--Hazleton, PA","42540",2012,366,261,101,4,0,0,0,136,65,41,0,10,229,0,127,0
"Seattle-Tacoma-Bellevue, WA","42660",2012,366,234,120,11,1,0,0,156,72,44,0,0,158,0,208,0
"Sebastian-Vero Beach, FL","42680",2012,358,324,33,1,0,0,0,105,50,37,0,0,358,0,0,0
"Sebring, FL","42700",2012,352,337,15,0,0,0,0,84,47,34,0,0,352,0,0,0
"Seneca, SC","42860",2012,284,255,29,0,0,0,0,97,51,33,0,0,176,108,0,0
"Sevierville, TN","42940",2012,366,239,122,3,2,0,0,154,80,46,0,0,365,1,0,0
"Seymour, IN","42980",2012,148,124,23,1,0,0,0,119,61,42,0,0,148,0,0,0
"Sheboygan, WI","43100",2012,195,131,28,28,8,0,0,192,126,42,0,0,195,0,0,0
"Shelton, WA","43220",2012,366,320,45,1,0,0,0,116,53,25,0,0,0,0,366,0
"Sheridan, WY","43260",2012,358,330,28,0,0,0,0,78,46,21,0,0,0,0,109,249
"Show Low, AZ","43320",2012,366,245,114,7,0,0,0,126,80,45,0,0,351,0,0,15
"Shreveport-Bossier City, LA","43340",2012,366,229,132,4,1,0,0,176,71,45,0,0,227,0,137,2
"Sierra Vista-Douglas, AZ","43420",2012,360,208,143,9,0,0,0,120,84,48,0,0,320,0,25,15
"Silver City, NM","43500",2012,366,322,44,0,0,0,0,84,51,41,0,0,366,0,0,0
"Sioux City, IA-NE-SD","43580",2012,366,210,153,3,0,0,0,111,71,47,0,16,168,2,162,18
"Sioux Falls, SD","43620",2012,366,243,115,7,1,0,0,170,80,44,0,17,260,0,84,5
"Somerset, KY","43700",2012,277,214,58,5,0,0,0,133,71,42,0,0,221,0,56,0
"Somerset, PA","43740",2012,318,273,43,2,0,0,0,140,58,36,0,0,318,0,0,0
"Sonora, CA","43760",2012,364,246,105,13,0,0,0,136,87,42,0,0,364,0,0,0
"South Bend-Mishawaka, IN-MI","43780",2012,366,170,169,24,1,2,0,213,93,52,0,12,119,0,235,0
"Spartanburg, SC","43900",2012,359,244,115,0,0,0,0,93,63,45,0,0,116,0,243,0
"Spokane-Spokane Valley, WA","44060",2012,366,227,137,2,0,0,0,112,69,45,1,0,123,0,222,20
"Springfield, IL","44100",2012,366,286,67,13,0,0,0,136,77,37,1,0,364,1,0,0
"Springfield, MA","44140",2012,366,233,118,15,0,0,0,147,74,44,0,8,185,0,173,0
"Springfield, MO","44180",2012,366,190,156,20,0,0,0,150,87,50,0,0,161,43,162,0
"Springfield, OH","44220",2012,366,194,150,21,1,0,0,172,87,50,0,0,152,3,211,0
"St. Cloud, MN","41060",2012,366,292,73,1,0,0,0,105,57,38,0,0,161,0,205,0
"St. George, UT","41100",2012,366,241,113,12,0,0,0,133,80,45,0,0,360,0,6,0
"St. Joseph, MO-KS","41140",2012,363,192,154,16,1,0,0,151,79,49,0,0,160,0,189,14
"St. Louis, MO-IL","41180",2012,366,65,191,81,27,2,0,257,140,70,0,3,101,76,150,36
"St. Marys, PA","41260",2012,362,303,54,4,1,0,0,156,58,37,0,0,362,0,0,0
"State College, PA","44300",2012,366,204,153,8,1,0,0,154,74,48,0,0,182,0,184,0
"Steamboat Springs, CO","44460",2012,353,346,7,0,0,0,0,85,32,15,0,0,0,0,0,353
"Stockton-Lodi, CA","44700",2012,366,142,182,38,4,0,0,182,101,56,0,3,195,0,164,4
"Summerville, GA","44900",2012,265,217,46,2,0,0,0,108,61,39,0,0,245,0,0,20
"Syracuse, NY","45060",2012,366,318,40,8,0,0,0,133,56,36,0,0,337,0,29,0
"Tahlequah, OK","45140",2012,283,188,79,16,0,0,0,140,87,44,0,0,283,0,0,0
"Talladega-Sylacauga, AL","45180",2012,116,82,34,0,0,0,0,77,59,42,0,0,0,0,116,0
"Tallahassee, FL","45220",2012,366,268,94,4,0,0,0,147,63,41,0,0,182,0,184,0
"Tampa-St. Petersburg-Clearwater, FL","45300",2012,366,234,114,18,0,0,0,147,79,46,0,0,177,21,168,0
"Taos, NM","45340",2012,366,365,1,0,0,0,0,54,30,17,0,0,0,0,340,26
"Terre Haute, IN","45460",2012,366,167,174,25,0,0,0,136,90,52,0,0,97,59,209,1
"Texarkana, TX-AR","45500",2012,59,37,22,0,0,0,0,77,60,45,0,0,0,0,59,0
"The Dalles, OR","45520",2012,365,337,28,0,0,0,0,73,48,20,0,0,0,0,365,0
"Toledo, OH","45780",2012,366,207,133,23,3,0,0,174,84,47,0,0,146,0,203,17
"Topeka, KS","45820",2012,366,256,89,21,0,0,0,150,90,41,0,0,318,0,37,11
"Torrington, CT","45860",2012,363,293,64,6,0,0,0,129,64,40,0,1,273,0,89,0
"Traverse City, MI","45900",2012,182,132,28,22,0,0,0,147,105,43,0,0,182,0,0,0
"Trenton, NJ","45940",2012,366,249,97,20,0,0,0,143,77,43,0,0,244,0,122,0
"Truckee-Grass Valley, CA","46020",2012,366,233,105,26,2,0,0,164,97,42,0,0,353,0,13,0
"Tucson, AZ","46060",2012,366,183,174,9,0,0,0,143,84,51,0,14,241,0,14,97
"Tulsa, OK","46140",2012,366,135,183,42,5,1,0,201,108,56,0,2,186,41,130,7
"Tupelo, MS","46180",2012,335,231,103,1,0,0,0,140,64,44,0,0,130,0,205,0
"Tuscaloosa, AL","46220",2012,283,255,28,0,0,0,0,93,50,36,0,0,191,0,92,0
"Twin Falls, ID","46300",2012,355,318,34,2,1,0,0,155,51,21,0,0,0,0,355,0
"Tyler, TX","46340",2012,365,286,72,7,0,0,0,147,71,40,0,2,363,0,0,0
"Ukiah, CA","46380",2012,357,314,43,0,0,0,0,77,52,33,0,0,203,0,145,9
"Urban Honolulu, HI","46520",2012,366,335,31,0,0,0,0,75,48,33,0,0,129,2,230,5
"Utica-Rome, NY","46540",2012,366,290,74,2,0,0,0,108,58,40,0,0,250,0,116,0
"Valdosta, GA","46660",2012,345,167,176,2,0,0,0,132,63,51,0,0,0,0,345,0
"Vallejo-Fairfield, CA","46700",2012,366,264,97,5,0,0,0,140,65,41,0,8,231,0,127,0
"Vernal, UT","46860",2012,366,174,176,15,1,0,0,163,90,51,0,10,327,0,25,4
"Victoria, TX","47020",2012,348,319,29,0,0,0,0,100,49,31,0,0,348,0,0,0
"Vincennes, IN","47180",2012,351,263,63,25,0,0,0,136,87,39,0,0,351,0,0,0
"Vineland-Bridgeton, NJ","47220",2012,338,257,65,13,3,0,0,164,74,41,0,0,270,0,68,0
"Vineyard Haven, MA","47240",2012,252,214,26,10,2,0,0,187,64,37,0,0,207,0,45,0
"Virginia Beach-Norfolk-Newport News, VA-NC","47260",2012,366,269,90,6,1,0,0,190,69,42,0,13,176,21,156,0
"Visalia-Porterville, CA","47300",2012,366,91,137,98,40,0,0,195,151,80,0,0,243,0,122,1
"Wabash, IN","47340",2012,355,266,65,23,1,0,0,169,80,37,0,0,355,0,0,0
"Waco, TX","47380",2012,365,287,74,3,1,0,0,154,67,39,0,11,274,1,79,0
"Walla Walla, WA","47460",2012,364,326,38,0,0,0,0,92,51,21,0,0,0,0,364,0
"Walterboro, SC","47500",2012,325,268,57,0,0,0,0,72,54,39,0,0,155,0,170,0
"Warner Robins, GA","47580",2012,330,217,112,1,0,0,0,142,60,43,0,0,0,0,330,0
"Warren, PA","47620",2012,315,266,43,6,0,0,0,128,67,10,0,0,0,315,0,0
"Washington Court House, OH","47920",2012,350,265,75,9,1,0,0,200,77,38,0,0,350,0,0,0
"Washington, IN","47780",2012,347,325,15,7,0,0,0,133,36,6,0,0,0,347,0,0
"Washington, NC","47820",2012,352,352,0,0,0,0,0,40,16,3,0,0,0,352,0,0
"Washington-Arlington-Alexandria, DC-VA-MD-WV","47900",2012,366,101,229,27,7,2,0,206,100,58,0,18,156,0,192,0
"Waterloo-Cedar Falls, IA","47940",2012,366,213,151,2,0,0,0,105,73,47,0,0,152,0,214,0
"Watertown, SD","47980",2012,357,240,117,0,0,0,0,91,61,42,0,0,0,0,309,48
"Watertown-Fort Atkinson, WI","48020",2012,193,130,51,11,1,0,0,166,84,44,0,0,193,0,0,0
"Watertown-Fort Drum, NY","48060",2012,362,329,23,10,0,0,0,140,49,32,0,0,362,0,0,0
"Wausau, WI","48140",2012,221,188,31,2,0,0,0,101,61,41,0,0,221,0,0,0
"Weirton-Steubenville, WV-OH","48260",2012,366,141,191,33,1,0,0,167,95,56,0,0,115,58,192,1
"Wenatchee, WA","48300",2012,366,260,81,10,13,1,1,347,76,31,0,0,0,0,366,0
"Wheeling, WV-OH","48540",2012,366,141,213,11,1,0,0,154,85,55,0,0,126,38,202,0
"Whitewater-Elkhorn, WI","48580",2012,191,127,49,14,1,0,0,174,90,44,0,0,191,0,0,0
"Wichita Falls, TX","48660",2012,335,317,18,0,0,0,0,72,46,28,0,0,0,0,335,0
"Wichita, KS","48620",2012,366,216,116,30,4,0,0,156,100,46,2,41,260,0,39,24
"Williamsport, PA","48700",2012,348,302,42,4,0,0,0,108,58,33,0,0,343,0,0,5
"Williston, ND","48780",2012,366,292,61,9,4,0,0,200,74,11,0,0,0,366,0,0
"Wilmington, NC","48900",2012,366,311,53,2,0,0,0,122,55,36,0,0,166,32,168,0
"Wilmington, OH","48940",2012,214,123,77,10,4,0,0,187,97,49,0,0,214,0,0,0
"Winchester, VA-WV","49020",2012,361,254,104,3,0,0,0,119,67,43,0,0,165,0,196,0
"Winona, MN","49100",2012,120,109,11,0,0,0,0,85,50,20,0,0,0,0,120,0
"Winston-Salem, NC","49180",2012,366,191,163,10,2,0,0,174,77,49,0,2,153,0,211,0
"Worcester, MA-CT","49340",2012,366,270,86,9,1,0,0,166,66,41,0,18,232,0,115,1
"Yakima, WA","49420",2012,366,243,115,3,5,0,0,170,73,36,0,0,0,0,366,0
"York-Hanover, PA","49620",2012,366,181,171,13,1,0,0,166,80,52,0,6,174,2,184,0
"Youngstown-Warren-Boardman, OH-PA","49660",2012,366,144,197,20,5,0,0,187,90,55,0,0,147,10,208,1
"Yuba City, CA","49700",2012,366,203,146,17,0,0,0,150,84,48,0,10,232,0,123,1
"Yuma, AZ","49740",2012,366,233,107,24,2,0,0,166,90,46,0,0,190,0,9,167
