"CBSA","CBSA Code","Year","Days with AQI","Good Days","Moderate Days","Unhealthy for Sensitive Groups Days","Unhealthy Days","Very Unhealthy Days","Hazardous Days","Max AQI","90th Percentile AQI","Median AQI","Days CO","Days NO2","Days Ozone","Days SO2","Days PM2.5","Days PM10"
"Aberdeen, SD","10100",2015,121,114,7,0,0,0,0,94,45,24,0,0,0,0,115,6
"Aberdeen, WA","10140",2015,343,330,13,0,0,0,0,64,38,22,0,0,0,0,343,0
"Adjuntas, PR","10260",2015,91,85,6,0,0,0,0,59,41,20,0,0,0,0,91,0
"Adrian, MI","10300",2015,348,276,72,0,0,0,0,91,62,42,0,0,138,0,210,0
"Akron, OH","10420",2015,365,177,187,1,0,0,0,135,75,52,1,0,53,2,309,0
"Albany, GA","10500",2015,365,230,134,1,0,0,0,115,65,42,0,0,0,0,365,0
"Albany, OR","10540",2015,365,307,53,2,3,0,0,179,56,23,0,0,0,0,365,0
"Albany-Schenectady-Troy, NY","10580",2015,365,295,68,2,0,0,0,107,56,38,0,0,257,0,108,0
"Albuquerque, NM","10740",2015,365,201,160,4,0,0,0,108,74,49,0,3,262,0,52,48
"Alexandria, LA","10780",2015,118,106,12,0,0,0,0,65,51,27,0,0,0,0,118,0
"Allentown-Bethlehem-Easton, PA-NJ","10900",2015,365,184,175,6,0,0,0,119,79,50,0,16,139,0,210,0
"Altoona, PA","11020",2015,365,236,127,2,0,0,0,108,67,44,0,0,149,3,213,0
"Amarillo, TX","11100",2015,365,303,61,1,0,0,0,128,58,42,0,0,333,1,31,0
"Americus, GA","11140",2015,245,236,8,1,0,0,0,129,48,34,0,0,245,0,0,0
"Ames, IA","11180",2015,213,202,11,0,0,0,0,77,48,36,0,0,213,0,0,0
"Anchorage, AK","11260",2015,365,264,90,10,1,0,0,154,76,35,1,0,130,0,170,64
"Ann Arbor, MI","11460",2015,365,272,93,0,0,0,0,99,63,42,0,0,197,0,168,0
"Appleton, WI","11540",2015,362,297,65,0,0,0,0,98,60,38,0,0,161,0,201,0
"Ardmore, OK","11620",2015,283,253,29,0,1,0,0,152,51,25,0,0,0,0,283,0
"Arkadelphia, AR","11660",2015,320,305,15,0,0,0,0,87,45,33,0,0,320,0,0,0
"Asheville, NC","11700",2015,363,282,80,1,0,0,0,101,64,42,0,0,185,0,178,0
"Ashtabula, OH","11780",2015,365,319,43,3,0,0,0,143,54,31,0,0,208,157,0,0
"Athens, OH","11900",2015,57,50,7,0,0,0,0,67,54,28,0,0,0,0,57,0
"Athens, TN","11940",2015,110,92,18,0,0,0,0,63,54,32,0,0,0,0,110,0
"Athens-Clarke County, GA","12020",2015,358,302,56,0,0,0,0,97,54,38,0,0,148,0,210,0
"Atlanta-Sandy Springs-Roswell, GA","12060",2015,365,140,209,14,2,0,0,172,89,55,0,4,127,0,234,0
"Atlantic City-Hammonton, NJ","12100",2015,365,318,45,2,0,0,0,122,57,37,0,0,322,5,38,0
"Augusta-Richmond County, GA-SC","12260",2015,365,260,103,2,0,0,0,114,63,43,0,0,212,30,123,0
"Augusta-Waterville, ME","12300",2015,288,274,14,0,0,0,0,93,46,32,0,0,208,51,20,9
"Austin-Round Rock, TX","12420",2015,365,239,116,10,0,0,0,150,74,44,0,28,197,0,140,0
"Bakersfield, CA","12540",2015,365,44,199,93,28,1,0,201,146,84,0,1,231,0,129,4
"Baltimore-Columbia-Towson, MD","12580",2015,365,177,173,14,1,0,0,156,87,51,0,27,171,1,166,0
"Bangor, ME","12620",2015,364,304,60,0,0,0,0,100,54,37,0,0,199,0,165,0
"Baraboo, WI","12660",2015,364,311,53,0,0,0,0,96,55,36,0,0,176,0,183,5
"Barnstable Town, MA","12700",2015,317,294,19,4,0,0,0,122,48,34,0,0,286,0,31,0
"Baton Rouge, LA","12940",2015,365,162,186,15,2,0,0,156,80,52,0,1,140,1,223,0
"Bay City, MI","13020",2015,361,304,57,0,0,0,0,80,56,33,0,0,0,0,361,0
"Beaumont-Port Arthur, TX","13140",2015,365,238,116,10,1,0,0,164,74,44,0,0,191,30,144,0
"Beaver Dam, WI","13180",2015,365,297,67,1,0,0,0,101,58,38,0,0,275,0,89,1
"Beckley, WV","13220",2015,25,25,0,0,0,0,0,42,40,24,0,0,0,0,25,0
"Bellingham, WA","13380",2015,331,310,21,0,0,0,0,89,44,30,0,0,130,0,201,0
"Bemidji, MN","13420",2015,362,348,12,2,0,0,0,131,38,17,0,0,0,0,362,0
"Bend-Redmond, OR","13460",2015,365,312,47,5,1,0,0,160,58,33,0,0,130,0,235,0
"Bennington, VT","13540",2015,365,318,47,0,0,0,0,97,52,37,0,0,278,0,87,0
"Berlin, NH-VT","13620",2015,354,287,60,7,0,0,0,140,58,45,0,0,347,0,7,0
"Billings, MT","13740",2015,365,329,34,1,1,0,0,158,49,28,0,0,0,85,280,0
"Birmingham-Hoover, AL","13820",2015,365,200,159,6,0,0,0,147,71,48,0,11,110,5,236,3
"Bishop, CA","13860",2015,365,203,141,12,6,0,3,1383,90,48,0,0,286,0,29,50
"Bismarck, ND","13900",2015,365,313,45,6,1,0,0,155,60,37,0,7,284,0,72,2
"Blacksburg-Christiansburg-Radford, VA","13980",2015,357,324,33,0,0,0,0,93,50,39,0,0,357,0,0,0
"Bloomington, IL","14010",2015,363,324,39,0,0,0,0,90,51,37,0,0,325,0,38,0
"Bloomington, IN","14020",2015,352,275,75,2,0,0,0,115,59,39,0,0,140,0,212,0
"Boise City, ID","14260",2015,365,268,80,13,4,0,0,166,68,43,0,27,183,0,128,27
"Boone, NC","14380",2015,226,208,18,0,0,0,0,83,46,23,0,0,0,0,226,0
"Boston-Cambridge-Newton, MA-NH","14460",2015,365,212,149,3,1,0,0,156,66,47,0,15,127,0,223,0
"Boulder, CO","14500",2015,365,265,93,7,0,0,0,129,69,44,0,0,335,0,28,2
"Bowling Green, KY","14540",2015,364,311,53,0,0,0,0,90,54,38,0,0,260,1,103,0
"Bozeman, MT","14580",2015,365,319,42,3,1,0,0,174,54,22,10,22,0,0,333,0
"Brainerd, MN","14660",2015,365,331,32,2,0,0,0,137,50,33,0,0,196,0,169,0
"Branson, MO","14700",2015,263,251,12,0,0,0,0,77,46,34,0,0,196,0,67,0
"Bremerton-Silverdale, WA","14740",2015,358,349,9,0,0,0,0,82,33,18,0,0,0,0,358,0
"Bridgeport-Stamford-Norwalk, CT","14860",2015,365,214,121,24,6,0,0,177,93,46,2,0,145,0,218,0
"Brookings, SD","15100",2015,360,315,43,2,0,0,0,129,56,36,0,0,269,0,75,16
"Brownsville-Harlingen, TX","15180",2015,365,252,111,2,0,0,0,108,67,42,0,0,143,0,222,0
"Brunswick, GA","15260",2015,354,326,28,0,0,0,0,63,47,34,0,0,179,0,175,0
"Buffalo-Cheektowaga-Niagara Falls, NY","15380",2015,365,238,123,4,0,0,0,119,65,45,0,27,160,0,178,0
"Burlington, NC","15500",2015,153,139,14,0,0,0,0,63,50,32,0,0,0,0,153,0
"Burlington-South Burlington, VT","15540",2015,365,318,47,0,0,0,0,100,54,36,0,4,284,0,77,0
"Butte-Silver Bow, MT","15580",2015,365,288,67,4,6,0,0,168,65,30,0,0,0,0,317,48
"Cadillac, MI","15620",2015,363,314,47,2,0,0,0,112,55,38,0,0,289,0,74,0
"Cambridge, MD","15700",2015,365,274,90,1,0,0,0,105,63,42,0,0,266,0,99,0
"Canton-Massillon, OH","15940",2015,365,271,87,7,0,0,0,108,67,40,3,0,140,0,222,0
"Cape Coral-Fort Myers, FL","15980",2015,365,331,34,0,0,0,0,90,50,36,0,0,227,0,137,1
"Carlsbad-Artesia, NM","16100",2015,356,262,94,0,0,0,0,97,67,43,0,3,353,0,0,0
"Carson City, NV","16180",2015,365,285,79,1,0,0,0,144,71,43,0,0,245,0,120,0
"Casper, WY","16220",2015,365,329,36,0,0,0,0,95,50,41,0,14,342,0,9,0
"Ca¤on City, CO","15860",2015,57,57,0,0,0,0,0,37,22,11,0,0,0,0,0,57
"Cedar Rapids, IA","16300",2015,365,265,99,1,0,0,0,112,64,42,0,0,124,18,220,3
"Centralia, WA","16500",2015,361,338,22,0,1,0,0,153,42,23,0,0,0,0,361,0
"Chambersburg-Waynesboro, PA","16540",2015,359,340,19,0,0,0,0,77,47,34,0,0,359,0,0,0
"Champaign-Urbana, IL","16580",2015,365,278,87,0,0,0,0,90,59,42,0,0,215,0,150,0
"Charleston, WV","16620",2015,359,299,58,1,1,0,0,162,59,34,0,0,166,21,85,87
"Charleston-North Charleston, SC","16700",2015,365,323,41,1,0,0,0,114,53,36,0,5,176,0,183,1
"Charlotte-Concord-Gastonia, NC-SC","16740",2015,365,192,162,11,0,0,0,129,77,49,0,3,209,0,153,0
"Charlottesville, VA","16820",2015,365,322,43,0,0,0,0,75,51,36,0,0,171,0,194,0
"Chattanooga, TN-GA","16860",2015,363,248,112,3,0,0,0,133,62,44,0,0,150,0,213,0
"Cheyenne, WY","16940",2015,365,308,56,0,1,0,0,152,61,42,1,3,327,1,29,4
"Chicago-Naperville-Elgin, IL-IN-WI","16980",2015,365,116,235,11,3,0,0,183,84,57,0,24,79,7,233,22
"Chico, CA","17020",2015,365,170,182,12,1,0,0,152,84,52,0,0,237,0,127,1
"Cincinnati, OH-KY-IN","17140",2015,365,156,196,12,1,0,0,151,84,52,0,36,126,17,181,5
"Claremont-Lebanon, NH-VT","17200",2015,365,320,45,0,0,0,0,90,52,35,0,0,246,0,119,0
"Clarksburg, WV","17220",2015,116,92,24,0,0,0,0,84,55,35,0,0,0,0,116,0
"Clarksville, TN-KY","17300",2015,365,269,96,0,0,0,0,87,59,43,0,0,202,11,152,0
"Clearlake, CA","17340",2015,363,351,11,1,0,0,0,148,47,36,0,0,361,0,2,0
"Cleveland, MS","17380",2015,245,226,19,0,0,0,0,90,49,38,0,0,245,0,0,0
"Cleveland-Elyria, OH","17460",2015,365,140,205,19,1,0,0,156,90,55,1,10,93,57,179,25
"Clinton, IA","17540",2015,365,187,177,1,0,0,0,146,70,49,0,0,74,4,287,0
"Coco, PR","17640",2015,339,335,2,1,1,0,0,156,17,1,0,0,0,339,0,0
"Coeur d'Alene, ID","17660",2015,324,268,50,3,3,0,0,166,66,30,0,0,0,0,324,0
"Colorado Springs, CO","17820",2015,365,272,91,2,0,0,0,105,64,44,1,0,330,28,6,0
"Columbia, MO","17860",2015,214,197,17,0,0,0,0,90,49,38,0,0,214,0,0,0
"Columbia, SC","17900",2015,365,274,91,0,0,0,0,91,57,43,0,0,185,1,179,0
"Columbus, GA-AL","17980",2015,363,215,146,2,0,0,0,141,66,46,0,0,66,0,297,0
"Columbus, IN","18020",2015,365,243,120,2,0,0,0,115,65,43,0,4,111,0,250,0
"Columbus, OH","18140",2015,365,231,129,5,0,0,0,112,67,44,0,37,143,0,184,1
"Concord, NH","18180",2015,365,357,7,1,0,0,0,105,45,33,0,0,361,4,0,0
"Cookeville, TN","18260",2015,118,102,16,0,0,0,0,60,53,28,0,0,0,0,118,0
"Corning, NY","18500",2015,356,323,33,0,0,0,0,80,50,34,1,0,258,0,97,0
"Corpus Christi, TX","18580",2015,365,263,100,2,0,0,0,112,64,41,0,0,185,1,179,0
"Corsicana, TX","18620",2015,364,283,79,2,0,0,0,105,62,39,0,0,230,7,127,0
"Corvallis, OR","18700",2015,365,334,29,1,1,0,0,153,45,16,0,0,0,0,365,0
"Craig, CO","18780",2015,141,137,4,0,0,0,0,77,46,36,0,0,141,0,0,0
"Crawfordsville, IN","18820",2015,118,62,56,0,0,0,0,81,64,47,0,0,0,0,118,0
"Crescent City, CA","18860",2015,114,106,8,0,0,0,0,69,39,15,0,0,0,0,114,0
"Crestview-Fort Walton Beach-Destin, FL","18880",2015,365,354,11,0,0,0,0,74,44,33,0,0,350,0,0,15
"Cullowhee, NC","19000",2015,257,199,58,0,0,0,0,100,61,43,0,0,207,0,50,0
"Dallas-Fort Worth-Arlington, TX","19100",2015,365,187,134,39,5,0,0,172,105,50,0,15,225,0,125,0
"Dalton, GA","19140",2015,280,256,23,0,0,1,0,233,50,37,0,0,225,0,55,0
"Daphne-Fairhope-Foley, AL","19300",2015,264,230,33,1,0,0,0,129,53,38,0,0,189,0,75,0
"Davenport-Moline-Rock Island, IA-IL","19340",2015,365,110,252,2,1,0,0,152,77,56,0,0,57,0,211,97
"Dayton, OH","19380",2015,365,231,125,9,0,0,0,119,71,45,0,0,190,2,173,0
"Decatur, AL","19460",2015,365,302,63,0,0,0,0,92,56,38,0,0,164,0,201,0
"Decatur, IL","19500",2015,365,269,96,0,0,0,0,100,61,41,0,0,206,22,137,0
"Deltona-Daytona Beach-Ormond Beach, FL","19660",2015,365,325,40,0,0,0,0,81,51,37,0,0,285,0,80,0
"Deming, NM","19700",2015,355,351,4,0,0,0,0,75,27,16,0,53,0,0,0,302
"Denver-Aurora-Lakewood, CO","19740",2015,365,84,255,24,2,0,0,169,94,63,0,82,219,0,60,4
"Des Moines-West Des Moines, IA","19780",2015,365,295,70,0,0,0,0,98,57,37,0,17,146,0,198,4
"Detroit-Warren-Dearborn, MI","19820",2015,365,147,198,19,1,0,0,165,86,55,0,7,91,47,193,27
"Dickinson, ND","19860",2015,365,322,39,3,1,0,0,153,52,35,0,0,320,0,45,0
"Dodge City, KS","19980",2015,330,324,6,0,0,0,0,64,31,13,0,0,0,0,0,330
"Dothan, AL","20020",2015,283,259,24,0,0,0,0,74,49,33,0,0,211,0,72,0
"Douglas, GA","20060",2015,60,56,4,0,0,0,0,60,47,28,0,0,0,0,60,0
"Dover, DE","20100",2015,365,284,81,0,0,0,0,100,61,41,0,0,260,0,105,0
"DuBois, PA","20180",2015,336,292,44,0,0,0,0,100,54,38,0,0,336,0,0,0
"Duluth, MN-WI","20260",2015,365,325,38,2,0,0,0,104,51,36,0,0,240,0,118,7
"Durango, CO","20420",2015,365,271,92,2,0,0,0,108,64,43,0,2,363,0,0,0
"Durham-Chapel Hill, NC","20500",2015,365,256,109,0,0,0,0,87,62,42,0,0,160,5,199,1
"Dyersburg, TN","20540",2015,111,99,12,0,0,0,0,66,51,31,0,0,0,0,111,0
"Eagle Pass, TX","20580",2015,333,277,56,0,0,0,0,81,56,33,0,0,0,0,333,0
"East Stroudsburg, PA","20700",2015,364,281,82,1,0,0,0,112,60,39,0,0,263,0,101,0
"Eau Claire, WI","20740",2015,358,325,32,1,0,0,0,125,50,33,0,0,200,0,158,0
"Effingham, IL","20820",2015,203,184,19,0,0,0,0,84,50,40,0,0,203,0,0,0
"El Centro, CA","20940",2015,365,87,236,39,3,0,0,175,105,63,0,5,147,0,127,86
"El Dorado, AR","20980",2015,365,340,25,0,0,0,0,85,45,4,0,0,0,248,117,0
"El Paso, TX","21340",2015,365,195,163,7,0,0,0,136,80,50,0,22,230,0,111,2
"Elizabethtown-Fort Knox, KY","21060",2015,365,251,113,1,0,0,0,105,62,44,0,0,133,0,232,0
"Elkhart-Goshen, IN","21140",2015,357,239,115,3,0,0,0,124,69,42,0,0,96,0,261,0
"Elko, NV","21220",2015,359,314,45,0,0,0,0,97,54,29,0,0,112,0,13,234
"Ellensburg, WA","21260",2015,363,296,63,2,2,0,0,157,60,21,0,0,0,0,363,0
"Emporia, KS","21380",2015,119,113,6,0,0,0,0,84,47,20,0,0,0,0,119,0
"Erie, PA","21500",2015,365,281,82,2,0,0,0,115,63,40,0,10,227,0,128,0
"Espa¤ola, NM","21580",2015,361,300,61,0,0,0,0,90,58,42,0,0,360,0,1,0
"Eugene, OR","21660",2015,365,249,101,13,2,0,0,186,79,40,0,0,134,0,230,1
"Eureka-Arcata-Fortuna, CA","21700",2015,365,310,55,0,0,0,0,90,54,36,0,0,183,0,176,6
"Evanston, WY","21740",2015,365,316,47,2,0,0,0,101,54,41,0,0,354,0,0,11
"Evansville, IN-KY","21780",2015,365,158,198,9,0,0,0,133,74,53,0,2,93,60,210,0
"Fairbanks, AK","21820",2015,365,169,133,20,40,3,0,238,153,54,0,3,84,2,268,8
"Fairmont, WV","21900",2015,119,87,32,0,0,0,0,89,57,37,0,0,0,0,119,0
"Fallon, NV","21980",2015,261,209,50,2,0,0,0,133,61,44,0,0,261,0,0,0
"Fargo, ND-MN","22020",2015,365,305,57,3,0,0,0,140,54,38,0,4,147,0,181,33
"Farmington, NM","22140",2015,365,264,99,2,0,0,0,115,67,44,0,23,338,0,4,0
"Fayetteville, NC","22180",2015,311,256,55,0,0,0,0,93,56,40,0,0,181,6,124,0
"Fayetteville-Springdale-Rogers, AR-MO","22220",2015,365,328,37,0,0,0,0,90,51,37,0,0,325,0,40,0
"Fernley, NV","22280",2015,275,207,64,4,0,0,0,108,71,45,0,0,275,0,0,0
"Flagstaff, AZ","22380",2015,365,260,101,4,0,0,0,108,71,44,0,0,359,0,6,0
"Flint, MI","22420",2015,357,264,90,3,0,0,0,131,62,40,0,0,133,0,224,0
"Florence, SC","22500",2015,305,260,45,0,0,0,0,84,54,41,0,0,191,0,114,0
"Florence-Muscle Shoals, AL","22520",2015,280,251,29,0,0,0,0,73,51,36,0,0,195,0,85,0
"Fond du Lac, WI","22540",2015,194,165,29,0,0,0,0,97,58,40,0,0,194,0,0,0
"Fort Collins, CO","22660",2015,365,198,150,16,1,0,0,161,80,49,0,0,322,0,43,0
"Fort Madison-Keokuk, IA-IL-MO","22800",2015,118,98,20,0,0,0,0,82,53,33,0,0,0,0,118,0
"Fort Payne, AL","22840",2015,363,319,43,1,0,0,0,101,52,37,0,0,307,0,56,0
"Fort Smith, AR-OK","22900",2015,365,325,40,0,0,0,0,93,51,35,0,50,230,0,57,28
"Fort Wayne, IN","23060",2015,365,220,143,1,1,0,0,169,66,45,0,4,87,0,274,0
"Fresno, CA","23420",2015,365,60,203,78,23,1,0,205,136,80,0,0,227,0,133,5
"Gadsden, AL","23460",2015,365,221,137,4,3,0,0,170,64,46,0,0,119,0,246,0
"Gaffney, SC","23500",2015,318,276,42,0,0,0,0,87,58,37,0,0,318,0,0,0
"Gainesville, FL","23540",2015,365,331,34,0,0,0,0,74,50,34,0,0,209,0,156,0
"Gainesville, GA","23580",2015,264,149,115,0,0,0,0,94,65,48,0,0,0,0,264,0
"Gardnerville Ranchos, NV","23820",2015,314,244,63,5,2,0,0,171,65,30,0,0,0,0,314,0
"Georgetown, SC","23860",2015,274,272,2,0,0,0,0,55,31,15,0,0,0,0,0,274
"Gettysburg, PA","23900",2015,365,243,121,1,0,0,0,101,67,44,0,0,224,0,141,0
"Gillette, WY","23940",2015,365,252,110,2,1,0,0,198,66,44,0,8,191,0,29,137
"Glenwood Springs, CO","24060",2015,365,264,91,10,0,0,0,133,67,45,0,0,358,0,2,5
"Goldsboro, NC","24140",2015,197,126,71,0,0,0,0,86,65,43,0,0,0,0,197,0
"Grand Island, NE","24260",2015,115,109,6,0,0,0,0,81,42,24,0,0,0,0,115,0
"Grand Junction, CO","24300",2015,365,253,109,3,0,0,0,105,67,45,0,0,291,0,74,0
"Grand Rapids-Wyoming, MI","24340",2015,365,258,104,2,1,0,0,153,67,40,0,0,202,6,157,0
"Grants Pass, OR","24420",2015,365,277,82,4,2,0,0,166,65,28,0,0,0,0,365,0
"Great Falls, MT","24500",2015,347,306,32,3,6,0,0,165,54,26,0,0,0,0,347,0
"Greeley, CO","24540",2015,365,232,124,9,0,0,0,133,80,47,0,0,334,0,28,3
"Green Bay, WI","24580",2015,365,279,83,3,0,0,0,122,69,40,0,0,168,34,163,0
"Greenfield Town, MA","24640",2015,365,288,77,0,0,0,0,100,59,37,0,0,192,0,173,0
"Greensboro-High Point, NC","24660",2015,364,277,86,1,0,0,0,112,61,42,0,0,186,0,178,0
"Greenville, NC","24780",2015,258,225,33,0,0,0,0,80,54,39,0,0,195,0,63,0
"Greenville-Anderson-Mauldin, SC","24860",2015,365,238,125,2,0,0,0,112,67,44,0,24,218,0,123,0
"Greenwood, SC","24940",2015,266,261,5,0,0,0,0,71,44,32,0,0,266,0,0,0
"Grenada, MS","24980",2015,116,110,6,0,0,0,0,65,44,26,0,0,0,0,116,0
"Guayama, PR","25020",2015,110,102,8,0,0,0,0,68,48,20,0,0,0,0,63,47
"Gulfport-Biloxi-Pascagoula, MS","25060",2015,365,273,90,2,0,0,0,115,60,40,0,9,154,3,199,0
"Hagerstown-Martinsburg, MD-WV","25180",2015,349,218,130,1,0,0,0,101,70,46,0,0,132,0,217,0
"Hailey, ID","25200",2015,202,197,3,2,0,0,0,138,25,10,0,0,0,0,202,0
"Hammond, LA","25220",2015,114,102,12,0,0,0,0,98,51,29,0,0,0,0,114,0
"Hanford-Corcoran, CA","25260",2015,365,90,205,60,10,0,0,174,119,71,0,0,197,0,131,37
"Harrisburg-Carlisle, PA","25420",2015,365,160,197,8,0,0,0,124,78,52,0,0,91,0,274,0
"Harrison, AR","25460",2015,365,341,24,0,0,0,0,90,47,35,0,0,340,0,25,0
"Harrisonburg, VA","25500",2015,365,326,39,0,0,0,0,90,51,36,0,111,193,4,57,0
"Hartford-West Hartford-East Hartford, CT","25540",2015,365,218,131,16,0,0,0,147,76,45,0,32,147,0,184,2
"Hattiesburg, MS","25620",2015,354,272,82,0,0,0,0,75,54,38,0,0,0,0,354,0
"Helena, MT","25740",2015,365,290,62,8,5,0,0,171,67,41,0,0,241,0,124,0
"Hermiston-Pendleton, OR","25840",2015,365,288,68,6,3,0,0,158,59,38,0,0,132,0,233,0
"Hickory-Lenoir-Morganton, NC","25860",2015,362,242,120,0,0,0,0,97,63,45,0,0,156,0,206,0
"Hilo, HI","25900",2015,365,2,59,153,148,3,0,222,200,136,0,0,0,351,14,0
"Hobbs, NM","26020",2015,361,287,73,0,1,0,0,157,64,40,0,6,335,0,20,0
"Holland, MI","26090",2015,243,183,56,4,0,0,0,147,68,41,0,0,174,0,69,0
"Homosassa Springs, FL","26140",2015,365,326,27,12,0,0,0,141,52,16,0,0,0,253,112,0
"Hot Springs, AR","26300",2015,120,97,23,0,0,0,0,72,55,34,0,0,0,0,120,0
"Houghton, MI","26340",2015,118,117,1,0,0,0,0,58,29,13,0,0,0,0,118,0
"Houma-Thibodaux, LA","26380",2015,365,319,46,0,0,0,0,97,52,35,0,0,238,0,127,0
"Houston-The Woodlands-Sugar Land, TX","26420",2015,365,144,176,30,14,1,0,203,105,54,0,16,154,3,178,14
"Huntington, IN","26540",2015,178,175,3,0,0,0,0,71,40,31,0,0,178,0,0,0
"Huntington-Ashland, WV-KY-OH","26580",2015,365,238,123,4,0,0,0,112,70,45,0,2,127,3,232,1
"Huntsville, AL","26620",2015,333,288,45,0,0,0,0,87,54,38,0,0,215,0,63,55
"Idaho Falls, ID","26820",2015,362,321,40,0,1,0,0,157,51,40,0,0,338,0,24,0
"Indiana, PA","26860",2015,365,279,79,7,0,0,0,120,70,41,0,0,315,50,0,0
"Indianapolis-Carmel-Anderson, IN","26900",2015,365,163,197,4,1,0,0,157,75,53,0,5,122,31,204,3
"Iowa City, IA","26980",2015,365,280,84,1,0,0,0,139,59,36,0,0,0,0,361,4
"Ithaca, NY","27060",2015,351,332,19,0,0,0,0,93,48,35,0,0,351,0,0,0
"Jackson, MS","27140",2015,365,217,148,0,0,0,0,100,66,45,0,2,110,0,253,0
"Jackson, TN","27180",2015,110,95,15,0,0,0,0,62,52,32,0,0,0,0,110,0
"Jackson, WY-ID","27220",2015,365,325,39,1,0,0,0,107,51,42,0,0,353,0,9,3
"Jacksonville, FL","27260",2015,365,288,76,1,0,0,0,104,59,40,0,4,171,18,170,2
"Jamestown, ND","27420",2015,365,350,15,0,0,0,0,85,35,13,0,0,0,14,0,351
"Jamestown-Dunkirk-Fredonia, NY","27460",2015,364,304,55,5,0,0,0,126,58,38,0,0,334,2,28,0
"Janesville-Beloit, WI","27500",2015,192,165,27,0,0,0,0,100,58,41,0,0,192,0,0,0
"Jasper, IN","27540",2015,360,317,40,3,0,0,0,132,54,6,0,0,0,250,108,2
"Jefferson City, MO","27620",2015,214,186,28,0,0,0,0,97,51,41,0,0,214,0,0,0
"Johnstown, PA","27780",2015,365,213,152,0,0,0,0,97,68,47,0,7,112,10,235,1
"Joplin, MO","27900",2015,365,307,58,0,0,0,0,98,56,35,0,0,176,0,0,189
"Juneau, AK","27940",2015,351,296,55,0,0,0,0,91,56,21,0,0,0,0,349,2
"Kahului-Wailuku-Lahaina, HI","27980",2015,365,344,21,0,0,0,0,75,43,25,0,0,0,0,365,0
"Kalamazoo-Portage, MI","28020",2015,359,264,94,1,0,0,0,101,62,41,0,0,123,0,236,0
"Kalispell, MT","28060",2015,365,265,88,3,9,0,0,180,72,42,0,0,171,0,144,50
"Kansas City, MO-KS","28140",2015,365,138,186,41,0,0,0,134,103,56,0,6,105,72,160,22
"Kapaa, HI","28180",2015,362,360,2,0,0,0,0,66,31,14,0,116,0,17,229,0
"Keene, NH","28300",2015,365,283,81,0,1,0,0,154,60,38,0,0,206,0,159,0
"Kennewick-Richland, WA","28420",2015,362,290,62,8,1,0,1,485,62,31,0,0,79,0,242,41
"Killeen-Temple, TX","28660",2015,365,309,51,5,0,0,0,133,61,36,0,0,365,0,0,0
"Kingsport-Bristol-Bristol, TN-VA","28700",2015,365,224,117,24,0,0,0,138,89,46,2,36,153,146,28,0
"Kingsville, TX","28780",2015,354,284,70,0,0,0,0,95,60,33,0,0,0,0,354,0
"Kinston, NC","28820",2015,209,185,24,0,0,0,0,80,51,41,0,0,209,0,0,0
"Klamath Falls, OR","28900",2015,365,254,98,11,2,0,0,189,74,32,0,0,0,0,365,0
"Knoxville, TN","28940",2015,365,205,158,2,0,0,0,105,70,48,0,0,193,0,127,45
"Kokomo, IN","29020",2015,346,160,185,1,0,0,0,101,67,52,0,0,0,0,346,0
"La Crosse-Onalaska, WI-MN","29100",2015,361,314,47,0,0,0,0,98,53,37,0,0,205,0,156,0
"La Grande, OR","29260",2015,362,293,58,6,5,0,0,181,66,29,0,0,0,0,362,0
"Laconia, NH","29060",2015,213,207,6,0,0,0,0,90,45,32,0,0,178,0,35,0
"Lafayette, LA","29180",2015,365,248,117,0,0,0,0,97,63,44,0,0,170,0,195,0
"Lafayette-West Lafayette, IN","29200",2015,360,254,106,0,0,0,0,99,64,43,0,0,134,0,226,0
"Lake Charles, LA","29340",2015,365,230,131,3,1,0,0,156,69,45,0,1,152,9,203,0
"Lake City, FL","29380",2015,321,288,33,0,0,0,0,77,51,35,0,0,222,0,99,0
"Lake Havasu City-Kingman, AZ","29420",2015,364,354,10,0,0,0,0,58,32,17,0,0,0,0,41,323
"Lakeland-Winter Haven, FL","29460",2015,365,314,50,1,0,0,0,105,53,37,0,0,210,1,154,0
"Lancaster, PA","29540",2015,365,185,170,10,0,0,0,140,84,50,0,4,163,0,198,0
"Lansing-East Lansing, MI","29620",2015,364,280,82,2,0,0,0,107,59,40,0,4,201,0,159,0
"Laramie, WY","29660",2015,365,279,86,0,0,0,0,93,60,45,0,0,314,0,7,44
"Laredo, TX","29700",2015,365,255,110,0,0,0,0,94,63,39,1,0,116,0,246,2
"Las Cruces, NM","29740",2015,365,174,179,11,1,0,0,157,82,51,0,3,223,0,81,58
"Las Vegas-Henderson-Paradise, NV","29820",2015,365,140,202,22,1,0,0,151,93,58,0,14,250,0,97,4
"Lawrenceburg, TN","29980",2015,110,103,7,0,0,0,0,70,47,30,0,0,0,0,110,0
"Lawton, OK","30020",2015,365,295,70,0,0,0,0,97,61,40,0,0,272,0,93,0
"Lebanon, PA","30140",2015,365,224,129,12,0,0,0,133,82,46,0,0,212,0,153,0
"Lewiston, ID-WA","30300",2015,348,276,58,7,5,1,1,302,60,26,0,0,0,0,348,0
"Lewiston-Auburn, ME","30340",2015,358,294,64,0,0,0,0,97,56,36,0,0,108,0,248,2
"Lexington, NE","30420",2015,59,57,2,0,0,0,0,62,39,18,0,0,0,0,0,59
"Lexington-Fayette, KY","30460",2015,365,285,75,5,0,0,0,139,61,39,0,28,198,1,137,1
"Lima, OH","30620",2015,365,314,50,1,0,0,0,105,54,34,0,0,192,2,171,0
"Lincoln, NE","30700",2015,261,234,27,0,0,0,0,80,51,37,0,0,193,0,68,0
"Little Rock-North Little Rock-Conway, AR","30780",2015,365,233,132,0,0,0,0,100,66,44,0,6,147,0,212,0
"Logan, UT-ID","30860",2015,365,288,71,5,1,0,0,165,67,40,0,16,211,0,136,2
"Longview, TX","30980",2015,365,322,41,2,0,0,0,143,54,33,0,3,355,7,0,0
"Longview, WA","31020",2015,362,341,20,1,0,0,0,109,44,20,0,0,0,0,362,0
"Los Alamos, NM","31060",2015,114,114,0,0,0,0,0,33,19,10,0,0,0,0,114,0
"Los Angeles-Long Beach-Anaheim, CA","31080",2015,365,23,208,96,37,1,0,203,151,80,0,25,187,0,151,2
"Louisville/Jefferson County, KY-IN","31140",2015,365,166,185,10,4,0,0,174,78,52,0,10,115,14,226,0
"Ludington, MI","31220",2015,183,159,23,1,0,0,0,105,54,39,0,0,183,0,0,0
"Lynchburg, VA","31340",2015,116,105,11,0,0,0,0,62,50,30,0,0,0,0,116,0
"Macon, GA","31420",2015,365,269,96,0,0,0,0,87,60,41,0,0,124,0,241,0
"Madera, CA","31460",2015,365,109,209,43,4,0,0,154,105,63,0,0,223,0,127,15
"Madison, WI","31540",2015,365,283,81,1,0,0,0,106,61,41,0,0,179,9,177,0
"Malone, NY","31660",2015,359,342,13,4,0,0,0,119,45,27,0,61,200,98,0,0
"Manchester-Nashua, NH","31700",2015,365,323,40,2,0,0,0,129,54,38,0,0,310,0,55,0
"Manitowoc, WI","31820",2015,191,159,27,5,0,0,0,133,67,38,0,0,191,0,0,0
"Marietta, OH","31930",2015,214,181,32,1,0,0,0,115,61,40,0,0,214,0,0,0
"Marion, NC","32000",2015,337,293,44,0,0,0,0,88,52,31,0,0,0,0,337,0
"Marshall, MN","32140",2015,365,338,26,1,0,0,0,119,48,30,0,0,128,0,237,0
"Marshall, TX","32220",2015,365,302,63,0,0,0,0,96,55,37,0,0,228,0,137,0
"Mason City, IA","32380",2015,357,352,5,0,0,0,0,58,33,16,0,0,0,0,0,357
"McAlester, OK","32540",2015,365,313,52,0,0,0,0,100,53,38,0,0,254,0,111,0
"McAllen-Edinburg-Mission, TX","32580",2015,365,246,118,1,0,0,0,107,64,39,0,0,115,0,250,0
"Medford, OR","32780",2015,365,234,102,18,10,1,0,284,90,43,0,0,118,0,247,0
"Memphis, TN-MS-AR","32820",2015,365,244,116,5,0,0,0,129,67,44,0,13,186,0,166,0
"Merced, CA","32900",2015,365,142,178,41,4,0,0,159,105,58,0,0,217,0,147,1
"Meridian, MS","32940",2015,241,236,5,0,0,0,0,77,44,32,0,0,241,0,0,0
"Miami, OK","33060",2015,364,276,88,0,0,0,0,88,57,40,0,0,116,0,245,3
"Miami-Fort Lauderdale-West Palm Beach, FL","33100",2015,365,258,106,1,0,0,0,101,64,43,0,3,105,0,209,48
"Michigan City-La Porte, IN","33140",2015,243,190,50,3,0,0,0,126,63,40,0,0,163,0,80,0
"Middlesborough, KY","33180",2015,261,237,24,0,0,0,0,77,49,38,0,0,231,0,30,0
"Milwaukee-Waukesha-West Allis, WI","33340",2015,365,251,109,5,0,0,0,122,66,43,0,12,189,0,163,1
"Minneapolis-St. Paul-Bloomington, MN-WI","33460",2015,365,193,166,6,0,0,0,137,69,49,0,6,99,0,157,103
"Missoula, MT","33540",2015,365,185,157,14,9,0,0,191,91,49,0,0,81,0,282,2
"Mobile, AL","33660",2015,363,274,88,1,0,0,0,105,58,40,0,0,140,0,223,0
"Modesto, CA","33700",2015,365,127,190,43,5,0,0,187,112,59,0,0,202,0,154,9
"Monroe, LA","33740",2015,335,306,29,0,0,0,0,74,49,32,0,0,276,0,59,0
"Monroe, MI","33780",2015,327,301,25,1,0,0,0,101,45,7,0,0,0,210,117,0
"Montgomery, AL","33860",2015,360,227,131,2,0,0,0,115,61,45,0,0,117,0,243,0
"Morehead City, NC","33980",2015,318,300,18,0,0,0,0,71,46,37,0,0,318,0,0,0
"Morgantown, WV","34060",2015,361,307,52,2,0,0,0,133,58,32,0,0,188,107,66,0
"Morristown, TN","34100",2015,245,183,61,1,0,0,0,101,71,44,0,0,245,0,0,0
"Moscow, ID","34140",2015,265,240,17,2,5,1,0,206,48,11,0,0,0,0,265,0
"Moses Lake, WA","34180",2015,360,321,35,3,1,0,0,152,52,23,0,0,0,0,360,0
"Mount Vernon, IL","34500",2015,261,219,41,1,0,0,0,105,57,38,0,0,196,0,65,0
"Mount Vernon, OH","34540",2015,210,178,28,4,0,0,0,119,61,40,0,0,210,0,0,0
"Mount Vernon-Anacortes, WA","34580",2015,365,335,29,1,0,0,0,116,47,35,0,1,212,0,152,0
"Muncie, IN","34620",2015,236,203,32,1,0,0,0,105,54,36,0,0,155,0,81,0
"Muscatine, IA","34700",2015,365,228,121,15,1,0,0,151,77,42,0,0,0,74,286,5
"Muskegon, MI","34740",2015,176,139,31,5,1,0,0,159,71,42,0,0,176,0,0,0
"Muskogee, OK","34780",2015,362,350,12,0,0,0,0,87,36,17,0,0,0,80,0,282
"Napa, CA","34900",2015,365,237,127,1,0,0,0,108,69,44,1,1,145,0,216,2
"Naples-Immokalee-Marco Island, FL","34940",2015,363,320,43,0,0,0,0,74,54,33,0,0,202,0,161,0
"Nashville-Davidson--Murfreesboro--Franklin, TN","34980",2015,365,223,141,1,0,0,0,112,67,46,0,37,118,0,210,0
"New Castle, IN","35220",2015,121,98,23,0,0,0,0,72,56,28,0,0,0,0,121,0
"New Castle, PA","35260",2015,365,332,32,1,0,0,0,101,49,33,0,0,328,6,0,31
"New Haven-Milford, CT","35300",2015,365,220,129,13,3,0,0,169,74,45,0,12,184,0,169,0
"New Orleans-Metairie, LA","35380",2015,365,187,170,8,0,0,0,121,77,50,0,8,126,33,198,0
"New York-Newark-Jersey City, NY-NJ-PA","35620",2015,365,134,193,35,3,0,0,166,101,57,0,62,144,0,159,0
"Niles-Benton Harbor, MI","35660",2015,243,178,61,4,0,0,0,126,67,42,0,0,171,0,72,0
"Nogales, AZ","35700",2015,365,294,68,3,0,0,0,135,60,30,0,0,0,0,264,101
"North Port-Sarasota-Bradenton, FL","35840",2015,365,298,66,1,0,0,0,105,60,40,0,0,229,0,136,0
"Norwich-New London, CT","35980",2015,359,297,50,11,1,0,0,151,59,36,0,0,167,0,192,0
"Ocala, FL","36100",2015,365,321,44,0,0,0,0,67,52,35,0,0,240,0,125,0
"Odessa, TX","36220",2015,365,326,39,0,0,0,0,73,51,30,0,0,0,0,365,0
"Ogden-Clearfield, UT","36260",2015,365,222,124,18,1,0,0,189,87,47,0,13,268,0,78,6
"Oklahoma City, OK","36420",2015,365,253,110,2,0,0,0,115,71,44,0,34,225,0,100,6
"Olympia-Tumwater, WA","36500",2015,357,312,45,0,0,0,0,99,52,31,0,0,145,0,212,0
"Omaha-Council Bluffs, NE-IA","36540",2015,365,213,147,5,0,0,0,122,70,47,0,0,124,17,169,55
"Orlando-Kissimmee-Sanford, FL","36740",2015,365,305,59,1,0,0,0,101,57,40,0,0,241,0,122,2
"Othello, WA","36830",2015,356,325,26,2,3,0,0,161,48,20,0,0,0,0,356,0
"Ottawa-Peru, IL","36860",2015,365,365,0,0,0,0,0,31,4,1,0,0,0,365,0,0
"Owensboro, KY","36980",2015,365,239,119,7,0,0,0,115,70,44,0,5,111,8,241,0
"Oxford, NC","37080",2015,215,168,47,0,0,0,0,87,64,44,0,0,215,0,0,0
"Oxnard-Thousand Oaks-Ventura, CA","37100",2015,365,183,169,13,0,0,0,126,84,50,0,4,226,0,131,4
"Paducah, KY-IL","37140",2015,365,249,113,3,0,0,0,115,65,41,0,39,122,2,200,2
"Pahrump, NV","37220",2015,365,357,7,0,1,0,0,165,30,16,0,0,0,0,0,365
"Palatka, FL","37260",2015,349,349,0,0,0,0,0,49,22,13,0,0,0,42,0,307
"Palm Bay-Melbourne-Titusville, FL","37340",2015,365,333,32,0,0,0,0,90,49,37,0,0,306,0,58,1
"Panama City, FL","37460",2015,365,319,46,0,0,0,0,84,52,37,0,0,211,0,154,0
"Parkersburg-Vienna, WV","37620",2015,364,301,59,4,0,0,0,129,61,35,0,0,189,109,66,0
"Payson, AZ","37740",2015,365,83,155,98,29,0,0,200,135,84,0,0,91,248,2,24
"Pensacola-Ferry Pass-Brent, FL","37860",2015,365,283,82,0,0,0,0,100,60,41,0,0,195,0,170,0
"Peoria, IL","37900",2015,365,238,112,15,0,0,0,134,71,44,0,0,175,43,147,0
"Philadelphia-Camden-Wilmington, PA-NJ-DE-MD","37980",2015,365,122,213,28,2,0,0,187,97,57,0,10,141,1,206,7
"Phoenix-Mesa-Scottsdale, AZ","38060",2015,365,51,244,57,3,0,10,881,112,71,0,11,150,0,72,132
"Pierre, SD","38180",2015,361,339,20,1,1,0,0,152,32,15,0,0,0,0,361,0
"Pittsburgh, PA","38300",2015,365,122,211,30,2,0,0,175,97,59,0,0,107,26,232,0
"Pittsfield, MA","38340",2015,360,294,66,0,0,0,0,94,56,34,0,0,0,0,360,0
"Platteville, WI","38420",2015,361,311,49,1,0,0,0,107,54,29,0,0,0,0,361,0
"Pocatello, ID","38540",2015,365,320,38,5,2,0,0,156,53,30,0,0,0,104,220,41
"Ponca City, OK","38620",2015,365,253,111,1,0,0,0,107,58,43,0,0,114,5,246,0
"Ponce, PR","38660",2015,365,333,32,0,0,0,0,69,46,23,26,0,0,0,51,288
"Port Angeles, WA","38820",2015,363,317,46,0,0,0,0,77,53,38,0,0,242,0,121,0
"Port St. Lucie, FL","38940",2015,365,328,37,0,0,0,0,84,51,36,0,0,255,0,110,0
"Portland-South Portland, ME","38860",2015,365,284,78,3,0,0,0,136,61,40,0,21,221,2,119,2
"Portland-Vancouver-Hillsboro, OR-WA","38900",2015,365,249,109,4,3,0,0,172,70,41,0,10,183,0,171,1
"Portsmouth, OH","39020",2015,365,342,23,0,0,0,0,92,44,17,0,0,0,47,109,209
"Prescott, AZ","39140",2015,300,235,65,0,0,0,0,100,64,41,0,0,275,0,25,0
"Price, UT","39220",2015,293,200,91,2,0,0,0,112,64,46,0,0,293,0,0,0
"Prineville, OR","39260",2015,362,291,63,6,2,0,0,165,64,24,0,0,0,0,362,0
"Providence-Warwick, RI-MA","39300",2015,365,227,127,9,2,0,0,170,73,45,0,46,163,0,156,0
"Provo-Orem, UT","39340",2015,365,227,125,13,0,0,0,120,84,46,0,58,243,0,60,4
"Pueblo, CO","39380",2015,129,123,6,0,0,0,0,94,34,19,0,0,0,0,89,40
"Pullman, WA","39420",2015,362,327,27,7,1,0,0,176,49,20,0,0,0,0,362,0
"Quincy, IL-MO","39500",2015,214,193,21,0,0,0,0,93,50,40,0,0,214,0,0,0
"Racine, WI","39540",2015,185,154,30,1,0,0,0,105,67,39,0,0,185,0,0,0
"Raleigh, NC","39580",2015,365,228,134,3,0,0,0,105,67,46,0,2,184,0,179,0
"Rapid City, SD","39660",2015,365,241,120,4,0,0,0,133,64,44,0,1,171,0,114,79
"Reading, PA","39740",2015,365,206,153,6,0,0,0,119,80,47,0,1,186,0,178,0
"Red Bluff, CA","39780",2015,365,231,115,18,1,0,0,153,87,45,0,0,311,0,52,2
"Red Wing, MN","39860",2015,214,202,12,0,0,0,0,87,48,37,0,0,214,0,0,0
"Redding, CA","39820",2015,365,256,96,12,1,0,0,156,84,44,0,0,354,0,11,0
"Reno, NV","39900",2015,365,206,147,12,0,0,0,115,77,49,0,9,260,0,81,15
"Richmond, IN","39980",2015,363,361,2,0,0,0,0,85,11,6,0,0,0,363,0,0
"Richmond, VA","40060",2015,365,233,129,3,0,0,0,119,67,45,0,14,171,4,176,0
"Richmond-Berea, KY","40080",2015,112,99,13,0,0,0,0,71,52,30,0,0,0,0,112,0
"Riverside-San Bernardino-Ontario, CA","40140",2015,365,17,178,119,44,7,0,238,159,97,0,15,189,0,108,53
"Riverton, WY","40180",2015,365,288,77,0,0,0,0,97,58,45,0,0,337,0,28,0
"Roanoke, VA","40220",2015,365,291,74,0,0,0,0,91,56,39,0,14,159,0,192,0
"Rochester, MN","40340",2015,365,315,49,1,0,0,0,116,54,36,0,0,180,0,185,0
"Rochester, NY","40380",2015,365,293,72,0,0,0,0,93,59,38,0,13,201,1,150,0
"Rock Springs, WY","40540",2015,365,256,105,4,0,0,0,119,71,44,0,3,330,3,4,25
"Rockford, IL","40420",2015,362,311,50,1,0,0,0,108,54,35,0,0,315,0,47,0
"Rockland, ME","40500",2015,178,164,13,1,0,0,0,119,50,36,0,0,178,0,0,0
"Rocky Mount, NC","40580",2015,347,304,43,0,0,0,0,77,52,36,0,0,165,0,182,0
"Rome, GA","40660",2015,365,260,105,0,0,0,0,96,59,38,0,0,0,36,329,0
"Roseburg, OR","40700",2015,365,329,35,1,0,0,0,141,50,19,0,0,0,0,365,0
"Roswell, NM","40740",2015,114,111,3,0,0,0,0,69,36,17,0,0,0,0,114,0
"Ruidoso, NM","40760",2015,114,112,2,0,0,0,0,52,23,11,0,0,0,0,114,0
"Rutland, VT","40860",2015,365,277,85,3,0,0,0,121,65,30,0,55,0,0,310,0
"Sacramento--Roseville--Arden-Arcade, CA","40900",2015,365,105,214,40,6,0,0,187,103,63,0,0,224,0,141,0
"Salem, OH","41400",2015,364,364,0,0,0,0,0,50,18,3,0,0,0,306,0,58
"Salem, OR","41420",2015,365,307,55,1,2,0,0,170,59,33,0,0,143,0,222,0
"Salinas, CA","41500",2015,365,331,33,1,0,0,0,120,50,37,0,2,258,0,80,25
"Salisbury, MD-DE","41540",2015,365,268,94,3,0,0,0,115,64,42,0,0,283,0,82,0
"Salt Lake City, UT","41620",2015,365,177,161,25,2,0,0,153,91,51,0,44,252,0,62,7
"San Antonio-New Braunfels, TX","41700",2015,365,217,134,11,3,0,0,156,77,46,0,14,173,0,178,0
"San Diego-Carlsbad, CA","41740",2015,365,91,233,40,1,0,0,155,102,61,0,8,208,0,147,2
"San Francisco-Oakland-Hayward, CA","41860",2015,365,198,153,14,0,0,0,147,80,48,0,21,163,0,181,0
"San Jose-Sunnyvale-Santa Clara, CA","41940",2015,365,231,127,7,0,0,0,147,77,46,0,7,222,0,135,1
"San Juan-Carolina-Caguas, PR","41980",2015,365,302,60,2,1,0,0,196,58,31,30,21,102,5,51,156
"San Luis Obispo-Paso Robles-Arroyo Grande, CA","42020",2015,365,163,197,5,0,0,0,126,80,53,0,0,191,0,148,26
"Sandpoint, ID","41760",2015,365,316,37,9,3,0,0,159,58,21,0,0,0,0,238,127
"Sanford, NC","41820",2015,364,248,116,0,0,0,0,93,60,44,0,0,176,0,188,0
"Santa Cruz-Watsonville, CA","42100",2015,365,320,45,0,0,0,0,94,54,35,0,0,254,0,111,0
"Santa Fe, NM","42140",2015,365,311,54,0,0,0,0,80,58,42,0,0,362,0,3,0
"Santa Maria-Santa Barbara, CA","42200",2015,365,249,115,1,0,0,0,101,67,45,0,3,251,0,106,5
"Santa Rosa, CA","42220",2015,365,321,44,0,0,0,0,88,53,35,0,1,267,0,94,3
"Sault Ste. Marie, MI","42300",2015,358,301,57,0,0,0,0,84,53,36,0,0,109,0,249,0
"Savannah, GA","42340",2015,365,299,65,0,1,0,0,180,57,38,0,0,107,44,214,0
"Sayre, PA","42380",2015,365,352,13,0,0,0,0,77,44,32,0,2,363,0,0,0
"Scottsbluff, NE","42420",2015,98,90,8,0,0,0,0,79,42,21,0,0,0,0,98,0
"Scranton--Wilkes-Barre--Hazleton, PA","42540",2015,365,239,123,3,0,0,0,108,71,44,0,7,188,0,170,0
"Seattle-Tacoma-Bellevue, WA","42660",2015,365,189,158,15,3,0,0,162,77,49,0,51,129,0,185,0
"Sebastian-Vero Beach, FL","42680",2015,333,320,13,0,0,0,0,84,45,34,0,0,333,0,0,0
"Sebring, FL","42700",2015,356,345,11,0,0,0,0,80,44,31,0,0,356,0,0,0
"Seneca, SC","42860",2015,363,340,23,0,0,0,0,74,48,37,0,0,340,5,18,0
"Sevierville, TN","42940",2015,364,302,61,1,0,0,0,112,58,43,0,0,364,0,0,0
"Seymour, IN","42980",2015,167,141,25,1,0,0,0,101,58,41,0,0,167,0,0,0
"Sheboygan, WI","43100",2015,198,154,33,10,1,0,0,159,80,40,0,0,198,0,0,0
"Shelton, WA","43220",2015,362,343,18,1,0,0,0,102,43,22,0,0,0,0,362,0
"Sheridan, WY","43260",2015,365,326,37,2,0,0,0,146,51,38,0,0,264,0,46,55
"Show Low, AZ","43320",2015,365,317,48,0,0,0,0,100,54,39,0,0,320,0,9,36
"Shreveport-Bossier City, LA","43340",2015,365,252,112,1,0,0,0,140,64,43,0,0,192,1,172,0
"Sierra Vista-Douglas, AZ","43420",2015,365,282,83,0,0,0,0,90,64,44,0,0,332,0,10,23
"Silver City, NM","43500",2015,114,114,0,0,0,0,0,0,0,0,0,0,0,114,0,0
"Sioux City, IA-NE-SD","43580",2015,365,292,71,2,0,0,0,108,58,39,0,0,205,0,142,18
"Sioux Falls, SD","43620",2015,365,286,76,3,0,0,0,124,61,38,0,11,122,0,202,30
"Somerset, KY","43700",2015,263,230,33,0,0,0,0,80,53,37,0,0,196,0,67,0
"Somerset, PA","43740",2015,287,272,15,0,0,0,0,77,48,34,0,0,287,0,0,0
"Sonora, CA","43760",2015,364,264,89,11,0,0,0,126,77,43,0,0,364,0,0,0
"South Bend-Mishawaka, IN-MI","43780",2015,362,221,138,3,0,0,0,134,71,46,0,32,119,0,211,0
"Spartanburg, SC","43900",2015,364,252,112,0,0,0,0,97,64,42,0,0,137,0,227,0
"Spokane-Spokane Valley, WA","44060",2015,363,218,127,14,4,0,0,167,75,46,0,0,126,0,200,37
"Springfield, IL","44100",2015,365,327,38,0,0,0,0,85,51,34,0,0,304,17,44,0
"Springfield, MA","44140",2015,365,275,84,6,0,0,0,147,64,40,0,14,234,0,117,0
"Springfield, MO","44180",2015,365,302,63,0,0,0,0,80,56,38,0,0,153,8,193,11
"Springfield, OH","44220",2015,365,238,120,7,0,0,0,133,68,44,0,0,137,0,228,0
"St. Cloud, MN","41060",2015,355,327,27,0,1,0,0,151,47,33,0,0,186,0,169,0
"St. George, UT","41100",2015,365,282,80,3,0,0,0,108,67,43,0,0,359,0,6,0
"St. Joseph, MO-KS","41140",2015,364,252,112,0,0,0,0,99,62,42,0,0,120,0,235,9
"St. Louis, MO-IL","41180",2015,365,131,218,14,2,0,0,154,82,55,0,9,107,3,235,11
"St. Marys, PA","41260",2015,347,324,22,1,0,0,0,101,48,36,0,0,347,0,0,0
"State College, PA","44300",2015,365,258,105,2,0,0,0,108,65,42,0,3,226,0,136,0
"Steamboat Springs, CO","44460",2015,364,357,7,0,0,0,0,58,32,13,0,0,0,0,0,364
"Stockton-Lodi, CA","44700",2015,365,138,191,32,4,0,0,164,100,56,0,1,170,0,188,6
"Summerville, GA","44900",2015,191,173,18,0,0,0,0,97,49,36,0,0,191,0,0,0
"Syracuse, NY","45060",2015,365,309,55,1,0,0,0,115,55,35,0,0,280,0,85,0
"Tahlequah, OK","45140",2015,278,256,22,0,0,0,0,93,48,37,0,0,278,0,0,0
"Talladega-Sylacauga, AL","45180",2015,107,76,31,0,0,0,0,81,57,40,0,0,0,0,107,0
"Tallahassee, FL","45220",2015,365,267,98,0,0,0,0,97,60,41,0,0,131,0,234,0
"Tampa-St. Petersburg-Clearwater, FL","45300",2015,365,236,124,5,0,0,0,119,73,44,0,4,180,15,165,1
"Taos, NM","45340",2015,363,361,2,0,0,0,0,63,25,13,0,0,0,0,363,0
"Terre Haute, IN","45460",2015,365,180,162,21,2,0,0,176,84,51,0,0,79,81,205,0
"Texarkana, TX-AR","45500",2015,118,86,32,0,0,0,0,79,58,38,0,0,0,0,118,0
"The Dalles, OR","45520",2015,358,326,30,0,2,0,0,156,48,20,0,0,0,0,358,0
"Toledo, OH","45780",2015,365,268,96,1,0,0,0,113,64,41,0,0,148,1,216,0
"Topeka, KS","45820",2015,365,322,42,1,0,0,0,108,52,36,0,0,322,0,30,13
"Torrington, CT","45860",2015,365,305,53,7,0,0,0,147,61,39,0,3,292,0,69,1
"Traverse City, MI","45900",2015,183,160,21,2,0,0,0,108,58,39,0,0,183,0,0,0
"Trenton, NJ","45940",2015,365,246,109,10,0,0,0,147,77,42,0,0,255,0,110,0
"Truckee-Grass Valley, CA","46020",2015,364,217,116,29,2,0,0,166,93,47,0,0,356,0,8,0
"Tucson, AZ","46060",2015,365,246,118,1,0,0,0,101,71,45,0,2,279,0,17,67
"Tulsa, OK","46140",2015,365,250,113,2,0,0,0,147,65,45,0,3,203,0,158,1
"Tupelo, MS","46180",2015,235,228,7,0,0,0,0,74,47,35,0,0,235,0,0,0
"Tuscaloosa, AL","46220",2015,357,193,164,0,0,0,0,89,63,49,0,0,50,0,307,0
"Twin Falls, ID","46300",2015,275,259,13,3,0,0,0,141,43,24,0,0,0,0,275,0
"Tyler, TX","46340",2015,365,319,45,1,0,0,0,108,54,33,0,1,364,0,0,0
"Ukiah, CA","46380",2015,365,302,59,2,2,0,0,160,55,38,0,0,136,0,229,0
"Urban Honolulu, HI","46520",2015,365,331,34,0,0,0,0,62,49,34,0,1,161,2,185,16
"Utica-Rome, NY","46540",2015,365,309,56,0,0,0,0,84,55,36,0,0,246,1,118,0
"Valdosta, GA","46660",2015,357,276,81,0,0,0,0,87,58,38,0,0,0,0,357,0
"Vallejo-Fairfield, CA","46700",2015,365,246,115,4,0,0,0,118,74,44,0,6,201,0,157,1
"Vernal, UT","46860",2015,365,249,114,2,0,0,0,122,67,46,0,0,349,0,16,0
"Victoria, TX","47020",2015,357,323,33,1,0,0,0,105,50,32,0,0,357,0,0,0
"Vincennes, IN","47180",2015,349,314,35,0,0,0,0,93,51,34,0,0,349,0,0,0
"Vineland-Bridgeton, NJ","47220",2015,362,317,43,2,0,0,0,108,54,33,0,0,362,0,0,0
"Vineyard Haven, MA","47240",2015,260,242,16,2,0,0,0,112,47,31,0,0,203,0,57,0
"Virginia Beach-Norfolk-Newport News, VA-NC","47260",2015,365,281,84,0,0,0,0,93,61,40,0,29,191,8,137,0
"Visalia-Porterville, CA","47300",2015,365,50,217,78,20,0,0,170,143,78,0,0,206,0,154,5
"Wabash, IN","47340",2015,358,330,26,2,0,0,0,126,49,35,0,0,358,0,0,0
"Waco, TX","47380",2015,365,282,80,3,0,0,0,115,61,38,0,1,258,0,106,0
"Walla Walla, WA","47460",2015,362,331,27,3,1,0,0,152,49,20,0,0,0,0,362,0
"Walterboro, SC","47500",2015,299,283,16,0,0,0,0,68,47,33,0,0,208,0,91,0
"Warner Robins, GA","47580",2015,363,288,75,0,0,0,0,95,55,35,0,0,0,0,363,0
"Warren, PA","47620",2015,359,283,62,14,0,0,0,128,74,23,0,0,0,359,0,0
"Washington Court House, OH","47920",2015,327,294,30,3,0,0,0,115,51,37,0,0,327,0,0,0
"Washington, IN","47780",2015,352,337,8,7,0,0,0,126,23,4,0,0,0,352,0,0
"Washington, NC","47820",2015,347,346,1,0,0,0,0,54,11,0,0,0,0,347,0,0
"Washington-Arlington-Alexandria, DC-VA-MD-WV","47900",2015,365,154,197,13,1,0,0,156,84,53,0,21,164,0,180,0
"Waterloo-Cedar Falls, IA","47940",2015,365,190,173,2,0,0,0,111,67,49,0,0,49,0,315,1
"Watertown, SD","47980",2015,356,317,38,1,0,0,0,138,51,27,0,0,0,0,264,92
"Watertown-Fort Atkinson, WI","48020",2015,198,171,27,0,0,0,0,93,58,40,0,0,198,0,0,0
"Watertown-Fort Drum, NY","48060",2015,364,345,19,0,0,0,0,90,47,32,0,0,364,0,0,0
"Wausau, WI","48140",2015,204,192,12,0,0,0,0,90,48,36,0,0,204,0,0,0
"Weatherford, OK","48220",2015,135,135,0,0,0,0,0,38,28,15,0,0,0,0,0,135
"Weirton-Steubenville, WV-OH","48260",2015,365,153,203,9,0,0,0,117,77,53,0,0,94,33,236,2
"Wenatchee, WA","48300",2015,362,289,70,3,0,0,0,148,60,25,0,0,0,0,362,0
"Wheeling, WV-OH","48540",2015,365,238,125,2,0,0,0,112,65,44,0,6,127,14,218,0
"Whitewater-Elkhorn, WI","48580",2015,199,170,28,1,0,0,0,108,58,40,0,0,199,0,0,0
"Wichita, KS","48620",2015,365,290,75,0,0,0,0,100,58,40,0,17,291,0,24,33
"Williamsport, PA","48700",2015,363,340,23,0,0,0,0,87,48,34,0,0,362,0,0,1
"Williston, ND","48780",2015,365,300,53,9,3,0,0,174,58,36,0,0,220,43,65,37
"Wilmington, NC","48900",2015,359,331,28,0,0,0,0,71,48,33,0,0,172,11,176,0
"Wilmington, OH","48940",2015,214,182,29,3,0,0,0,119,61,41,0,0,214,0,0,0
"Winchester, VA-WV","49020",2015,342,271,71,0,0,0,0,84,61,39,0,0,151,0,191,0
"Winona, MN","49100",2015,120,115,5,0,0,0,0,73,40,18,0,0,0,0,120,0
"Winston-Salem, NC","49180",2015,365,195,167,3,0,0,0,126,73,49,0,4,142,0,219,0
"Worcester, MA-CT","49340",2015,365,299,63,3,0,0,0,129,59,39,0,35,260,0,70,0
"Yakima, WA","49420",2015,363,236,107,16,4,0,0,181,85,36,0,0,0,0,356,7
"York-Hanover, PA","49620",2015,365,200,156,9,0,0,0,126,80,48,0,12,173,1,179,0
"Youngstown-Warren-Boardman, OH-PA","49660",2015,365,194,166,4,1,0,0,152,73,49,0,0,179,2,184,0
"Yuba City, CA","49700",2015,365,194,163,8,0,0,0,119,84,49,1,2,233,0,129,0
"Yuma, AZ","49740",2015,365,260,91,13,0,1,0,266,77,43,0,0,212,0,20,133
